"Overall","choose","compare","logical","query","verify"
"45.92940054062649","71.56775907883083","55.178268251273344","67.94231835829173","27.347538574577516","69.18294849023091"
