"split","Overall","Instance Attributes","Instance Identity","Instance Interaction","Instance Location","Instances Counting","Scene Understanding","Spatial Relation","Text Understanding","Visual Reasoning"
"none","0.6327290612703766","0.6554097655409765","0.651010376843255","0.711340206185567","0.5347648261758691","0.5378013894564774","0.7124762507916402","0.4855403348554033","0.6904761904761905","0.6978851963746223"
