"split","Overall","Instance Attributes","Instance Identity","Instance Interaction","Instance Location","Instances Counting","Scene Understanding","Spatial Relation","Text Understanding","Visual Reasoning"
"none","0.7094575604272063","0.7270380727038073","0.730202075368651","0.711340206185567","0.6503067484662577","0.6330200245198202","0.7647245091830273","0.6118721461187214","0.7023809523809523","0.7552870090634441"
