"Overall","choose","compare","logical","query","verify"
"56.002544124662116","80.33658104517272","62.98811544991511","74.09872434830838","39.1182953710507","78.50799289520425"
