"split","Overall","acc","precision","recall"
"Overall","80.3016745494056","82.87777777777777","94.52302136623533","69.8"
"random","81.54205607476635","84.2","98.03370786516854","69.8"
"popular","80.22988505747126","82.8","94.32432432432432","69.8"
"adversarial","79.16824196597354","81.63333333333334","91.4410480349345","69.8"
