"split","Overall","AR","CP","FP-C","FP-S","LR","RR","action_recognition","attribute_comparison","attribute_recognition","celebrity_recognition","function_reasoning","future_prediction","identity_reasoning","image_emotion","image_quality","image_scene","image_style","image_topic","nature_relation","object_localization","ocr","physical_property_reasoning","physical_relation","social_relation","spatial_relationship","structuralized_imagetext_understanding"
"dev","0.697594501718213","0.8140703517587939","0.7972972972972973","0.5804195804195804","0.6962457337883959","0.4322033898305085","0.6608695652173913","0.8148148148148148","0.5454545454545454","0.7837837837837838","0.8585858585858586","0.8607594936708861","0.4","0.9111111111111111","0.62","0.660377358490566","0.9326923076923077","0.7924528301886793","0.8611111111111112","0.5208333333333334","0.4444444444444444","0.6410256410256411","0.7066666666666667","0.5","0.9069767441860465","0.3333333333333333","0.44871794871794873"
