"split","Overall","acc","precision","recall"
"Overall","82.4773413897281","84.53333333333333","95.1219512195122","72.8"
"random","83.61408882082696","85.73333333333333","98.20143884892086","72.8"
"popular","82.50850018889308","84.56666666666666","95.2048823016565","72.8"
"adversarial","81.34078212290503","83.3","92.15189873417722","72.8"
