"split","Overall","AR","CP","FP-C","FP-S","LR","RR","action_recognition","attribute_comparison","attribute_recognition","celebrity_recognition","function_reasoning","future_prediction","identity_reasoning","image_emotion","image_quality","image_scene","image_style","image_topic","nature_relation","object_localization","ocr","physical_property_reasoning","physical_relation","social_relation","spatial_relationship","structuralized_imagetext_understanding"
"dev","0.5472508591065293","0.507537688442211","0.6993243243243243","0.6573426573426573","0.6382252559726962","0.1271186440677966","0.28695652173913044","0.9074074074074074","0.5909090909090909","0.8243243243243243","0.5858585858585859","0.7468354430379747","0.225","0.8888888888888888","0.66","0.16981132075471697","0.875","0.8490566037735849","0.8055555555555556","0.10416666666666667","0.5185185185185185","0.6666666666666666","0.02666666666666667","0.375","0.4418604651162791","0.4222222222222222","0.07692307692307693"
