"Overall","choose","compare","logical","query","verify"
"57.831133725552554","85.03100088573959","63.3276740237691","75.81808097615085","41.05804555473917","79.04085257548846"
