"split","Overall","Instance Attributes","Instance Identity","Instance Interaction","Instance Location","Instances Counting","Scene Understanding","Spatial Relation","Text Understanding","Visual Reasoning"
"none","0.7176082068577853","0.7347816734781674","0.7460404150737302","0.7319587628865979","0.6482617586912065","0.6432366162648141","0.7751741608613046","0.5951293759512938","0.7142857142857143","0.7643504531722054"
