"split","Overall","acc","precision","recall"
"Overall","82.69375470278403","84.66666666666667","94.90500863557858","73.26666666666667"
"popular","82.66265513350884","84.63333333333334","94.82312338222606","73.26666666666667"
"random","84.05353728489483","86.1","98.56502242152466","73.26666666666667"
"adversarial","81.4074074074074","83.26666666666667","91.58333333333334","73.26666666666667"
