"split","Overall","AR","CP","FP-C","FP-S","LR","RR","action_recognition","attribute_comparison","attribute_recognition","celebrity_recognition","function_reasoning","future_prediction","identity_reasoning","image_emotion","image_quality","image_scene","image_style","image_topic","nature_relation","object_localization","ocr","physical_property_reasoning","physical_relation","social_relation","spatial_relationship","structuralized_imagetext_understanding"
"dev","0.7697594501718213","0.8090452261306532","0.8716216216216216","0.6643356643356644","0.7815699658703071","0.559322033898305","0.7565217391304347","0.8703703703703703","0.7045454545454546","0.8783783783783784","0.9090909090909091","0.8860759493670886","0.425","0.9333333333333333","0.76","0.7169811320754716","0.9807692307692307","0.9056603773584906","0.8888888888888888","0.6875","0.5061728395061729","0.8461538461538461","0.6533333333333333","0.5416666666666666","0.9534883720930233","0.37777777777777777","0.6282051282051282"
