"Overall","choose","compare","logical","query","verify"
"57.433614247098106","81.84233835252435","63.497453310696095","75.7071547420965","40.45554739162381","80.28419182948491"
