"Overall","choose","compare","logical","query","verify"
"54.88153919542058","82.37378210806024","62.30899830220713","73.87687188019967","37.76634827332844","75.66607460035524"
