"split","Overall","acc","precision","recall"
"Overall","77.55572636433513","80.53333333333333","91.56079854809437","67.26666666666667"
"random","79.41755214482488","82.56666666666666","96.92603266090299","67.26666666666667"
"adversarial","75.89319292967281","78.63333333333333","87.05780845556515","67.26666666666667"
"popular","77.43668457405987","80.4","91.22965641952983","67.26666666666667"
