"split","Overall","AR","CP","FP-C","FP-S","LR","RR","action_recognition","attribute_comparison","attribute_recognition","celebrity_recognition","function_reasoning","future_prediction","identity_reasoning","image_emotion","image_quality","image_scene","image_style","image_topic","nature_relation","object_localization","ocr","physical_property_reasoning","physical_relation","social_relation","spatial_relationship","structuralized_imagetext_understanding"
"dev","0.5326460481099656","0.49748743718592964","0.6824324324324325","0.6433566433566433","0.6040955631399317","0.1694915254237288","0.2608695652173913","0.8518518518518519","0.5681818181818182","0.7972972972972973","0.5353535353535354","0.6708860759493671","0.275","0.8888888888888888","0.74","0.16981132075471697","0.8653846153846154","0.6981132075471698","0.8055555555555556","0.0625","0.5061728395061729","0.6153846153846154","0.08","0.3333333333333333","0.4418604651162791","0.4666666666666667","0.11538461538461539"
