"split","Overall","Instance Attributes","Instance Identity","Instance Interaction","Instance Location","Instances Counting","Scene Understanding","Spatial Relation","Text Understanding","Visual Reasoning"
"none","0.6498032602585723","0.7164981716498172","0.6717640633533588","0.7010309278350515","0.6492842535787321","0.6052308949734369","0.6067131095630146","0.6118721461187214","0.7261904761904762","0.37462235649546827"
