"Overall","choose","compare","logical","query","verify"
"46.12020989028463","55.624446412754644","55.85738539898133","70.93732667775929","30.815576781778102","65.18650088809946"
