"split","Overall","Instance Attributes","Instance Identity","Instance Interaction","Instance Location","Instances Counting","Scene Understanding","Spatial Relation","Text Understanding","Visual Reasoning"
"none","0.6691961776278809","0.6743385674338568","0.6695794647733478","0.6701030927835051","0.6247443762781186","0.5880670208418471","0.7422419252691577","0.6012176560121766","0.7380952380952381","0.7462235649546828"
