"split","Overall","AR","CP","FP-C","FP-S","LR","RR","action_recognition","attribute_comparison","attribute_recognition","celebrity_recognition","function_reasoning","future_prediction","identity_reasoning","image_emotion","image_quality","image_scene","image_style","image_topic","nature_relation","object_localization","ocr","physical_property_reasoning","physical_relation","social_relation","spatial_relationship","structuralized_imagetext_understanding"
"dev","0.5884879725085911","0.6381909547738693","0.6756756756756757","0.5454545454545454","0.5699658703071673","0.3728813559322034","0.6","0.7222222222222222","0.4772727272727273","0.6756756756756757","0.5858585858585859","0.7848101265822784","0.45","0.6","0.48","0.6415094339622641","0.8365384615384616","0.5471698113207547","0.7222222222222222","0.3333333333333333","0.5555555555555556","0.358974358974359","0.5066666666666667","0.8333333333333334","0.7674418604651163","0.4","0.3333333333333333"
