"split","Overall","acc","precision","recall"
"Overall","79.06570072445665","81.37777777777778","90.27381631488876","70.33333333333334"
"random","81.49864812668984","84.03333333333333","96.87786960514234","70.33333333333334"
"popular","78.96706586826348","81.26666666666667","90.01706484641639","70.33333333333334"
"adversarial","76.86703096539162","78.83333333333333","84.73895582329317","70.33333333333334"
