"split","Overall","Instance Attributes","Instance Identity","Instance Interaction","Instance Location","Instances Counting","Scene Understanding","Spatial Relation","Text Understanding","Visual Reasoning"
"none","0.5586706014614953","0.5760378576037858","0.6116876024030584","0.5773195876288659","0.5224948875255624","0.428279525950143","0.649461684610513","0.426179604261796","0.2261904761904762","0.56797583081571"
