"Overall","choose","compare","logical","query","verify"
"52.750834790904754","75.11071744906998","55.34804753820034","67.0549084858569","36.60543717854519","78.19715808170515"
