"split","Overall","acc","precision","recall"
"Overall","83.72938894277401","85.08888888888889","92.12913553895412","76.73333333333333"
"random","85.73556797020485","87.23333333333333","97.13080168776371","76.73333333333333"
"popular","83.98394746442904","85.36666666666667","92.7477840451249","76.73333333333333"
"adversarial","81.57335223245926","82.66666666666667","87.06505295007564","76.73333333333333"
