"split","Overall","AR","CP","FP-C","FP-S","LR","RR","action_recognition","attribute_comparison","attribute_recognition","celebrity_recognition","function_reasoning","future_prediction","identity_reasoning","image_emotion","image_quality","image_scene","image_style","image_topic","nature_relation","object_localization","ocr","physical_property_reasoning","physical_relation","social_relation","spatial_relationship","structuralized_imagetext_understanding"
"dev","0.4166666666666667","0.37185929648241206","0.5912162162162162","0.32167832167832167","0.5051194539249146","0.1271186440677966","0.23478260869565218","0.6481481481481481","0.13636363636363635","0.4594594594594595","0.8181818181818182","0.35443037974683544","0.225","0.7111111111111111","0.36","0.1320754716981132","0.8076923076923077","0.7547169811320755","0.7222222222222222","0.1875","0.20987654320987653","0.41025641025641024","0.18666666666666668","0.20833333333333334","0.3023255813953488","0.1111111111111111","0.07692307692307693"
