{
    "Bleu": [
        74.67345139834774,
        57.78544922913025,
        43.662073009437194,
        32.80810979949481
    ],
    "ROUGE_L": 53.85150915070389,
    "CIDEr": 93.8465454778459
}