"split","Overall","acc","precision","recall"
"Overall","80.04640371229698","82.8","95.30386740331491","69.0"
"adversarial","79.03780068728523","81.69999999999999","92.49329758713137","69.0"
"popular","79.95365005793742","82.69999999999999","95.0413223140496","69.0"
"random","81.17647058823529","84.0","98.57142857142858","69.0"
