"Overall","choose","compare","logical","query","verify"
"56.861186198123704","83.87953941541187","69.10016977928693","75.04159733777038","39.559147685525346","77.84191829484902"
