"split","Overall","AR","CP","FP-C","FP-S","LR","RR","action_recognition","attribute_comparison","attribute_recognition","celebrity_recognition","function_reasoning","future_prediction","identity_reasoning","image_emotion","image_quality","image_scene","image_style","image_topic","nature_relation","object_localization","ocr","physical_property_reasoning","physical_relation","social_relation","spatial_relationship","structuralized_imagetext_understanding"
"dev","0.7603092783505154","0.7437185929648241","0.8378378378378378","0.6923076923076923","0.8054607508532423","0.5423728813559322","0.782608695652174","0.8888888888888888","0.6590909090909091","0.8783783783783784","0.9292929292929293","0.8734177215189873","0.5","0.9777777777777777","0.74","0.6792452830188679","0.9807692307692307","0.7924528301886793","0.8611111111111112","0.7916666666666666","0.5925925925925926","0.7948717948717948","0.4666666666666667","0.5416666666666666","0.9069767441860465","0.4888888888888889","0.5641025641025641"
