"Overall","choose","compare","logical","query","verify"
"49.7137859755128","66.78476527900797","63.497453310696095","73.76594564614531","32.373254959588536","70.69271758436945"
