"split","Overall","Instance Attributes","Instance Identity","Instance Interaction","Instance Location","Instances Counting","Scene Understanding","Spatial Relation","Text Understanding","Visual Reasoning"
"none","0.6934373243395165","0.705097870509787","0.687602403058438","0.7216494845360825","0.6492842535787321","0.6174908050674295","0.7539582013932868","0.6225266362252664","0.7857142857142857","0.7854984894259819"
