"split","Overall","AR","CP","FP-C","FP-S","LR","RR","action_recognition","attribute_comparison","attribute_recognition","celebrity_recognition","function_reasoning","future_prediction","identity_reasoning","image_emotion","image_quality","image_scene","image_style","image_topic","nature_relation","object_localization","ocr","physical_property_reasoning","physical_relation","social_relation","spatial_relationship","structuralized_imagetext_understanding"
"dev","0.6434707903780069","0.7638190954773869","0.7027027027027027","0.5104895104895105","0.6348122866894198","0.5084745762711864","0.6086956521739131","0.6851851851851852","0.6136363636363636","0.7972972972972973","0.6161616161616161","0.7848101265822784","0.35","0.9333333333333333","0.68","0.6415094339622641","0.8076923076923077","0.49056603773584906","0.8333333333333334","0.4791666666666667","0.48148148148148145","0.6923076923076923","0.64","0.7083333333333334","0.6976744186046512","0.2","0.5897435897435898"
