"split","Overall","Instance Attributes","Instance Identity","Instance Interaction","Instance Location","Instances Counting","Scene Understanding","Spatial Relation","Text Understanding","Visual Reasoning"
"none","0.5961214165261383","0.5820606582060658","0.6127799016930638","0.6597938144329897","0.516359918200409","0.5402533714752759","0.682077264091197","0.4916286149162861","0.6785714285714286","0.6978851963746223"
