"Overall","choose","compare","logical","query","verify"
"42.065511210049294","56.51018600531443","48.217317487266556","63.33887964503605","26.348273328434974","63.676731793960926"
