"split","Overall","acc","precision","recall"
"Overall","78.55034824696021","79.81111111111112","83.782422563586","73.93333333333332"
"popular","77.98874824191279","79.13333333333334","82.51488095238095","73.93333333333332"
"adversarial","75.93289969188633","76.56666666666668","78.04363124560169","73.93333333333332"
"random","81.96600147819659","83.73333333333333","91.95688225538971","73.93333333333332"
