"split","Overall","acc","precision","recall"
"Overall","64.47384691480154","68.07777777777778","72.67911904098132","57.93333333333334"
"adversarial","62.33859397417504","65.0","67.46894409937887","57.93333333333334"
"random","69.74317817014446","74.86666666666667","87.6008064516129","57.93333333333334"
"popular","61.916636978981124","64.36666666666667","66.48814078041316","57.93333333333334"
