"Overall","choose","compare","logical","query","verify"
"44.069009381459686","70.32772364924712","56.36672325976231","64.83638380476982","26.054371785451874","65.49733570159859"
