"split","Overall","Instance Attributes","Instance Identity","Instance Interaction","Instance Location","Instances Counting","Scene Understanding","Spatial Relation","Text Understanding","Visual Reasoning"
"none","0.5557195053400787","0.5865777586577758","0.551611141452758","0.5154639175257731","0.4938650306748466","0.468328565590519","0.6022799240025333","0.502283105022831","0.6428571428571429","0.6253776435045317"
