"Overall","choose","compare","logical","query","verify"
"43.52043250119256","51.01860053144376","35.483870967741936","58.73544093178037","37.237325495958856","48.66785079928952"
