"split","Overall","Instance Attributes","Instance Identity","Instance Interaction","Instance Location","Instances Counting","Scene Understanding","Spatial Relation","Text Understanding","Visual Reasoning"
"none","0.733628442945475","0.7588728758872876","0.7575095576187876","0.7216494845360825","0.6748466257668712","0.6677564364527994","0.7805573147561748","0.5646879756468798","0.7976190476190477","0.7824773413897281"
