"split","Overall","acc","precision","recall"
"Overall","87.50580585229912","88.04444444444445","91.63424124513618","83.73333333333333"
"popular","87.61771886989884","88.16666666666667","91.88002926115581","83.73333333333333"
"random","89.87477638640429","90.56666666666666","96.98841698841699","83.73333333333333"
"adversarial","85.15254237288136","85.39999999999999","86.62068965517241","83.73333333333333"
