"split","Overall","AR","CP","FP-C","FP-S","LR","RR","action_recognition","attribute_comparison","attribute_recognition","celebrity_recognition","function_reasoning","future_prediction","identity_reasoning","image_emotion","image_quality","image_scene","image_style","image_topic","nature_relation","object_localization","ocr","physical_property_reasoning","physical_relation","social_relation","spatial_relationship","structuralized_imagetext_understanding"
"dev","0.7680412371134021","0.8241206030150754","0.8614864864864865","0.6503496503496503","0.7986348122866894","0.5","0.7739130434782608","0.9074074074074074","0.6818181818181818","0.9459459459459459","0.8282828282828283","0.8860759493670886","0.45","0.9777777777777777","0.74","0.7169811320754716","0.9807692307692307","0.8679245283018868","0.8888888888888888","0.6875","0.654320987654321","0.7435897435897436","0.6666666666666666","0.75","0.8837209302325582","0.3111111111111111","0.5256410256410257"
