"Overall","choose","compare","logical","query","verify"
"53.87979010971537","80.15943312666076","61.62988115449915","73.21131447587355","36.88464364437913","74.55595026642983"
