"split","Overall","Instance Attributes","Instance Identity","Instance Interaction","Instance Location","Instances Counting","Scene Understanding","Spatial Relation","Text Understanding","Visual Reasoning"
"none","0.6353288364249579","0.696063669606367","0.6439104314582196","0.6288659793814433","0.6063394683026585","0.5860237024928484","0.6212792906903103","0.6027397260273972","0.7023809523809523","0.3685800604229607"
