"split","Overall","AR","CP","FP-C","FP-S","LR","RR","action_recognition","attribute_comparison","attribute_recognition","celebrity_recognition","function_reasoning","future_prediction","identity_reasoning","image_emotion","image_quality","image_scene","image_style","image_topic","nature_relation","object_localization","ocr","physical_property_reasoning","physical_relation","social_relation","spatial_relationship","structuralized_imagetext_understanding"
"dev","0.520618556701031","0.49246231155778897","0.6587837837837838","0.5874125874125874","0.5870307167235495","0.1864406779661017","0.30434782608695654","0.7962962962962963","0.5227272727272727","0.7162162162162162","0.5959595959595959","0.6962025316455697","0.3","0.8666666666666667","0.68","0.18867924528301888","0.875","0.5471698113207547","0.8611111111111112","0.10416666666666667","0.4074074074074074","0.6923076923076923","0.05333333333333334","0.375","0.4883720930232558","0.4","0.1282051282051282"
