"split","Overall","acc","precision","recall"
"Overall","77.49216300940441","80.05555555555556","88.92086330935251","68.66666666666667"
"popular","76.83700111898546","79.3","87.21422523285352","68.66666666666667"
"random","80.31189083820662","83.16666666666667","96.71361502347418","68.66666666666667"
"adversarial","75.48552583363869","77.7","83.8079739625712","68.66666666666667"
