"split","Overall","AR","CP","FP-C","FP-S","LR","RR","action_recognition","attribute_comparison","attribute_recognition","celebrity_recognition","function_reasoning","future_prediction","identity_reasoning","image_emotion","image_quality","image_scene","image_style","image_topic","nature_relation","object_localization","ocr","physical_property_reasoning","physical_relation","social_relation","spatial_relationship","structuralized_imagetext_understanding"
"dev","0.8075601374570447","0.8341708542713567","0.8682432432432432","0.7342657342657343","0.8464163822525598","0.5677966101694916","0.8434782608695652","0.9444444444444444","0.6590909090909091","0.972972972972973","0.8484848484848485","0.8607594936708861","0.575","1.0","0.76","0.6226415094339622","0.9807692307692307","0.9622641509433962","0.9166666666666666","0.75","0.7160493827160493","0.8717948717948718","0.7066666666666667","0.8333333333333334","0.9534883720930233","0.5555555555555556","0.5641025641025641"
