"Overall","choose","compare","logical","query","verify"
"49.33216727619653","53.41009743135518","54.83870967741935","74.65335551858014","35.53269654665687","67.27353463587922"
