"split","Overall","acc","precision","recall"
"Overall","87.97098057570794","88.57777777777778","92.90657439446368","83.53333333333333"
"adversarial","85.67521367521368","86.03333333333333","87.9298245614035","83.53333333333333"
"popular","88.17733990147784","88.8","93.36810730253353","83.53333333333333"
"random","90.17632241813601","90.9","97.96716184519155","83.53333333333333"
