"split","Overall","Instance Attributes","Instance Identity","Instance Interaction","Instance Location","Instances Counting","Scene Understanding","Spatial Relation","Text Understanding","Visual Reasoning"
"none","0.7586424957841484","0.7713486771348678","0.7799016930638996","0.7422680412371134","0.7177914110429447","0.7057621577441765","0.7973400886637112","0.6484018264840182","0.8214285714285714","0.8126888217522659"
