"split","Overall","Instance Attributes","Instance Identity","Instance Interaction","Instance Location","Instances Counting","Scene Understanding","Spatial Relation","Text Understanding","Visual Reasoning"
"none","0.6072934232715008","0.6364809636480964","0.6007646095030038","0.6288659793814433","0.532719836400818","0.5239068246832856","0.6570614312856238","0.563165905631659","0.5952380952380952","0.6797583081570997"
