"Overall","choose","compare","logical","query","verify"
"46.74034027667356","72.45349867139062","57.555178268251275","66.99944536882973","28.55253490080823","69.76021314387212"
