"Overall","choose","compare","logical","query","verify"
"56.40006360311656","82.28520814880426","60.95076400679117","75.20798668885192","39.5444526083762","78.10834813499112"
