"split","Overall","Instance Attributes","Instance Identity","Instance Interaction","Instance Location","Instances Counting","Scene Understanding","Spatial Relation","Text Understanding","Visual Reasoning"
"none","0.6637155705452501","0.7231662723166272","0.679410158383397","0.6907216494845361","0.6676891615541922","0.6330200245198202","0.6215959468017733","0.6301369863013698","0.7738095238095238","0.38972809667673713"
