"split","Overall","acc","precision","recall"
"Overall","80.34623217922608","82.84444444444445","94.04052443384982","70.13333333333334"
"popular","80.33600610920199","82.83333333333334","94.01251117068811","70.13333333333334"
"adversarial","78.97897897897899","81.33333333333333","90.37800687285224","70.13333333333334"
"random","81.77225029148853","84.36666666666667","98.04287045666355","70.13333333333334"
