"split","Overall","AR","CP","FP-C","FP-S","LR","RR","action_recognition","attribute_comparison","attribute_recognition","celebrity_recognition","function_reasoning","future_prediction","identity_reasoning","image_emotion","image_quality","image_scene","image_style","image_topic","nature_relation","object_localization","ocr","physical_property_reasoning","physical_relation","social_relation","spatial_relationship","structuralized_imagetext_understanding"
"dev","0.5395189003436426","0.5326633165829145","0.6756756756756757","0.6643356643356644","0.6075085324232082","0.11864406779661017","0.30434782608695654","0.9074074074074074","0.5909090909090909","0.7837837837837838","0.6060606060606061","0.7721518987341772","0.25","0.8888888888888888","0.7","0.1509433962264151","0.8365384615384616","0.7735849056603774","0.8055555555555556","0.16666666666666666","0.5185185185185185","0.46153846153846156","0.06666666666666667","0.3333333333333333","0.4418604651162791","0.4444444444444444","0.05128205128205128"
