"split","Overall","acc","precision","recall"
"Overall","75.42950640850833","79.97777777777777","97.60056457304164","61.46666666666667"
"random","76.04123711340206","80.63333333333334","99.67567567567568","61.46666666666667"
"adversarial","74.89845653939888","79.4","95.84199584199584","61.46666666666667"
"popular","75.35758071107479","79.9","97.36008447729672","61.46666666666667"
