"split","Overall","Instance Attributes","Instance Identity","Instance Interaction","Instance Location","Instances Counting","Scene Understanding","Spatial Relation","Text Understanding","Visual Reasoning"
"none","0.68809724564362","0.7214454721445472","0.6974330966684872","0.6494845360824743","0.621676891615542","0.5946056395586432","0.7549081697276757","0.5525114155251142","0.5476190476190477","0.7341389728096677"
