"Overall","choose","compare","logical","query","verify"
"10.319605660677373","9.477413640389726","6.451612903225806","26.84414864115363","5.642909625275533","12.655417406749555"
