"split","Overall","AR","CP","FP-C","FP-S","LR","RR","action_recognition","attribute_comparison","attribute_recognition","celebrity_recognition","function_reasoning","future_prediction","identity_reasoning","image_emotion","image_quality","image_scene","image_style","image_topic","nature_relation","object_localization","ocr","physical_property_reasoning","physical_relation","social_relation","spatial_relationship","structuralized_imagetext_understanding"
"dev","0.6305841924398625","0.6432160804020101","0.7871621621621622","0.5244755244755245","0.6689419795221843","0.2288135593220339","0.6521739130434783","0.8703703703703703","0.36363636363636365","0.9054054054054054","0.7070707070707071","0.6962025316455697","0.175","0.9111111111111111","0.7","0.5660377358490566","0.9230769230769231","0.8679245283018868","0.7222222222222222","0.4375","0.4444444444444444","0.5897435897435898","0.4266666666666667","0.6666666666666666","0.8837209302325582","0.26666666666666666","0.2564102564102564"
