"Overall","choose","compare","logical","query","verify"
"53.116552711082846","75.28786536758193","55.34804753820034","68.94065446478092","36.64952240999265","78.50799289520425"
