"split","Overall","acc","precision","recall"
"Overall","83.96101552159787","85.1888888888889","91.55077407504592","77.53333333333333"
"random","85.89364844903987","87.26666666666667","96.27483443708608","77.53333333333333"
"adversarial","81.75746924428823","82.69999999999999","86.46840148698884","77.53333333333333"
"popular","84.33647570703407","85.6","92.4483306836248","77.53333333333333"
