"split","Overall","AR","CP","FP-C","FP-S","LR","RR","action_recognition","attribute_comparison","attribute_recognition","celebrity_recognition","function_reasoning","future_prediction","identity_reasoning","image_emotion","image_quality","image_scene","image_style","image_topic","nature_relation","object_localization","ocr","physical_property_reasoning","physical_relation","social_relation","spatial_relationship","structuralized_imagetext_understanding"
"dev","0.4175257731958763","0.36180904522613067","0.6013513513513513","0.3706293706293706","0.48464163822525597","0.1440677966101695","0.20869565217391303","0.7407407407407407","0.1590909090909091","0.44594594594594594","0.7777777777777778","0.3037974683544304","0.225","0.7111111111111111","0.56","0.11320754716981132","0.8076923076923077","0.6792452830188679","0.6666666666666666","0.22916666666666666","0.1728395061728395","0.46153846153846156","0.21333333333333335","0.20833333333333334","0.18604651162790697","0.13333333333333333","0.10256410256410256"
