{
    "Bleu": [
        74.4855718993635,
        57.39898727006114,
        42.97021341984995,
        31.964450123739052
    ],
    "ROUGE_L": 53.671601766489765,
    "CIDEr": 93.01880177682582
}