"split","Overall","acc","precision","recall"
"Overall","74.24749163879599","78.61111111111111","93.27731092436974","61.66666666666667"
"adversarial","72.97830374753451","77.16666666666666","89.3719806763285","61.66666666666667"
"popular","74.11858974358975","78.46666666666667","92.8714859437751","61.66666666666667"
"random","75.69558101472997","80.2","97.98728813559322","61.66666666666667"
