"split","Overall","Instance Attributes","Instance Identity","Instance Interaction","Instance Location","Instances Counting","Scene Understanding","Spatial Relation","Text Understanding","Visual Reasoning"
"none","0.6809302979201799","0.7035921703592171","0.6859639541234298","0.7010309278350515","0.6339468302658486","0.5909276665304455","0.740025332488917","0.5920852359208524","0.6904761904761905","0.743202416918429"
