"Overall","choose","compare","logical","query","verify"
"53.140403879790114","78.7422497785651","61.460101867572156","70.77093732667777","36.47318148420279","74.37833037300177"
