"split","Overall","AR","CP","FP-C","FP-S","LR","RR","action_recognition","attribute_comparison","attribute_recognition","celebrity_recognition","function_reasoning","future_prediction","identity_reasoning","image_emotion","image_quality","image_scene","image_style","image_topic","nature_relation","object_localization","ocr","physical_property_reasoning","physical_relation","social_relation","spatial_relationship","structuralized_imagetext_understanding"
"dev","0.6778350515463918","0.7939698492462312","0.793918918918919","0.5874125874125874","0.6791808873720137","0.3559322033898305","0.6173913043478261","0.8518518518518519","0.5227272727272727","0.7972972972972973","0.7878787878787878","0.8227848101265823","0.4","0.9333333333333333","0.64","0.6226415094339622","0.9423076923076923","0.8301886792452831","0.7777777777777778","0.4791666666666667","0.48148148148148145","0.5897435897435898","0.68","0.5","0.8372093023255814","0.3333333333333333","0.3333333333333333"
