{
    "Bleu": [
        71.53094066921578,
        53.340641903192406,
        38.72176039300201,
        28.05560570120446
    ],
    "ROUGE_L": 50.782972482057595,
    "CIDEr": 80.77516890413945
}