"split","Overall","AR","CP","FP-C","FP-S","LR","RR","action_recognition","attribute_comparison","attribute_recognition","celebrity_recognition","function_reasoning","future_prediction","identity_reasoning","image_emotion","image_quality","image_scene","image_style","image_topic","nature_relation","object_localization","ocr","physical_property_reasoning","physical_relation","social_relation","spatial_relationship","structuralized_imagetext_understanding"
"dev","0.3694158075601375","0.35678391959798994","0.527027027027027","0.2937062937062937","0.41638225255972694","0.1271186440677966","0.20869565217391303","0.5925925925925926","0.13636363636363635","0.43243243243243246","0.6363636363636364","0.31645569620253167","0.225","0.6666666666666666","0.4","0.09433962264150944","0.8076923076923077","0.4716981132075472","0.6111111111111112","0.2708333333333333","0.1111111111111111","0.46153846153846156","0.21333333333333335","0.16666666666666666","0.16279069767441862","0.08888888888888889","0.07692307692307693"
