"split","Overall","Instance Attributes","Instance Identity","Instance Interaction","Instance Location","Instances Counting","Scene Understanding","Spatial Relation","Text Understanding","Visual Reasoning"
"none","0.5292299044406971","0.5478597547859755","0.58601856908793","0.5670103092783505","0.4887525562372188","0.38291785860237026","0.6247625079164028","0.4018264840182648","0.2976190476190476","0.5438066465256798"
