"split","Overall","Accounting","Agriculture","Architecture_and_Engineering","Art","Art_Theory","Basic_Medical_Science","Biology","Chemistry","Clinical_Medicine","Computer_Science","Design","Diagnostics_and_Laboratory_Medicine","Economics","Electronics","Energy_and_Power","Finance","Geography","History","Literature","Manage","Marketing","Materials","Math","Mechanical_Engineering","Music","Pharmacy","Physics","Psychology","Public_Health","Sociology","Art & Design","Business","Health & Medicine","Humanities & Social Science","Science","Tech & Engineering"
"dev","0.24666666666666667","0.2","0.2","0.4","0.2","0.4","0.6","0.2","0.0","0.0","0.2","0.4","0.0","0.2","0.0","0.2","0.0","0.0","0.8","0.6","0.4","0.2","0.4","0.2","0.0","0.2","0.0","0.2","0.4","0.2","0.6","0.3","0.2","0.16","0.6","0.12","0.2"
"validation","0.26222222222222225","0.26666666666666666","0.3","0.26666666666666666","0.36666666666666664","0.3333333333333333","0.3333333333333333","0.13333333333333333","0.2","0.26666666666666666","0.2","0.6","0.16666666666666666","0.26666666666666666","0.06666666666666667","0.23333333333333334","0.1","0.16666666666666666","0.36666666666666664","0.7666666666666667","0.26666666666666666","0.16666666666666666","0.13333333333333333","0.16666666666666666","0.16666666666666666","0.2","0.16666666666666666","0.13333333333333333","0.23333333333333334","0.36666666666666664","0.4666666666666667","0.375","0.21333333333333335","0.26","0.4583333333333333","0.16","0.19523809523809524"
