"split","Overall","acc","precision","recall"
"Overall","82.03040823656171","83.32222222222222","88.91772644692448","76.13333333333333"
"random","84.37384558551902","85.9","94.61474730737366","76.13333333333333"
"adversarial","79.69295184926727","80.60000000000001","83.601756954612","76.13333333333333"
"popular","82.15827338129496","83.46666666666667","89.21875","76.13333333333333"
