"Overall","choose","compare","logical","query","verify"
"50.90634441087614","74.04782993799823","54.66893039049236","68.21963394342761","33.975018368846435","75.62166962699823"
