"split","Overall","acc","precision","recall"
"Overall","81.25948406676784","83.53333333333333","94.27816901408451","71.39999999999999"
"popular","81.4448669201521","83.73333333333333","94.77876106194691","71.39999999999999"
"adversarial","79.80625931445603","81.93333333333334","90.45608108108108","71.39999999999999"
"random","82.5751734772552","84.93333333333334","97.89762340036563","71.39999999999999"
