"Overall","choose","compare","logical","query","verify"
"56.845285418985526","83.87953941541187","62.64855687606112","75.54076539101497","39.77957384276267","78.37477797513321"
