"split","Overall","Instance Attributes","Instance Identity","Instance Interaction","Instance Location","Instances Counting","Scene Understanding","Spatial Relation","Text Understanding","Visual Reasoning"
"none","0.6669477234401349","0.7294041729404173","0.6870562534134352","0.6907216494845361","0.6707566462167689","0.6358806702084184","0.6203293223559214","0.6423135464231354","0.7619047619047619","0.3595166163141994"
