"split","Overall","AR","CP","FP-C","FP-S","LR","RR","action_recognition","attribute_comparison","attribute_recognition","celebrity_recognition","function_reasoning","future_prediction","identity_reasoning","image_emotion","image_quality","image_scene","image_style","image_topic","nature_relation","object_localization","ocr","physical_property_reasoning","physical_relation","social_relation","spatial_relationship","structuralized_imagetext_understanding"
"dev","0.49828178694158076","0.48743718592964824","0.6351351351351351","0.5944055944055944","0.5665529010238908","0.1271186440677966","0.25217391304347825","0.8518518518518519","0.4318181818181818","0.7297297297297297","0.5353535353535354","0.7088607594936709","0.225","0.8444444444444444","0.62","0.11320754716981132","0.8269230769230769","0.6981132075471698","0.7777777777777778","0.041666666666666664","0.4567901234567901","0.5641025641025641","0.04","0.3333333333333333","0.4418604651162791","0.4444444444444444","0.07692307692307693"
