"Overall","choose","compare","logical","query","verify"
"56.471617109238345","80.60230292294067","63.83701188455009","74.09872434830838","39.7060984570169","78.99644760213144"
