"split","Overall","AR","CP","FP-C","FP-S","LR","RR","action_recognition","attribute_comparison","attribute_recognition","celebrity_recognition","function_reasoning","future_prediction","identity_reasoning","image_emotion","image_quality","image_scene","image_style","image_topic","nature_relation","object_localization","ocr","physical_property_reasoning","physical_relation","social_relation","spatial_relationship","structuralized_imagetext_understanding"
"dev","0.7577319587628866","0.8090452261306532","0.8581081081081081","0.6433566433566433","0.7679180887372014","0.5677966101694916","0.7217391304347827","0.8518518518518519","0.6136363636363636","0.8513513513513513","0.898989898989899","0.8607594936708861","0.475","0.9777777777777777","0.74","0.6792452830188679","0.9903846153846154","0.8113207547169812","0.9722222222222222","0.625","0.49382716049382713","0.8461538461538461","0.6533333333333333","0.5416666666666666","0.9302325581395349","0.4222222222222222","0.6153846153846154"
