"split","Overall","acc","precision","recall"
"Overall","80.25964108438335","82.76666666666667","93.923145665773","70.06666666666666"
"adversarial","78.90390390390391","81.26666666666667","90.29209621993127","70.06666666666666"
"random","81.82172051381862","84.43333333333334","98.31618334892423","70.06666666666666"
"popular","80.10670731707317","82.6","93.50533807829181","70.06666666666666"
