"split","Overall","Instance Attributes","Instance Identity","Instance Interaction","Instance Location","Instances Counting","Scene Understanding","Spatial Relation","Text Understanding","Visual Reasoning"
"none","0.7029229904440697","0.7257474725747473","0.7236482796286182","0.7319587628865979","0.6390593047034765","0.6215774417654271","0.7542748575047499","0.6057838660578386","0.7023809523809523","0.7522658610271903"
