"split","Overall","AR","CP","FP-C","FP-S","LR","RR","action_recognition","attribute_comparison","attribute_recognition","celebrity_recognition","function_reasoning","future_prediction","identity_reasoning","image_emotion","image_quality","image_scene","image_style","image_topic","nature_relation","object_localization","ocr","physical_property_reasoning","physical_relation","social_relation","spatial_relationship","structuralized_imagetext_understanding"
"dev","0.7156357388316151","0.7939698492462312","0.8547297297297297","0.5384615384615384","0.7508532423208191","0.4406779661016949","0.6347826086956522","0.9074074074074074","0.38636363636363635","0.9054054054054054","0.7777777777777778","0.8354430379746836","0.325","0.9555555555555556","0.84","0.6981132075471698","0.9903846153846154","0.7169811320754716","0.9166666666666666","0.4375","0.6296296296296297","0.6410256410256411","0.6533333333333333","0.625","0.8604651162790697","0.24444444444444444","0.5"
