"split","Overall","acc","precision","recall"
"Overall","87.60349854227405","88.1888888888889","92.1717791411043","83.46666666666667"
"adversarial","85.17006802721087","85.46666666666667","86.94444444444444","83.46666666666667"
"popular","87.79803646563813","88.4","92.60355029585799","83.46666666666667"
"random","89.97484728710026","90.7","97.58378799688231","83.46666666666667"
