"split","Overall","Instance Attributes","Instance Identity","Instance Interaction","Instance Location","Instances Counting","Scene Understanding","Spatial Relation","Text Understanding","Visual Reasoning"
"none","0.6989881956155143","0.7253172725317273","0.7312943746586564","0.7010309278350515","0.6186094069529653","0.6170821413976297","0.7577580747308423","0.532724505327245","0.7261904761904762","0.7552870090634441"
