"Overall","choose","compare","logical","query","verify"
"53.776435045317214","78.7422497785651","55.85738539898133","72.21297836938436","37.0903747244673","76.3765541740675"
