"Overall","choose","compare","logical","query","verify"
"51.17665765622515","76.61647475642161","56.36672325976231","71.49195784803106","33.4313005143277","74.42273534635879"
