"split","Overall","acc","precision","recall"
"Overall","82.4799805872361","83.95555555555556","90.83377872795296","75.53333333333333"
"popular","82.85191956124315","84.36666666666667","91.74089068825911","75.53333333333333"
"random","84.8689138576779","86.53333333333333","96.83760683760684","75.53333333333333"
"adversarial","79.8731053930208","80.96666666666667","84.74195961106956","75.53333333333333"
