"split","Overall","AR","CP","FP-C","FP-S","LR","RR","action_recognition","attribute_comparison","attribute_recognition","celebrity_recognition","function_reasoning","future_prediction","identity_reasoning","image_emotion","image_quality","image_scene","image_style","image_topic","nature_relation","object_localization","ocr","physical_property_reasoning","physical_relation","social_relation","spatial_relationship","structuralized_imagetext_understanding"
"dev","0.5790378006872853","0.6633165829145728","0.75","0.4825174825174825","0.5665529010238908","0.2627118644067797","0.46956521739130436","0.8333333333333334","0.4090909090909091","0.7027027027027027","0.5858585858585859","0.7974683544303798","0.225","0.6666666666666666","0.62","0.6792452830188679","0.8942307692307693","0.6037735849056604","0.8333333333333334","0.20833333333333334","0.49382716049382713","0.41025641025641024","0.52","0.5","0.7441860465116279","0.13333333333333333","0.28205128205128205"
