"split","Overall","Instance Attributes","Instance Identity","Instance Interaction","Instance Location","Instances Counting","Scene Understanding","Spatial Relation","Text Understanding","Visual Reasoning"
"none","0.6710230466554244","0.6962787696278769","0.679410158383397","0.7216494845360825","0.588957055214724","0.5941969758888435","0.7368587713742876","0.5098934550989346","0.7619047619047619","0.7341389728096677"
