"split","Overall","AR","CP","FP-C","FP-S","LR","RR","action_recognition","attribute_comparison","attribute_recognition","celebrity_recognition","function_reasoning","future_prediction","identity_reasoning","image_emotion","image_quality","image_scene","image_style","image_topic","nature_relation","object_localization","ocr","physical_property_reasoning","physical_relation","social_relation","spatial_relationship","structuralized_imagetext_understanding"
"dev","0.6606529209621993","0.7688442211055276","0.7195945945945946","0.5804195804195804","0.6655290102389079","0.5338983050847458","0.5391304347826087","0.7962962962962963","0.5227272727272727","0.7702702702702703","0.7272727272727273","0.759493670886076","0.4","0.9555555555555556","0.6","0.6981132075471698","0.8653846153846154","0.5094339622641509","0.8055555555555556","0.4791666666666667","0.4444444444444444","0.7692307692307693","0.6666666666666666","0.375","0.6976744186046512","0.37777777777777777","0.6025641025641025"
