"split","Overall","acc","precision","recall"
"Overall","75.78791249536523","78.23333333333333","85.38011695906432","68.13333333333334"
"random","79.04098994586232","81.93333333333334","94.10681399631676","68.13333333333334"
"popular","75.03671071953009","77.33333333333333","83.49673202614379","68.13333333333334"
"adversarial","73.49874145990651","75.43333333333334","79.78142076502732","68.13333333333334"
