"Overall","choose","compare","logical","query","verify"
"5.923040228971219","4.428697962798937","3.7351443123938877","15.418746533555186","3.7472446730345332","6.216696269982238"
