"split","Overall","acc","precision","recall"
"Overall","61.732522796352576","72.02222222222223","97.64423076923077","45.13333333333333"
"popular","61.713764813126716","72.0","97.55043227665706","45.13333333333333"
"adversarial","61.43375680580762","71.66666666666667","96.16477272727273","45.13333333333333"
"random","62.05316223648028","72.39999999999999","99.26686217008798","45.13333333333333"
