"split","Overall","AR","CP","FP-C","FP-S","LR","RR","action_recognition","attribute_comparison","attribute_recognition","celebrity_recognition","function_reasoning","future_prediction","identity_reasoning","image_emotion","image_quality","image_scene","image_style","image_topic","nature_relation","object_localization","ocr","physical_property_reasoning","physical_relation","social_relation","spatial_relationship","structuralized_imagetext_understanding"
"dev","0.5850515463917526","0.6633165829145728","0.7094594594594594","0.44755244755244755","0.5938566552901023","0.2627118644067797","0.6086956521739131","0.7592592592592593","0.36363636363636365","0.8783783783783784","0.6161616161616161","0.6582278481012658","0.175","0.9555555555555556","0.62","0.5283018867924528","0.8653846153846154","0.6415094339622641","0.75","0.4375","0.30864197530864196","0.5897435897435898","0.49333333333333335","0.6666666666666666","0.7674418604651163","0.15555555555555556","0.3076923076923077"
