"split","Overall","Instance Attributes","Instance Identity","Instance Interaction","Instance Location","Instances Counting","Scene Understanding","Spatial Relation","Text Understanding","Visual Reasoning"
"none","0.6585862844294548","0.692837169283717","0.645002730748225","0.6907216494845361","0.6063394683026585","0.5508786268900695","0.7314756174794174","0.5449010654490106","0.6071428571428571","0.7371601208459214"
