"Overall","choose","compare","logical","query","verify"
"5.199554778184131","3.454384410983171","3.5653650254668934","12.9783693843594","3.423952975753123","5.63943161634103"
