"split","Overall","Instance Attributes","Instance Identity","Instance Interaction","Instance Location","Instances Counting","Scene Understanding","Spatial Relation","Text Understanding","Visual Reasoning"
"none","0.6209949409780776","0.6556248655624866","0.610595303113053","0.6494845360824743","0.5633946830265849","0.5083776052308949","0.6985433818872704","0.5098934550989346","0.5476190476190477","0.6858006042296072"
