"split","Overall","Instance Attributes","Instance Identity","Instance Interaction","Instance Location","Instances Counting","Scene Understanding","Spatial Relation","Text Understanding","Visual Reasoning"
"none","0.6412310286677909","0.6812217681221768","0.651010376843255","0.5979381443298969","0.5623721881390593","0.5324887617490806","0.7194426852438252","0.4550989345509893","0.5238095238095238","0.7280966767371602"
