"Overall","choose","compare","logical","query","verify"
"9.13499761488313","16.651904340124005","3.5653650254668934","31.39212423738214","1.278471711976488","12.74422735346359"
