"split","Overall","AR","CP","FP-C","FP-S","LR","RR","action_recognition","attribute_comparison","attribute_recognition","celebrity_recognition","function_reasoning","future_prediction","identity_reasoning","image_emotion","image_quality","image_scene","image_style","image_topic","nature_relation","object_localization","ocr","physical_property_reasoning","physical_relation","social_relation","spatial_relationship","structuralized_imagetext_understanding"
"dev","0.5369415807560137","0.628140703517588","0.7027027027027027","0.4405594405594406","0.5187713310580204","0.23728813559322035","0.4260869565217391","0.6666666666666666","0.5","0.7162162162162162","0.5555555555555556","0.7088607594936709","0.25","0.8888888888888888","0.6","0.49056603773584906","0.9038461538461539","0.5849056603773585","0.75","0.2916666666666667","0.2839506172839506","0.5384615384615384","0.38666666666666666","0.25","0.6744186046511628","0.1111111111111111","0.23076923076923078"
