"split","Overall","acc","precision","recall"
"Overall","80.57663125948406","82.93333333333334","93.48591549295774","70.8"
"random","81.88126445643792","84.33333333333334","97.07495429616088","70.8"
"popular","80.48503220917014","82.83333333333334","93.23968393327479","70.8"
"adversarial","79.4018691588785","81.63333333333334","90.38297872340425","70.8"
