"Overall","choose","compare","logical","query","verify"
"7.83908411512164","12.400354295837024","1.3582342954159592","27.953410981697168","0.8670095518001469","12.211367673179396"
