"split","Overall","Instance Attributes","Instance Identity","Instance Interaction","Instance Location","Instances Counting","Scene Understanding","Spatial Relation","Text Understanding","Visual Reasoning"
"none","0.5649943788645306","0.600129060012906","0.565811032222829","0.5051546391752577","0.4775051124744376","0.4662852472415202","0.642811906269791","0.4185692541856925","0.5714285714285714","0.6193353474320241"
