"Overall","choose","compare","logical","query","verify"
"43.65558912386707","53.764393268379095","37.521222410865875","61.17581808097615","34.69507714915503","53.241563055062166"
