"split","Overall","acc","precision","recall"
"Overall","88.0853994490358","88.46666666666667","91.0968660968661","85.26666666666667"
"popular","88.115742335515","88.5","91.16179615110478","85.26666666666667"
"adversarial","85.75259805564868","85.83333333333333","86.24409979770735","85.26666666666667"
"random","90.5166312809625","91.06666666666666","96.4555052790347","85.26666666666667"
