"split","Overall","Instance Attributes","Instance Identity","Instance Interaction","Instance Location","Instances Counting","Scene Understanding","Spatial Relation","Text Understanding","Visual Reasoning"
"none","0.7234401349072512","0.7451064745106475","0.746586564718733","0.7422680412371134","0.6513292433537833","0.6599918267266041","0.7758074730842305","0.5646879756468798","0.8095238095238095","0.7613293051359517"
