"split","Overall","acc","precision","recall"
"Overall","71.58334421093852","75.8111111111111","86.74470104397342","60.93333333333333"
"popular","71.2115309700039","75.36666666666667","85.66073102155578","60.93333333333333"
"adversarial","69.32119833143723","73.03333333333333","80.38698328935796","60.93333333333333"
"random","74.3996743996744","79.03333333333333","95.5067920585162","60.93333333333333"
