"Overall","choose","compare","logical","query","verify"
"40.92065511210049","66.16474756421611","54.83870967741935","64.50360510260677","21.689933872152828","63.85435168738899"
