"split","Overall","Instance Attributes","Instance Identity","Instance Interaction","Instance Location","Instances Counting","Scene Understanding","Spatial Relation","Text Understanding","Visual Reasoning"
"none","0.5595137717819","0.5519466551946656","0.5707263790278536","0.6185567010309279","0.4570552147239264","0.5018389865140989","0.649461684610513","0.4520547945205479","0.5714285714285714","0.6676737160120846"
