"split","Overall","AR","CP","FP-C","FP-S","LR","RR","action_recognition","attribute_comparison","attribute_recognition","celebrity_recognition","function_reasoning","future_prediction","identity_reasoning","image_emotion","image_quality","image_scene","image_style","image_topic","nature_relation","object_localization","ocr","physical_property_reasoning","physical_relation","social_relation","spatial_relationship","structuralized_imagetext_understanding"
"dev","0.5541237113402062","0.6934673366834171","0.6925675675675675","0.4125874125874126","0.5290102389078498","0.3389830508474576","0.41739130434782606","0.6111111111111112","0.4772727272727273","0.6621621621621622","0.5151515151515151","0.6835443037974683","0.225","0.8666666666666667","0.62","0.7735849056603774","0.8173076923076923","0.41509433962264153","0.7222222222222222","0.3125","0.43209876543209874","0.5128205128205128","0.6","0.625","0.4186046511627907","0.1111111111111111","0.3974358974358974"
