"split","Overall","acc","precision","recall"
"Overall","78.64937732699961","81.52222222222221","93.12861051991487","68.06666666666666"
"adversarial","77.61307487647284","80.36666666666666","90.27409372236959","68.06666666666666"
"random","79.79679562329035","82.76666666666667","96.41170915958452","68.06666666666666"
"popular","78.56868026163907","81.43333333333334","92.90263876251137","68.06666666666666"
