"split","Overall","AR","CP","FP-C","FP-S","LR","RR","action_recognition","attribute_comparison","attribute_recognition","celebrity_recognition","function_reasoning","future_prediction","identity_reasoning","image_emotion","image_quality","image_scene","image_style","image_topic","nature_relation","object_localization","ocr","physical_property_reasoning","physical_relation","social_relation","spatial_relationship","structuralized_imagetext_understanding"
"dev","0.5189003436426117","0.5979899497487438","0.6756756756756757","0.44755244755244755","0.5051194539249146","0.2288135593220339","0.4","0.6666666666666666","0.4772727272727273","0.7297297297297297","0.48484848484848486","0.6835443037974683","0.2","0.8666666666666667","0.62","0.4716981132075472","0.8942307692307693","0.5094339622641509","0.6666666666666666","0.2916666666666667","0.30864197530864196","0.5384615384615384","0.3466666666666667","0.25","0.6046511627906976","0.15555555555555556","0.24358974358974358"
