"split","Overall","Instance Attributes","Instance Identity","Instance Interaction","Instance Location","Instances Counting","Scene Understanding","Spatial Relation","Text Understanding","Visual Reasoning"
"none","0.6247189432265318","0.6603570660357067","0.6313489896231568","0.5670103092783505","0.5286298568507157","0.5259501430322844","0.7023432552248259","0.4611872146118721","0.6190476190476191","0.7039274924471299"
