"Overall","choose","compare","logical","query","verify"
"8.745428525997774","14.260407440212578","2.5466893039049237","30.615640599001665","1.1756061719324025","12.966252220248666"
