"split","Overall","acc","precision","recall"
"Overall","61.82094081942338","72.04444444444445","97.46411483253588","45.266666666666666"
"popular","61.69922762380736","71.89999999999999","96.86162624821684","45.266666666666666"
"random","62.236480293308894","72.53333333333333","99.56011730205279","45.266666666666666"
"adversarial","61.5314907113729","71.7","96.03960396039604","45.266666666666666"
