"Overall","choose","compare","logical","query","verify"
"6.082048020352997","4.782993799822853","3.904923599320883","16.916250693288962","3.4827332843497425","6.483126110124333"
