"split","Overall","Instance Attributes","Instance Identity","Instance Interaction","Instance Location","Instances Counting","Scene Understanding","Spatial Relation","Text Understanding","Visual Reasoning"
"none","0.6566891512085441","0.6936975693697569","0.647187329328236","0.6907216494845361","0.5858895705521472","0.5427053534940743","0.7374920835972134","0.532724505327245","0.5952380952380952","0.7220543806646526"
