"split","Overall","AR","CP","FP-C","FP-S","LR","RR","action_recognition","attribute_comparison","attribute_recognition","celebrity_recognition","function_reasoning","future_prediction","identity_reasoning","image_emotion","image_quality","image_scene","image_style","image_topic","nature_relation","object_localization","ocr","physical_property_reasoning","physical_relation","social_relation","spatial_relationship","structuralized_imagetext_understanding"
"dev","0.5884879725085911","0.6582914572864321","0.722972972972973","0.46853146853146854","0.5972696245733788","0.2711864406779661","0.5739130434782609","0.7037037037037037","0.4318181818181818","0.8513513513513513","0.6262626262626263","0.7215189873417721","0.175","0.9111111111111111","0.58","0.5471698113207547","0.8942307692307693","0.660377358490566","0.7777777777777778","0.3958333333333333","0.345679012345679","0.5641025641025641","0.44","0.6666666666666666","0.7209302325581395","0.2222222222222222","0.32051282051282054"
