"split","Overall","acc","precision","recall"
"Overall","84.87076120464785","85.82222222222222","90.97610574478901","79.53333333333333"
"random","87.62394417921409","88.76666666666667","97.54701553556828","79.53333333333333"
"popular","84.6099290780142","85.53333333333333","90.37878787878788","79.53333333333333"
"adversarial","82.53199584918714","83.16666666666667","85.76563623292596","79.53333333333333"
