"split","Overall","AR","CP","FP-C","FP-S","LR","RR","action_recognition","attribute_comparison","attribute_recognition","celebrity_recognition","function_reasoning","future_prediction","identity_reasoning","image_emotion","image_quality","image_scene","image_style","image_topic","nature_relation","object_localization","ocr","physical_property_reasoning","physical_relation","social_relation","spatial_relationship","structuralized_imagetext_understanding"
"dev","0.6709621993127147","0.7839195979899497","0.8344594594594594","0.46853146853146854","0.6757679180887372","0.3898305084745763","0.5826086956521739","0.8703703703703703","0.3409090909090909","0.8378378378378378","0.6666666666666666","0.810126582278481","0.3","0.9555555555555556","0.78","0.7547169811320755","0.9711538461538461","0.6792452830188679","0.8611111111111112","0.375","0.5432098765432098","0.6666666666666666","0.6533333333333333","0.5833333333333334","0.813953488372093","0.1111111111111111","0.4358974358974359"
