"split","Overall","Instance Attributes","Instance Identity","Instance Interaction","Instance Location","Instances Counting","Scene Understanding","Spatial Relation","Text Understanding","Visual Reasoning"
"none","0.6726391231028668","0.698859969885997","0.7023484434735118","0.6804123711340206","0.5848670756646217","0.5868410298324479","0.74034198860038","0.4931506849315068","0.7619047619047619","0.7190332326283988"
