"Overall","choose","compare","logical","query","verify"
"49.47527428844013","76.2621789193977","54.159592529711375","69.77260122018858","31.41807494489346","73.13499111900533"
