"Overall","choose","compare","logical","query","verify"
"51.00174908570519","78.29937998228522","58.74363327674024","70.60454797559623","33.372520205731085","72.86856127886323"
