"split","Overall","AR","CP","FP-C","FP-S","LR","RR","action_recognition","attribute_comparison","attribute_recognition","celebrity_recognition","function_reasoning","future_prediction","identity_reasoning","image_emotion","image_quality","image_scene","image_style","image_topic","nature_relation","object_localization","ocr","physical_property_reasoning","physical_relation","social_relation","spatial_relationship","structuralized_imagetext_understanding"
"dev","0.4261168384879725","0.4472361809045226","0.5472972972972973","0.5384615384615384","0.45733788395904434","0.1271186440677966","0.16521739130434782","0.6851851851851852","0.4090909090909091","0.6486486486486487","0.31313131313131315","0.569620253164557","0.2","0.8444444444444444","0.54","0.05660377358490566","0.7596153846153846","0.4716981132075472","0.7777777777777778","0.125","0.345679012345679","0.6923076923076923","0.08","0.25","0.16279069767441862","0.4888888888888889","0.08974358974358974"
