"split","Overall","Instance Attributes","Instance Identity","Instance Interaction","Instance Location","Instances Counting","Scene Understanding","Spatial Relation","Text Understanding","Visual Reasoning"
"none","0.5803822372119168","0.6407829640782964","0.5996723102129984","0.5979381443298969","0.556237218813906","0.5181855333060891","0.5614312856238125","0.5646879756468798","0.7023809523809523","0.3323262839879154"
