"split","Overall","acc","precision","recall"
"Overall","74.55134596211366","77.3111111111111","84.87514188422247","66.46666666666667"
"random","78.04305283757338","81.3","94.50236966824644","66.46666666666667"
"popular","73.74260355029585","76.33333333333333","82.80730897009967","66.46666666666667"
"adversarial","72.11573236889693","74.3","78.81422924901186","66.46666666666667"
