"split","Overall","Instance Attributes","Instance Identity","Instance Interaction","Instance Location","Instances Counting","Scene Understanding","Spatial Relation","Text Understanding","Visual Reasoning"
"none","0.5672428330522765","0.5796945579694558","0.56799563080284","0.5670103092783505","0.4948875255623722","0.4765018389865141","0.6637112096263458","0.4216133942161339","0.5238095238095238","0.6525679758308157"
