"split","Overall","acc","precision","recall"
"Overall","72.31164615176517","77.25555555555556","92.39543726235742","59.4"
"adversarial","71.22302158273382","76.0","88.92215568862275","59.4"
"popular","72.35079171741778","77.3","92.5233644859813","59.4"
"random","73.39373970345963","78.46666666666667","96.01293103448276","59.4"
