"split","Overall","AR","CP","FP-C","FP-S","LR","RR","action_recognition","attribute_comparison","attribute_recognition","celebrity_recognition","function_reasoning","future_prediction","identity_reasoning","image_emotion","image_quality","image_scene","image_style","image_topic","nature_relation","object_localization","ocr","physical_property_reasoning","physical_relation","social_relation","spatial_relationship","structuralized_imagetext_understanding"
"dev","0.45618556701030927","0.5879396984924623","0.5912162162162162","0.32867132867132864","0.4402730375426621","0.1864406779661017","0.3565217391304348","0.5185185185185185","0.29545454545454547","0.6621621621621622","0.40404040404040403","0.6329113924050633","0.125","0.8","0.44","0.49056603773584906","0.7884615384615384","0.41509433962264153","0.6388888888888888","0.22916666666666666","0.25925925925925924","0.48717948717948717","0.41333333333333333","0.20833333333333334","0.5813953488372093","0.13333333333333333","0.21794871794871795"
