"Overall","choose","compare","logical","query","verify"
"6.892987756400064","11.603188662533215","1.5280135823429541","23.23904603438713","1.2049963262307128","10.035523978685614"
