"split","Overall","acc","precision","recall"
"Overall","67.01662292213474","74.86666666666667","97.45547073791349","51.06666666666667"
"adversarial","66.55082536924415","74.33333333333333","95.51122194513717","51.06666666666667"
"popular","67.0753064798599","74.93333333333332","97.70408163265306","51.06666666666667"
"random","67.42957746478872","75.33333333333333","99.22279792746113","51.06666666666667"
