"split","Overall","Instance Attributes","Instance Identity","Instance Interaction","Instance Location","Instances Counting","Scene Understanding","Spatial Relation","Text Understanding","Visual Reasoning"
"none","0.6478358628442945","0.6853086685308668","0.6176952484980884","0.6494845360824743","0.5971370143149284","0.5488353085410707","0.7251424952501583","0.5342465753424658","0.5238095238095238","0.6888217522658611"
