"Overall","choose","compare","logical","query","verify"
"8.570519955477817","8.325952170062003","5.263157894736842","20.798668885191347","4.878765613519471","10.923623445825932"
