"split","Overall","AR","CP","FP-C","FP-S","LR","RR","action_recognition","attribute_comparison","attribute_recognition","celebrity_recognition","function_reasoning","future_prediction","identity_reasoning","image_emotion","image_quality","image_scene","image_style","image_topic","nature_relation","object_localization","ocr","physical_property_reasoning","physical_relation","social_relation","spatial_relationship","structuralized_imagetext_understanding"
"dev","0.563573883161512","0.6231155778894473","0.6891891891891891","0.42657342657342656","0.5733788395904437","0.23728813559322035","0.6173913043478261","0.7777777777777778","0.25","0.7972972972972973","0.6464646464646465","0.620253164556962","0.2","0.9111111111111111","0.5","0.5660377358490566","0.8846153846153846","0.660377358490566","0.6111111111111112","0.3958333333333333","0.37037037037037035","0.38461538461538464","0.4533333333333333","0.7083333333333334","0.813953488372093","0.17777777777777778","0.2564102564102564"
