"split","Overall","Instance Attributes","Instance Identity","Instance Interaction","Instance Location","Instances Counting","Scene Understanding","Spatial Relation","Text Understanding","Visual Reasoning"
"none","0.6598510399100619","0.7098300709830071","0.6597487711632988","0.6082474226804123","0.5777096114519428","0.5565999182672661","0.7314756174794174","0.4611872146118721","0.5595238095238095","0.716012084592145"
