"Overall","choose","compare","logical","query","verify"
"11.369057083797106","19.309123117803363","9.337860780984721","38.54686633388796","1.4401175606171932","16.163410301953817"
