"split","Overall","AR","CP","FP-C","FP-S","LR","RR","action_recognition","attribute_comparison","attribute_recognition","celebrity_recognition","function_reasoning","future_prediction","identity_reasoning","image_emotion","image_quality","image_scene","image_style","image_topic","nature_relation","object_localization","ocr","physical_property_reasoning","physical_relation","social_relation","spatial_relationship","structuralized_imagetext_understanding"
"dev","0.5687285223367697","0.6432160804020101","0.7432432432432432","0.4755244755244755","0.590443686006826","0.19491525423728814","0.43478260869565216","0.8148148148148148","0.38636363636363635","0.8108108108108109","0.5757575757575758","0.7341772151898734","0.175","0.9111111111111111","0.64","0.4528301886792453","0.9423076923076923","0.7547169811320755","0.7222222222222222","0.3125","0.43209876543209874","0.5384615384615384","0.38666666666666666","0.16666666666666666","0.7209302325581395","0.15555555555555556","0.20512820512820512"
