"split","Overall","acc","precision","recall"
"Overall","81.83541903678423","84.03333333333333","94.89885664028144","71.93333333333334"
"adversarial","80.88455772113944","83.0","92.38013698630137","71.93333333333334"
"popular","81.89753320683111","84.1","95.06607929515418","71.93333333333334"
"random","82.74539877300614","85.0","97.3826714801444","71.93333333333334"
