"Overall","choose","compare","logical","query","verify"
"49.13340753696931","74.84499557130204","62.64855687606112","69.05158069883528","31.447465099191767","70.20426287744228"
