"split","Overall","AR","CP","FP-C","FP-S","LR","RR","action_recognition","attribute_comparison","attribute_recognition","celebrity_recognition","function_reasoning","future_prediction","identity_reasoning","image_emotion","image_quality","image_scene","image_style","image_topic","nature_relation","object_localization","ocr","physical_property_reasoning","physical_relation","social_relation","spatial_relationship","structuralized_imagetext_understanding"
"dev","0.5816151202749141","0.6633165829145728","0.6756756756756757","0.5734265734265734","0.5324232081911263","0.4915254237288136","0.4260869565217391","0.6666666666666666","0.5681818181818182","0.6216216216216216","0.5151515151515151","0.759493670886076","0.375","0.9333333333333333","0.48","0.6792452830188679","0.7884615384615384","0.5471698113207547","0.8055555555555556","0.3958333333333333","0.3950617283950617","0.6923076923076923","0.4","0.4166666666666667","0.46511627906976744","0.4666666666666667","0.5512820512820513"
