"split","Overall","Instance Attributes","Instance Identity","Instance Interaction","Instance Location","Instances Counting","Scene Understanding","Spatial Relation","Text Understanding","Visual Reasoning"
"none","0.6160061832490163","0.6283071628307163","0.6220644456581104","0.6391752577319587","0.5644171779141104","0.5382100531262771","0.6773274224192527","0.5403348554033486","0.6666666666666666","0.6827794561933535"
