"split","Overall","acc","precision","recall"
"Overall","70.68579702514151","75.25555555555556","86.69680335808847","59.66666666666667"
"popular","69.62271489692726","73.96666666666667","83.56676003734827","59.66666666666667"
"adversarial","69.0320092556884","73.23333333333333","81.8847209515096","59.66666666666667"
"random","73.57172215371969","78.56666666666666","95.92711682743837","59.66666666666667"
