"split","Overall","acc","precision","recall"
"Overall","87.21371849464839","87.65555555555555","90.4511816662688","84.2"
"popular","87.22375690607736","87.66666666666667","90.4727793696275","84.2"
"adversarial","84.65147453083111","84.73333333333333","85.1078167115903","84.2"
"random","89.9252402990388","90.56666666666666","96.48586707410237","84.2"
