"split","Overall","AR","CP","FP-C","FP-S","LR","RR","action_recognition","attribute_comparison","attribute_recognition","celebrity_recognition","function_reasoning","future_prediction","identity_reasoning","image_emotion","image_quality","image_scene","image_style","image_topic","nature_relation","object_localization","ocr","physical_property_reasoning","physical_relation","social_relation","spatial_relationship","structuralized_imagetext_understanding"
"dev","0.7938144329896907","0.8542713567839196","0.847972972972973","0.6783216783216783","0.8395904436860068","0.5847457627118644","0.7913043478260869","0.9444444444444444","0.7727272727272727","0.9594594594594594","0.8484848484848485","0.8860759493670886","0.45","1.0","0.78","0.660377358490566","0.9615384615384616","0.8679245283018868","0.8611111111111112","0.6875","0.6790123456790124","0.9230769230769231","0.7333333333333333","0.75","0.9302325581395349","0.26666666666666666","0.6538461538461539"
