"split","Overall","Instance Attributes","Instance Identity","Instance Interaction","Instance Location","Instances Counting","Scene Understanding","Spatial Relation","Text Understanding","Visual Reasoning"
"none","0.7199971894322653","0.7420950742095074","0.7345712725286728","0.7835051546391752","0.65439672801636","0.6428279525950144","0.77897403419886","0.5707762557077626","0.8095238095238095","0.7854984894259819"
