"Overall","choose","compare","logical","query","verify"
"44.22006678327238","52.524357838795396","38.37011884550085","59.844703272323905","37.119764878765615","50.53285968028419"
