"split","Overall","AR","CP","FP-C","FP-S","LR","RR","action_recognition","attribute_comparison","attribute_recognition","celebrity_recognition","function_reasoning","future_prediction","identity_reasoning","image_emotion","image_quality","image_scene","image_style","image_topic","nature_relation","object_localization","ocr","physical_property_reasoning","physical_relation","social_relation","spatial_relationship","structuralized_imagetext_understanding"
"dev","0.5738831615120275","0.5226130653266332","0.722972972972973","0.6783216783216783","0.6348122866894198","0.19491525423728814","0.3826086956521739","0.8888888888888888","0.5681818181818182","0.7567567567567568","0.6666666666666666","0.759493670886076","0.325","0.8888888888888888","0.76","0.1509433962264151","0.9038461538461539","0.8301886792452831","0.8333333333333334","0.10416666666666667","0.4444444444444444","0.717948717948718","0.05333333333333334","0.375","0.6976744186046512","0.5333333333333333","0.1282051282051282"
