"split","Overall","acc","precision","recall"
"Overall","72.55504982162627","75.21111111111111","81.262055662717","65.53333333333333"
"random","76.52783184118334","79.9","91.95509822263797","65.53333333333333"
"adversarial","70.59245960502693","72.7","76.49805447470817","65.53333333333333"
"popular","70.84684684684684","73.03333333333333","77.09803921568627","65.53333333333333"
