"split","Overall","AR","CP","FP-C","FP-S","LR","RR","action_recognition","attribute_comparison","attribute_recognition","celebrity_recognition","function_reasoning","future_prediction","identity_reasoning","image_emotion","image_quality","image_scene","image_style","image_topic","nature_relation","object_localization","ocr","physical_property_reasoning","physical_relation","social_relation","spatial_relationship","structuralized_imagetext_understanding"
"dev","0.6426116838487973","0.7537688442211056","0.7128378378378378","0.5454545454545454","0.6279863481228669","0.5423728813559322","0.5304347826086957","0.7592592592592593","0.5","0.7432432432432432","0.6868686868686869","0.759493670886076","0.45","0.8888888888888888","0.6","0.7169811320754716","0.8269230769230769","0.5283018867924528","0.8055555555555556","0.3958333333333333","0.41975308641975306","0.6923076923076923","0.6666666666666666","0.4583333333333333","0.7209302325581395","0.3333333333333333","0.5897435897435898"
