"split","Overall","acc","precision","recall"
"Overall","82.95241663544398","84.83333333333334","94.69632164242942","73.8"
"random","83.89541492989768","85.83333333333333","97.19051799824408","73.8"
"adversarial","81.87869822485206","83.66666666666667","91.94352159468438","73.8"
"popular","83.1081081081081","85.0","95.10309278350515","73.8"
