"split","Overall","AR","CP","FP-C","FP-S","LR","RR","action_recognition","attribute_comparison","attribute_recognition","celebrity_recognition","function_reasoning","future_prediction","identity_reasoning","image_emotion","image_quality","image_scene","image_style","image_topic","nature_relation","object_localization","ocr","physical_property_reasoning","physical_relation","social_relation","spatial_relationship","structuralized_imagetext_understanding"
"dev","0.5790378006872853","0.6432160804020101","0.75","0.46153846153846156","0.6143344709897611","0.22033898305084745","0.45217391304347826","0.7592592592592593","0.4090909090909091","0.8378378378378378","0.6464646464646465","0.7341772151898734","0.175","0.9111111111111111","0.68","0.5094339622641509","0.9326923076923077","0.7169811320754716","0.7222222222222222","0.3333333333333333","0.38271604938271603","0.5897435897435898","0.38666666666666666","0.25","0.6976744186046512","0.15555555555555556","0.24358974358974358"
