"split","Overall","AR","CP","FP-C","FP-S","LR","RR","action_recognition","attribute_comparison","attribute_recognition","celebrity_recognition","function_reasoning","future_prediction","identity_reasoning","image_emotion","image_quality","image_scene","image_style","image_topic","nature_relation","object_localization","ocr","physical_property_reasoning","physical_relation","social_relation","spatial_relationship","structuralized_imagetext_understanding"
"dev","0.5120274914089347","0.5226130653266332","0.6486486486486487","0.6503496503496503","0.5597269624573379","0.11016949152542373","0.2608695652173913","0.8703703703703703","0.5909090909090909","0.7432432432432432","0.48484848484848486","0.7088607594936709","0.225","0.9111111111111111","0.66","0.1320754716981132","0.8557692307692307","0.7169811320754716","0.6944444444444444","0.0625","0.49382716049382713","0.5384615384615384","0.09333333333333334","0.2916666666666667","0.46511627906976744","0.4444444444444444","0.05128205128205128"
