"Overall","choose","compare","logical","query","verify"
"55.350612179996816","82.55093002657219","60.95076400679117","74.70881863560732","38.41293166789126","75.93250444049734"
