"split","Overall","acc","precision","recall"
"Overall","78.23400695070151","81.21111111111111","92.96420923829918","67.53333333333333"
"random","79.8581001182499","82.96666666666667","97.68563162970106","67.53333333333333"
"adversarial","76.45283018867924","79.2","88.08695652173914","67.53333333333333"
"popular","78.46630518977537","81.46666666666667","93.62292051756008","67.53333333333333"
