"split","Overall","Instance Attributes","Instance Identity","Instance Interaction","Instance Location","Instances Counting","Scene Understanding","Spatial Relation","Text Understanding","Visual Reasoning"
"none","0.6522625070264193","0.7137018713701871","0.6663025669033316","0.6804123711340206","0.65439672801636","0.6219861054352268","0.609879670677644","0.6225266362252664","0.7380952380952381","0.36253776435045315"
