"split","Overall","AR","CP","FP-C","FP-S","LR","RR","action_recognition","attribute_comparison","attribute_recognition","celebrity_recognition","function_reasoning","future_prediction","identity_reasoning","image_emotion","image_quality","image_scene","image_style","image_topic","nature_relation","object_localization","ocr","physical_property_reasoning","physical_relation","social_relation","spatial_relationship","structuralized_imagetext_understanding"
"dev","0.7955326460481099","0.8442211055276382","0.8783783783783784","0.6643356643356644","0.8020477815699659","0.6271186440677966","0.8173913043478261","0.8888888888888888","0.6590909090909091","0.9054054054054054","0.9292929292929293","0.8987341772151899","0.5","1.0","0.8","0.6981132075471698","0.9807692307692307","0.8867924528301887","0.9444444444444444","0.7916666666666666","0.5061728395061729","0.8974358974358975","0.6933333333333334","0.625","0.9534883720930233","0.4","0.6923076923076923"
