"Overall","choose","compare","logical","query","verify"
"58.91238670694864","82.19663418954826","64.00679117147709","77.3710482529118","41.83688464364438","82.72646536412078"
