"split","Overall","Accounting","Agriculture","Architecture_and_Engineering","Art","Art_Theory","Basic_Medical_Science","Biology","Chemistry","Clinical_Medicine","Computer_Science","Design","Diagnostics_and_Laboratory_Medicine","Economics","Electronics","Energy_and_Power","Finance","Geography","History","Literature","Manage","Marketing","Materials","Math","Mechanical_Engineering","Music","Pharmacy","Physics","Psychology","Public_Health","Sociology","Art & Design","Business","Health & Medicine","Humanities & Social Science","Science","Tech & Engineering"
"validation","0.4122222222222222","0.16666666666666666","0.5666666666666667","0.1","0.5333333333333333","0.7333333333333333","0.6666666666666666","0.4","0.2","0.43333333333333335","0.36666666666666664","0.7333333333333333","0.4666666666666667","0.43333333333333335","0.1","0.13333333333333333","0.16666666666666666","0.36666666666666664","0.7666666666666667","0.8","0.36666666666666664","0.5333333333333333","0.1","0.2","0.16666666666666666","0.26666666666666666","0.5","0.2","0.6666666666666666","0.5666666666666667","0.6666666666666666","0.5666666666666667","0.3333333333333333","0.5266666666666666","0.725","0.2733333333333333","0.21904761904761905"
"dev","0.4","0.2","0.4","0.0","0.4","0.6","1.0","0.6","0.2","0.2","0.6","0.6","0.4","0.8","0.0","0.4","0.0","0.0","1.0","0.8","0.4","0.2","0.4","0.2","0.0","0.0","0.4","0.6","0.8","0.0","0.8","0.4","0.32","0.4","0.85","0.32","0.2571428571428571"
