{
    "Bleu": [
        15.716716290939988,
        9.315040523438835,
        5.066793715550722,
        2.7635004703212735
    ],
    "ROUGE_L": 16.050394077941426,
    "CIDEr": 0.0017725137889050189
}