"split","Overall","Instance Attributes","Instance Identity","Instance Interaction","Instance Location","Instances Counting","Scene Understanding","Spatial Relation","Text Understanding","Visual Reasoning"
"none","0.7380550871275998","0.7593030759303075","0.7760786455488804","0.7319587628865979","0.6738241308793456","0.6669391091131999","0.7792906903103229","0.6225266362252664","0.7023809523809523","0.7915407854984894"
