"split","Overall","AR","CP","FP-C","FP-S","LR","RR","action_recognition","attribute_comparison","attribute_recognition","celebrity_recognition","function_reasoning","future_prediction","identity_reasoning","image_emotion","image_quality","image_scene","image_style","image_topic","nature_relation","object_localization","ocr","physical_property_reasoning","physical_relation","social_relation","spatial_relationship","structuralized_imagetext_understanding"
"dev","0.44072164948453607","0.5879396984924623","0.4797297297297297","0.34265734265734266","0.3993174061433447","0.4661016949152542","0.28695652173913044","0.4444444444444444","0.4090909090909091","0.5945945945945946","0.2828282828282828","0.5569620253164557","0.375","0.6444444444444445","0.38","0.5849056603773585","0.5192307692307693","0.3584905660377358","0.5277777777777778","0.3125","0.25925925925925924","0.6153846153846154","0.5866666666666667","0.2916666666666667","0.2558139534883721","0.15555555555555556","0.5128205128205128"
