"split","Overall","Instance Attributes","Instance Identity","Instance Interaction","Instance Location","Instances Counting","Scene Understanding","Spatial Relation","Text Understanding","Visual Reasoning"
"none","0.4992270938729623","0.5115078511507851","0.4773347897323867","0.5670103092783505","0.4652351738241309","0.4270535349407438","0.5554148195060165","0.487062404870624","0.5238095238095238","0.5438066465256798"
