"split","Overall","acc","precision","recall"
"Overall","60.56060007895776","66.7","74.24975798644724","51.13333333333333"
"adversarial","58.304827061953624","63.43333333333333","67.81609195402298","51.13333333333333"
"random","62.20600162206","68.93333333333334","79.39958592132506","51.13333333333333"
"popular","61.310951239008794","67.73333333333333","76.54690618762476","51.13333333333333"
