"Overall","choose","compare","logical","query","verify"
"40.79344887899507","61.20460584588131","56.196943972835314","62.229617304492514","23.08596620132256","62.87744227353463"
