"split","Overall","Instance Attributes","Instance Identity","Instance Interaction","Instance Location","Instances Counting","Scene Understanding","Spatial Relation","Text Understanding","Visual Reasoning"
"none","0.5565626756604835","0.5844267584426759","0.5308574549426542","0.5876288659793815","0.4815950920245399","0.47323252962811607","0.6291956934768841","0.4398782343987823","0.6071428571428571","0.6616314199395771"
