"split","Overall","AR","CP","FP-C","FP-S","LR","RR","action_recognition","attribute_comparison","attribute_recognition","celebrity_recognition","function_reasoning","future_prediction","identity_reasoning","image_emotion","image_quality","image_scene","image_style","image_topic","nature_relation","object_localization","ocr","physical_property_reasoning","physical_relation","social_relation","spatial_relationship","structuralized_imagetext_understanding"
"dev","0.552405498281787","0.6381909547738693","0.668918918918919","0.4965034965034965","0.5392491467576792","0.3050847457627119","0.4608695652173913","0.6111111111111112","0.6590909090909091","0.7432432432432432","0.5454545454545454","0.6708860759493671","0.325","0.7555555555555555","0.52","0.6792452830188679","0.7884615384615384","0.5660377358490566","0.6666666666666666","0.3541666666666667","0.3950617283950617","0.4358974358974359","0.5333333333333333","0.5","0.5581395348837209","0.2","0.2948717948717949"
