"Overall","choose","compare","logical","query","verify"
"39.72014628716807","56.421612046058456","50.59422750424448","59.567387687188024","24.864070536370317","57.50444049733571"
