"split","Overall","acc","precision","recall"
"Overall","70.86614173228347","74.1","80.97686375321337","63.0"
"popular","69.87060998151571","72.83333333333334","78.42323651452283","63.0"
"random","74.17582417582418","78.06666666666666","90.17175572519083","63.0"
"adversarial","68.77729257641921","71.39999999999999","75.72115384615384","63.0"
