"split","Overall","acc","precision","recall"
"Overall","58.520599250936336","70.46666666666667","98.27044025157232","41.66666666666667"
"random","58.768218147625774","70.76666666666667","99.68102073365232","41.66666666666667"
"adversarial","58.27505827505828","70.16666666666667","96.89922480620154","41.66666666666667"
"popular","58.520599250936336","70.46666666666667","98.27044025157232","41.66666666666667"
