"split","Overall","AR","CP","FP-C","FP-S","LR","RR","action_recognition","attribute_comparison","attribute_recognition","celebrity_recognition","function_reasoning","future_prediction","identity_reasoning","image_emotion","image_quality","image_scene","image_style","image_topic","nature_relation","object_localization","ocr","physical_property_reasoning","physical_relation","social_relation","spatial_relationship","structuralized_imagetext_understanding"
"dev","0.5713058419243986","0.6532663316582915","0.6993243243243243","0.3916083916083916","0.5972696245733788","0.2711864406779661","0.5652173913043478","0.7222222222222222","0.22727272727272727","0.7972972972972973","0.6666666666666666","0.6835443037974683","0.175","0.9555555555555556","0.58","0.5471698113207547","0.8557692307692307","0.660377358490566","0.6944444444444444","0.375","0.32098765432098764","0.6153846153846154","0.44","0.5833333333333334","0.7674418604651163","0.15555555555555556","0.32051282051282054"
