"split","Overall","Instance Attributes","Instance Identity","Instance Interaction","Instance Location","Instances Counting","Scene Understanding","Spatial Relation","Text Understanding","Visual Reasoning"
"none","0.6467116357504216","0.6620778662077866","0.6493719279082468","0.6907216494845361","0.5869120654396728","0.5578259092766653","0.727359088030399","0.5372907153729072","0.5952380952380952","0.6978851963746223"
