"Overall","choose","compare","logical","query","verify"
"3.132453490221021","1.771479185119575","2.3769100169779285","7.76483638380477","2.2336517266715648","3.019538188277087"
