"Overall","choose","compare","logical","query","verify"
"53.0052472571156","78.03365810451727","55.34804753820034","71.8801996672213","35.900073475385746","76.42095914742451"
