"split","Overall","AR","CP","FP-C","FP-S","LR","RR","action_recognition","attribute_comparison","attribute_recognition","celebrity_recognition","function_reasoning","future_prediction","identity_reasoning","image_emotion","image_quality","image_scene","image_style","image_topic","nature_relation","object_localization","ocr","physical_property_reasoning","physical_relation","social_relation","spatial_relationship","structuralized_imagetext_understanding"
"dev","0.6512027491408935","0.7286432160804021","0.8108108108108109","0.5314685314685315","0.6689419795221843","0.3135593220338983","0.5565217391304348","0.8888888888888888","0.38636363636363635","0.8108108108108109","0.7070707070707071","0.8227848101265823","0.275","0.9111111111111111","0.7","0.6981132075471698","0.9711538461538461","0.7169811320754716","0.8055555555555556","0.3541666666666667","0.5802469135802469","0.48717948717948717","0.52","0.5","0.813953488372093","0.24444444444444444","0.3333333333333333"
