"split","Overall","acc","precision","recall"
"Overall","84.77718360071302","85.76666666666667","91.11111111111111","79.26666666666667"
"popular","84.77718360071302","85.76666666666667","91.11111111111111","79.26666666666667"
"adversarial","82.3977823977824","83.06666666666666","85.78643578643579","79.26666666666667"
"random","87.29809104258443","88.46666666666667","97.140522875817","79.26666666666667"
