"split","Overall","AR","CP","FP-C","FP-S","LR","RR","action_recognition","attribute_comparison","attribute_recognition","celebrity_recognition","function_reasoning","future_prediction","identity_reasoning","image_emotion","image_quality","image_scene","image_style","image_topic","nature_relation","object_localization","ocr","physical_property_reasoning","physical_relation","social_relation","spatial_relationship","structuralized_imagetext_understanding"
"dev","0.48195876288659795","0.5829145728643216","0.6317567567567568","0.34965034965034963","0.4778156996587031","0.2033898305084746","0.3826086956521739","0.5555555555555556","0.29545454545454547","0.6891891891891891","0.5050505050505051","0.6455696202531646","0.175","0.8222222222222222","0.48","0.5283018867924528","0.8269230769230769","0.4339622641509434","0.7222222222222222","0.22916666666666666","0.25925925925925924","0.46153846153846156","0.37333333333333335","0.20833333333333334","0.6511627906976745","0.15555555555555556","0.21794871794871795"
