"Overall","choose","compare","logical","query","verify"
"7.377961520114486","12.75465013286094","2.037351443123939","24.5146977260122","1.2490815576781777","10.879218472468917"
