"split","Overall","acc","precision","recall"
"Overall","73.60774818401936","78.2","93.25153374233128","60.8"
"random","74.47937933850551","79.16666666666666","96.10115911485775","60.8"
"adversarial","72.72727272727273","77.2","90.47619047619048","60.8"
"popular","73.6374646750101","78.23333333333333","93.3469805527124","60.8"
