"split","Overall","Instance Attributes","Instance Identity","Instance Interaction","Instance Location","Instances Counting","Scene Understanding","Spatial Relation","Text Understanding","Visual Reasoning"
"none","0.5788364249578415","0.5882985588298559","0.5914800655379574","0.5979381443298969","0.5081799591002045","0.48957907642010623","0.6697276757441418","0.4383561643835616","0.5119047619047619","0.6676737160120846"
