"split","Overall","Instance Attributes","Instance Identity","Instance Interaction","Instance Location","Instances Counting","Scene Understanding","Spatial Relation","Text Understanding","Visual Reasoning"
"none","0.7334176503653738","0.7573671757367175","0.7596941561987984","0.7216494845360825","0.6758691206543967","0.6693910911319984","0.7773907536415453","0.5570776255707762","0.8214285714285714","0.8066465256797583"
