"Overall","choose","compare","logical","query","verify"
"44.19621561456511","50.93002657218778","35.31409168081494","59.012756516916255","38.50110213078619","48.49023090586146"
