"split","Overall","acc","precision","recall"
"Overall","88.76067389799216","89.17777777777778","92.31877100336054","85.46666666666667"
"popular","88.87348353552859","89.3","92.56317689530687","85.46666666666667"
"adversarial","86.50472334682863","86.66666666666667","87.56830601092896","85.46666666666667"
"random","91.01881434149806","91.56666666666666","97.3424449506454","85.46666666666667"
