"split","Overall","AR","CP","FP-C","FP-S","LR","RR","action_recognition","attribute_comparison","attribute_recognition","celebrity_recognition","function_reasoning","future_prediction","identity_reasoning","image_emotion","image_quality","image_scene","image_style","image_topic","nature_relation","object_localization","ocr","physical_property_reasoning","physical_relation","social_relation","spatial_relationship","structuralized_imagetext_understanding"
"dev","0.7800687285223368","0.8341708542713567","0.8648648648648649","0.6573426573426573","0.8191126279863481","0.5254237288135594","0.782608695652174","0.9074074074074074","0.7272727272727273","0.972972972972973","0.8787878787878788","0.9113924050632911","0.425","0.9777777777777777","0.78","0.6981132075471698","0.9711538461538461","0.8867924528301887","0.8888888888888888","0.7083333333333334","0.6049382716049383","0.8205128205128205","0.6666666666666666","0.75","0.8837209302325582","0.28888888888888886","0.5769230769230769"
