"split","Overall","AR","CP","FP-C","FP-S","LR","RR","action_recognition","attribute_comparison","attribute_recognition","celebrity_recognition","function_reasoning","future_prediction","identity_reasoning","image_emotion","image_quality","image_scene","image_style","image_topic","nature_relation","object_localization","ocr","physical_property_reasoning","physical_relation","social_relation","spatial_relationship","structuralized_imagetext_understanding"
"dev","0.5395189003436426","0.5125628140703518","0.6925675675675675","0.6643356643356644","0.6075085324232082","0.11864406779661017","0.2956521739130435","0.8888888888888888","0.5909090909090909","0.7702702702702703","0.5757575757575758","0.7468354430379747","0.225","0.8444444444444444","0.74","0.18867924528301888","0.8653846153846154","0.7547169811320755","0.7777777777777778","0.10416666666666667","0.5185185185185185","0.5641025641025641","0.06666666666666667","0.3333333333333333","0.4883720930232558","0.4666666666666667","0.0641025641025641"
