"split","Overall","acc","precision","recall"
"Overall","80.13750954927426","82.66666666666667","93.82826475849731","69.93333333333334"
"adversarial","78.75375375375376","81.13333333333334","90.12027491408935","69.93333333333334"
"popular","80.01525553012966","82.53333333333333","93.49376114081997","69.93333333333334"
"random","81.69781931464175","84.33333333333334","98.22097378277154","69.93333333333334"
