"split","Overall","Instance Attributes","Instance Identity","Instance Interaction","Instance Location","Instances Counting","Scene Understanding","Spatial Relation","Text Understanding","Visual Reasoning"
"none","0.6711635750421585","0.7356420735642074","0.6968869470234844","0.6494845360824743","0.6789366053169734","0.6391499795668165","0.6212792906903103","0.634703196347032","0.7976190476190477","0.3595166163141994"
