"Overall","choose","compare","logical","query","verify"
"56.98839243122913","83.52524357838796","61.120543293718164","75.31891292290626","40.396767083027186","78.06394316163411"
