"Overall","choose","compare","logical","query","verify"
"43.440928605501675","53.764393268379095","39.72835314091681","60.89850249584027","34.092578986039676","53.50799289520426"
