"split","Overall","AR","CP","FP-C","FP-S","LR","RR","action_recognition","attribute_comparison","attribute_recognition","celebrity_recognition","function_reasoning","future_prediction","identity_reasoning","image_emotion","image_quality","image_scene","image_style","image_topic","nature_relation","object_localization","ocr","physical_property_reasoning","physical_relation","social_relation","spatial_relationship","structuralized_imagetext_understanding"
"dev","0.718213058419244","0.8190954773869347","0.8141891891891891","0.6293706293706294","0.7337883959044369","0.3474576271186441","0.7478260869565218","0.8888888888888888","0.7272727272727273","0.8513513513513513","0.797979797979798","0.8987341772151899","0.425","0.9555555555555556","0.62","0.7358490566037735","0.9423076923076923","0.8301886792452831","0.8055555555555556","0.6666666666666666","0.5925925925925926","0.6410256410256411","0.6533333333333333","0.75","0.8372093023255814","0.2222222222222222","0.3076923076923077"
