"split","Overall","acc","precision","recall"
"Overall","84.375","85.33333333333334","90.27355623100304","79.2"
"random","86.8421052631579","88.0","96.11650485436894","79.2"
"popular","84.34504792332268","85.3","90.20501138952164","79.2"
"adversarial","82.07253886010363","82.69999999999999","85.16129032258064","79.2"
