"split","Overall","Instance Attributes","Instance Identity","Instance Interaction","Instance Location","Instances Counting","Scene Understanding","Spatial Relation","Text Understanding","Visual Reasoning"
"none","0.6991989881956155","0.7246719724671973","0.7067176406335336","0.7216494845360825","0.6451942740286298","0.6174908050674295","0.7587080430652312","0.5464231354642314","0.8214285714285714","0.7613293051359517"
