"Overall","choose","compare","logical","query","verify"
"46.79599300365717","61.293179805137285","45.50084889643464","65.55740432612312","32.60837619397502","67.71758436944938"
