"split","Overall","AR","CP","FP-C","FP-S","LR","RR","action_recognition","attribute_comparison","attribute_recognition","celebrity_recognition","function_reasoning","future_prediction","identity_reasoning","image_emotion","image_quality","image_scene","image_style","image_topic","nature_relation","object_localization","ocr","physical_property_reasoning","physical_relation","social_relation","spatial_relationship","structuralized_imagetext_understanding"
"dev","0.7405498281786942","0.8090452261306532","0.831081081081081","0.6363636363636364","0.764505119453925","0.5338983050847458","0.6695652173913044","0.8518518518518519","0.75","0.8783783783783784","0.8181818181818182","0.8354430379746836","0.375","0.9555555555555556","0.76","0.7735849056603774","0.9423076923076923","0.6792452830188679","0.9166666666666666","0.5208333333333334","0.5432098765432098","0.8717948717948718","0.6933333333333334","0.625","0.8604651162790697","0.26666666666666666","0.6153846153846154"
