"split","Overall","acc","precision","recall"
"Overall","85.45643873654981","86.03333333333333","89.1383055756698","82.06666666666666"
"random","88.18051575931233","89.0","95.27863777089783","82.06666666666666"
"adversarial","82.83983849259758","83.0","83.62771739130434","82.06666666666666"
"popular","85.51580409864538","86.1","89.2675852066715","82.06666666666666"
