"split","Overall","Instance Attributes","Instance Identity","Instance Interaction","Instance Location","Instances Counting","Scene Understanding","Spatial Relation","Text Understanding","Visual Reasoning"
"none","0.6785413153456998","0.6799311679931168","0.699617695248498","0.7319587628865979","0.6186094069529653","0.6085002043318349","0.7555414819506017","0.5312024353120244","0.7738095238095238","0.7552870090634441"
