"split","Overall","acc","precision","recall"
"Overall","86.2657931679925","86.95555555555555","91.08201581027669","81.93333333333334"
"random","88.70443883074702","89.56666666666668","96.69551534225019","81.93333333333334"
"popular","86.36683063949403","87.06666666666666","91.3075780089153","81.93333333333334"
"adversarial","83.86216308427159","84.23333333333333","85.88399720475192","81.93333333333334"
