"Overall","choose","compare","logical","query","verify"
"44.251868341548736","54.472984942426926","40.2376910016978","61.23128119800333","35.66495224099926","52.53108348134992"
