"split","Overall","AR","CP","FP-C","FP-S","LR","RR","action_recognition","attribute_comparison","attribute_recognition","celebrity_recognition","function_reasoning","future_prediction","identity_reasoning","image_emotion","image_quality","image_scene","image_style","image_topic","nature_relation","object_localization","ocr","physical_property_reasoning","physical_relation","social_relation","spatial_relationship","structuralized_imagetext_understanding"
"dev","0.7396907216494846","0.8040201005025126","0.8445945945945946","0.6293706293706294","0.7815699658703071","0.3644067796610169","0.7739130434782608","0.8518518518518519","0.7272727272727273","0.9054054054054054","0.8484848484848485","0.8987341772151899","0.425","0.9555555555555556","0.68","0.6792452830188679","0.9711538461538461","0.8679245283018868","0.9166666666666666","0.6458333333333334","0.654320987654321","0.6410256410256411","0.6133333333333333","0.75","0.9302325581395349","0.26666666666666666","0.3333333333333333"
