"split","Overall","Instance Attributes","Instance Identity","Instance Interaction","Instance Location","Instances Counting","Scene Understanding","Spatial Relation","Text Understanding","Visual Reasoning"
"none","0.7139544688026982","0.7365024736502473","0.7209175314036046","0.711340206185567","0.6584867075664622","0.6428279525950144","0.772324255858138","0.5601217656012176","0.8095238095238095","0.7734138972809668"
