{
    "Bleu": [
        75.30389506358115,
        58.34783693535004,
        44.06123267821819,
        33.01981258311659
    ],
    "ROUGE_L": 54.2035376567089,
    "CIDEr": 95.75526063636647
}