"split","Overall","AR","CP","FP-C","FP-S","LR","RR","action_recognition","attribute_comparison","attribute_recognition","celebrity_recognition","function_reasoning","future_prediction","identity_reasoning","image_emotion","image_quality","image_scene","image_style","image_topic","nature_relation","object_localization","ocr","physical_property_reasoning","physical_relation","social_relation","spatial_relationship","structuralized_imagetext_understanding"
"dev","0.436426116838488","0.3869346733668342","0.6114864864864865","0.35664335664335667","0.5290102389078498","0.1694915254237288","0.20869565217391303","0.7222222222222222","0.18181818181818182","0.4864864864864865","0.8484848484848485","0.34177215189873417","0.2","0.7111111111111111","0.58","0.09433962264150944","0.8269230769230769","0.7169811320754716","0.6388888888888888","0.1875","0.1728395061728395","0.5384615384615384","0.24","0.20833333333333334","0.23255813953488372","0.08888888888888889","0.15384615384615385"
