"Overall","choose","compare","logical","query","verify"
"53.7128319287645","75.8193091231178","56.536502546689306","68.99611758180811","37.34019103600294","79.12966252220248"
