"split","Overall","acc","precision","recall"
"Overall","85.26391210890853","86.28888888888889","92.15281362932369","79.33333333333333"
"adversarial","83.07155322862128","83.83333333333334","87.17948717948718","79.33333333333333"
"popular","85.64231738035264","86.7","93.04143862392495","79.33333333333333"
"random","87.17948717948718","88.33333333333333","96.7479674796748","79.33333333333333"
