"split","Overall","Accounting","Agriculture","Architecture_and_Engineering","Art","Art_Theory","Basic_Medical_Science","Biology","Chemistry","Clinical_Medicine","Computer_Science","Design","Diagnostics_and_Laboratory_Medicine","Economics","Electronics","Energy_and_Power","Finance","Geography","History","Literature","Manage","Marketing","Materials","Math","Mechanical_Engineering","Music","Pharmacy","Physics","Psychology","Public_Health","Sociology","Art & Design","Business","Health & Medicine","Humanities & Social Science","Science","Tech & Engineering"
"dev","0.21333333333333335","0.2","0.2","0.2","0.4","0.6","0.4","0.2","0.0","0.0","0.2","0.4","0.0","0.2","0.0","0.2","0.0","0.0","0.6","0.4","0.4","0.0","0.2","0.0","0.0","0.4","0.0","0.0","0.4","0.2","0.6","0.45","0.16","0.12","0.5","0.04","0.14285714285714285"
"validation","0.27111111111111114","0.23333333333333334","0.26666666666666666","0.23333333333333334","0.3","0.5","0.4666666666666667","0.1","0.16666666666666666","0.26666666666666666","0.23333333333333334","0.6333333333333333","0.23333333333333334","0.3333333333333333","0.0","0.26666666666666666","0.0","0.1","0.4666666666666667","0.8333333333333334","0.2","0.2","0.2","0.23333333333333334","0.23333333333333334","0.23333333333333334","0.2","0.13333333333333333","0.23333333333333334","0.26666666666666666","0.36666666666666664","0.4166666666666667","0.19333333333333333","0.2866666666666667","0.475","0.14666666666666667","0.20476190476190476"
