"split","Overall","Instance Attributes","Instance Identity","Instance Interaction","Instance Location","Instances Counting","Scene Understanding","Spatial Relation","Text Understanding","Visual Reasoning"
"none","0.5713884204609331","0.5872230587223058","0.6373566357181868","0.5670103092783505","0.5398773006134969","0.4356354720065386","0.6592780240658644","0.4307458143074581","0.23809523809523808","0.6072507552870091"
