"Overall","choose","compare","logical","query","verify"
"53.83208777230084","75.90788308237379","56.536502546689306","66.05657237936772","37.89860396767083","80.41740674955595"
