"split","Overall","Accounting","Agriculture","Architecture_and_Engineering","Art","Art_Theory","Basic_Medical_Science","Biology","Chemistry","Clinical_Medicine","Computer_Science","Design","Diagnostics_and_Laboratory_Medicine","Economics","Electronics","Energy_and_Power","Finance","Geography","History","Literature","Manage","Marketing","Materials","Math","Mechanical_Engineering","Music","Pharmacy","Physics","Psychology","Public_Health","Sociology","Art & Design","Business","Health & Medicine","Humanities & Social Science","Science","Tech & Engineering"
"dev","0.18666666666666668","0.2","0.2","0.4","0.2","0.2","0.4","0.0","0.0","0.0","0.2","0.4","0.0","0.4","0.0","0.2","0.0","0.0","0.4","0.4","0.4","0.0","0.2","0.0","0.0","0.2","0.0","0.0","0.4","0.2","0.6","0.25","0.2","0.12","0.45","0.0","0.17142857142857143"
"validation","0.26666666666666666","0.3","0.36666666666666664","0.23333333333333334","0.4","0.4666666666666667","0.4","0.16666666666666666","0.26666666666666666","0.26666666666666666","0.23333333333333334","0.6","0.26666666666666666","0.26666666666666666","0.06666666666666667","0.16666666666666666","0.03333333333333333","0.13333333333333333","0.4666666666666667","0.8","0.16666666666666666","0.2","0.1","0.13333333333333333","0.1","0.23333333333333334","0.16666666666666666","0.16666666666666666","0.23333333333333334","0.23333333333333334","0.36666666666666664","0.425","0.19333333333333333","0.26666666666666666","0.4666666666666667","0.17333333333333334","0.18095238095238095"
