{
    "Bleu": [
        75.73723856078061,
        58.915508748590554,
        44.78406478045434,
        33.76387985912436
    ],
    "ROUGE_L": 54.66397130446074,
    "CIDEr": 97.83690310993366
}