"split","Overall","AR","CP","FP-C","FP-S","LR","RR","action_recognition","attribute_comparison","attribute_recognition","celebrity_recognition","function_reasoning","future_prediction","identity_reasoning","image_emotion","image_quality","image_scene","image_style","image_topic","nature_relation","object_localization","ocr","physical_property_reasoning","physical_relation","social_relation","spatial_relationship","structuralized_imagetext_understanding"
"dev","0.42955326460481097","0.3768844221105528","0.597972972972973","0.3706293706293706","0.5051194539249146","0.15254237288135594","0.25217391304347825","0.7222222222222222","0.18181818181818182","0.44594594594594594","0.8080808080808081","0.34177215189873417","0.225","0.7333333333333333","0.4","0.09433962264150944","0.8173076923076923","0.7924528301886793","0.6944444444444444","0.2916666666666667","0.2222222222222222","0.4358974358974359","0.2","0.16666666666666666","0.2558139534883721","0.13333333333333333","0.11538461538461539"
