"split","Overall","acc","precision","recall"
"Overall","84.64491362763916","85.77777777777777","91.97080291970804","78.4"
"popular","84.84848484848484","86.0","92.45283018867924","78.4"
"random","86.75765400221321","88.03333333333333","97.10982658959537","78.4"
"adversarial","82.43953732912725","83.3","86.91796008869179","78.4"
