"split","Overall","Instance Attributes","Instance Identity","Instance Interaction","Instance Location","Instances Counting","Scene Understanding","Spatial Relation","Text Understanding","Visual Reasoning"
"none","0.7256885890949972","0.7459668745966874","0.7498634625887494","0.7422680412371134","0.6646216768916156","0.6518185533306089","0.7777074097530082","0.6103500761035008","0.6785714285714286","0.7734138972809668"
