"split","Overall","acc","precision","recall"
"Overall","82.0551567812618","84.16666666666667","94.6817785527463","72.39999999999999"
"random","83.34612432847275","85.53333333333333","98.19168173598554","72.39999999999999"
"popular","82.14826021180029","84.26666666666667","94.93006993006993","72.39999999999999"
"adversarial","80.71348940914159","82.69999999999999","91.183879093199","72.39999999999999"
