"split","Overall","AR","CP","FP-C","FP-S","LR","RR","action_recognition","attribute_comparison","attribute_recognition","celebrity_recognition","function_reasoning","future_prediction","identity_reasoning","image_emotion","image_quality","image_scene","image_style","image_topic","nature_relation","object_localization","ocr","physical_property_reasoning","physical_relation","social_relation","spatial_relationship","structuralized_imagetext_understanding"
"dev","0.7508591065292096","0.8190954773869347","0.8513513513513513","0.6363636363636364","0.7747440273037542","0.4745762711864407","0.7391304347826086","0.8518518518518519","0.6590909090909091","0.8783783783783784","0.9090909090909091","0.8734177215189873","0.425","0.9777777777777777","0.74","0.6981132075471698","0.9711538461538461","0.8679245283018868","0.8611111111111112","0.6666666666666666","0.5185185185185185","0.7692307692307693","0.6666666666666666","0.5416666666666666","0.9302325581395349","0.35555555555555557","0.5"
