{
    "Bleu": [
        15.729402237781537,
        9.27398379295624,
        4.9873503790592,
        2.689462450638195
    ],
    "ROUGE_L": 16.06561146307045,
    "CIDEr": 0.004500357175366899
}