"Overall","choose","compare","logical","query","verify"
"57.62442359675624","81.6651904340124","64.68590831918506","75.65169162506933","40.484937545922115","81.0834813499112"
