"split","Overall","Instance Attributes","Instance Identity","Instance Interaction","Instance Location","Instances Counting","Scene Understanding","Spatial Relation","Text Understanding","Visual Reasoning"
"none","0.5644322653175942","0.5844267584426759","0.6269797924631348","0.5670103092783505","0.5173824130879345","0.4262362076011443","0.655794806839772","0.4277016742770167","0.23809523809523808","0.5800604229607251"
