"Overall","choose","compare","logical","query","verify"
"53.0768007632374","75.64216120460586","55.34804753820034","69.77260122018858","36.238060249816314","78.68561278863233"
