"split","Overall","Instance Attributes","Instance Identity","Instance Interaction","Instance Location","Instances Counting","Scene Understanding","Spatial Relation","Text Understanding","Visual Reasoning"
"none","0.677627880831928","0.7160679716067971","0.689787001638449","0.6391752577319587","0.6247443762781186","0.5696771557008582","0.7419252691576947","0.528158295281583","0.5714285714285714","0.7462235649546828"
