"Overall","choose","compare","logical","query","verify"
"6.384162823978374","4.0744021257750225","3.904923599320883","15.917914586799778","3.938280675973549","7.948490230905861"
