"Overall","choose","compare","logical","query","verify"
"8.91238670694864","15.323294951284321","5.263157894736842","30.837493067110373","0.9551800146950772","13.143872113676732"
