"split","Overall","acc","precision","recall"
"Overall","60.440528634361236","70.06666666666666","89.0909090909091","45.733333333333334"
"random","61.57989228007181","71.46666666666667","94.23076923076923","45.733333333333334"
"adversarial","59.62624945675793","69.03333333333333","85.64294631710362","45.733333333333334"
"popular","60.14905743095134","69.69999999999999","87.83610755441741","45.733333333333334"
