"split","Overall","Instance Attributes","Instance Identity","Instance Interaction","Instance Location","Instances Counting","Scene Understanding","Spatial Relation","Text Understanding","Visual Reasoning"
"none","0.5236790331646992","0.5596902559690256","0.4904423812124522","0.4948453608247423","0.45194274028629855","0.4540253371475276","0.5867637745408486","0.3926940639269406","0.6785714285714286","0.5558912386706949"
