"split","Overall","AR","CP","FP-C","FP-S","LR","RR","action_recognition","attribute_comparison","attribute_recognition","celebrity_recognition","function_reasoning","future_prediction","identity_reasoning","image_emotion","image_quality","image_scene","image_style","image_topic","nature_relation","object_localization","ocr","physical_property_reasoning","physical_relation","social_relation","spatial_relationship","structuralized_imagetext_understanding"
"dev","0.3951890034364261","0.4623115577889447","0.527027027027027","0.35664335664335667","0.3822525597269625","0.1694915254237288","0.25217391304347825","0.48148148148148145","0.4090909090909091","0.6081081081081081","0.32323232323232326","0.5316455696202531","0.1","0.6222222222222222","0.48","0.4528301886792453","0.6730769230769231","0.3584905660377358","0.5277777777777778","0.1875","0.2839506172839506","0.3076923076923077","0.29333333333333333","0.125","0.3953488372093023","0.15555555555555556","0.20512820512820512"
