"Overall","choose","compare","logical","query","verify"
"53.307362060740985","80.8680248007086","66.383701188455","72.6012201885746","35.900073475385746","73.22380106571936"
