"split","Overall","acc","precision","recall"
"Overall","73.78851635672594","78.54444444444444","94.80292989187303","60.4"
"random","74.81420313790257","79.66666666666666","98.2646420824295","60.4"
"popular","73.74847374847376","78.5","94.67084639498434","60.4"
"adversarial","72.82958199356914","77.46666666666667","91.7004048582996","60.4"
