"split","Overall","AR","CP","FP-C","FP-S","LR","RR","action_recognition","attribute_comparison","attribute_recognition","celebrity_recognition","function_reasoning","future_prediction","identity_reasoning","image_emotion","image_quality","image_scene","image_style","image_topic","nature_relation","object_localization","ocr","physical_property_reasoning","physical_relation","social_relation","spatial_relationship","structuralized_imagetext_understanding"
"dev","0.6881443298969072","0.6984924623115578","0.8108108108108109","0.6713286713286714","0.7064846416382252","0.3474576271186441","0.6782608695652174","0.8333333333333334","0.6590909090909091","0.7972972972972973","0.8585858585858586","0.8607594936708861","0.5","0.9333333333333333","0.68","0.6792452830188679","0.9711538461538461","0.7735849056603774","0.7777777777777778","0.625","0.5802469135802469","0.41025641025641024","0.38666666666666666","0.5833333333333334","0.7906976744186046","0.4888888888888889","0.2692307692307692"
