"split","Overall","Instance Attributes","Instance Identity","Instance Interaction","Instance Location","Instances Counting","Scene Understanding","Spatial Relation","Text Understanding","Visual Reasoning"
"none","0.7006745362563238","0.7287588728758873","0.7110868377935554","0.7525773195876289","0.6605316973415133","0.6040049039640376","0.7552248258391387","0.5920852359208524","0.7380952380952381","0.7522658610271903"
