"split","Overall","acc","precision","recall"
"Overall","83.41733251382915","85.01111111111112","93.34250343878955","75.4"
"random","85.19774011299435","86.9","97.92207792207792","75.4"
"adversarial","81.71965317919074","83.13333333333334","89.1955835962145","75.4"
"popular","83.40707964601769","85.0","93.31683168316832","75.4"
