"split","Overall","AR","CP","FP-C","FP-S","LR","RR","action_recognition","attribute_comparison","attribute_recognition","celebrity_recognition","function_reasoning","future_prediction","identity_reasoning","image_emotion","image_quality","image_scene","image_style","image_topic","nature_relation","object_localization","ocr","physical_property_reasoning","physical_relation","social_relation","spatial_relationship","structuralized_imagetext_understanding"
"dev","0.7534364261168385","0.8140703517587939","0.8175675675675675","0.6503496503496503","0.7849829351535836","0.6101694915254238","0.6782608695652174","0.8703703703703703","0.6363636363636364","0.8513513513513513","0.9090909090909091","0.8607594936708861","0.475","0.9555555555555556","0.7","0.7169811320754716","0.9711538461538461","0.660377358490566","0.9166666666666666","0.625","0.5185185185185185","0.8974358974358975","0.68","0.4166666666666667","0.8837209302325582","0.4","0.6794871794871795"
