"Overall","choose","compare","logical","query","verify"
"51.02560025441246","76.17360496014172","59.08319185059423","70.60454797559623","33.5635562086701","73.40142095914743"
