"split","Overall","AR","CP","FP-C","FP-S","LR","RR","action_recognition","attribute_comparison","attribute_recognition","celebrity_recognition","function_reasoning","future_prediction","identity_reasoning","image_emotion","image_quality","image_scene","image_style","image_topic","nature_relation","object_localization","ocr","physical_property_reasoning","physical_relation","social_relation","spatial_relationship","structuralized_imagetext_understanding"
"dev","0.6898625429553265","0.7889447236180904","0.7668918918918919","0.5874125874125874","0.7030716723549488","0.5338983050847458","0.5739130434782609","0.8148148148148148","0.6136363636363636","0.8243243243243243","0.7171717171717171","0.8227848101265823","0.4","0.9111111111111111","0.6","0.6792452830188679","0.9519230769230769","0.5660377358490566","0.8888888888888888","0.5833333333333334","0.49382716049382713","0.8717948717948718","0.68","0.3333333333333333","0.6976744186046512","0.28888888888888886","0.6025641025641025"
