"split","Overall","Instance Attributes","Instance Identity","Instance Interaction","Instance Location","Instances Counting","Scene Understanding","Spatial Relation","Text Understanding","Visual Reasoning"
"none","0.65535413153457","0.6842331684233168","0.6706717640633534","0.6804123711340206","0.5715746421267893","0.5639558643236616","0.707726409119696","0.5829528158295282","0.6666666666666666","0.7220543806646526"
