"split","Overall","acc","precision","recall"
"Overall","75.90180360721442","78.62222222222222","86.96900114810563","67.33333333333333"
"popular","74.89803485354096","77.43333333333334","84.37761069340016","67.33333333333333"
"random","78.69107908063887","81.76666666666667","94.65791940018744","67.33333333333333"
"adversarial","74.26470588235296","76.66666666666667","82.78688524590164","67.33333333333333"
