"perception","reasoning","OCR","artwork","celebrity","code_reasoning","color","commonsense_reasoning","count","existence","landmark","numerical_calculation","position","posters","scene","text_translation"
"1255.8837535014004","578.9285714285714","132.5","87.75","66.76470588235294","140.0","153.33333333333334","116.42857142857144","116.66666666666666","173.33333333333334","119.5","122.5","111.66666666666666","147.6190476190476","146.75","200.0"
