"split","Overall","AR","CP","FP-C","FP-S","LR","RR","action_recognition","attribute_comparison","attribute_recognition","celebrity_recognition","function_reasoning","future_prediction","identity_reasoning","image_emotion","image_quality","image_scene","image_style","image_topic","nature_relation","object_localization","ocr","physical_property_reasoning","physical_relation","social_relation","spatial_relationship","structuralized_imagetext_understanding"
"dev","0.5094501718213058","0.628140703517588","0.6824324324324325","0.4195804195804196","0.49146757679180886","0.15254237288135594","0.3826086956521739","0.6851851851851852","0.4090909090909091","0.7567567567567568","0.494949494949495","0.7215189873417721","0.125","0.9333333333333333","0.64","0.49056603773584906","0.8846153846153846","0.5283018867924528","0.6666666666666666","0.1875","0.2716049382716049","0.4358974358974359","0.3466666666666667","0.20833333333333334","0.6976744186046512","0.1111111111111111","0.16666666666666666"
