"split","Overall","acc","precision","recall"
"Overall","78.47284921965691","81.45555555555556","93.51367968029511","67.60000000000001"
"popular","78.45261121856868","81.43333333333334","93.45622119815668","67.60000000000001"
"random","79.62308598351001","82.69999999999999","96.84813753581662","67.60000000000001"
"adversarial","77.37504769172074","80.23333333333333","90.45495093666369","67.60000000000001"
