"Overall","choose","compare","logical","query","verify"
"10.176498648433775","17.891939769707708","5.772495755517826","34.830837493067115","1.0433504775900073","15.319715808170514"
