"split","Overall","Instance Attributes","Instance Identity","Instance Interaction","Instance Location","Instances Counting","Scene Understanding","Spatial Relation","Text Understanding","Visual Reasoning"
"none","0.622681281618887","0.6627231662723166","0.6400873839432004","0.5567010309278351","0.5378323108384458","0.5190028606456886","0.6969601013299557","0.4337899543378995","0.6428571428571429","0.6616314199395771"
