"split","Overall","Instance Attributes","Instance Identity","Instance Interaction","Instance Location","Instances Counting","Scene Understanding","Spatial Relation","Text Understanding","Visual Reasoning"
"none","0.7302557616638561","0.7392987739298774","0.750409612233752","0.7319587628865979","0.6656441717791411","0.6644871270944013","0.7865737808739709","0.6438356164383562","0.7857142857142857","0.7885196374622356"
