"split","Overall","AR","CP","FP-C","FP-S","LR","RR","action_recognition","attribute_comparison","attribute_recognition","celebrity_recognition","function_reasoning","future_prediction","identity_reasoning","image_emotion","image_quality","image_scene","image_style","image_topic","nature_relation","object_localization","ocr","physical_property_reasoning","physical_relation","social_relation","spatial_relationship","structuralized_imagetext_understanding"
"dev","0.8101374570446735","0.8341708542713567","0.8445945945945946","0.6993006993006993","0.8225255972696246","0.7457627118644068","0.8521739130434782","0.8518518518518519","0.7045454545454546","0.918918918918919","0.8484848484848485","0.8607594936708861","0.625","0.9777777777777777","0.76","0.7169811320754716","0.9711538461538461","0.7735849056603774","0.8888888888888888","0.7708333333333334","0.654320987654321","0.9230769230769231","0.72","0.8333333333333334","0.9534883720930233","0.5111111111111111","0.8076923076923077"
