"split","Overall","acc","precision","recall"
"Overall","86.65345611376615","87.27777777777777","91.12527580289287","82.6"
"popular","86.55256723716383","87.16666666666667","90.9024211298606","82.6"
"adversarial","84.22841604350782","84.53333333333333","85.92233009708737","82.6"
"random","89.32948810382119","90.13333333333333","97.25274725274726","82.6"
