"Overall","choose","compare","logical","query","verify"
"50.556527269836224","65.19043401240036","61.62988115449915","75.04159733777038","34.092578986039676","70.47069271758437"
