"Overall","choose","compare","logical","query","verify"
"55.84353633328033","82.72807794508414","69.60950764006792","74.48696616749861","38.41293166789126","76.50976909413855"
