"split","Overall","Instance Attributes","Instance Identity","Instance Interaction","Instance Location","Instances Counting","Scene Understanding","Spatial Relation","Text Understanding","Visual Reasoning"
"none","0.7321528948847668","0.7472574747257474","0.752594210813763","0.7731958762886598","0.6758691206543967","0.6636697997548018","0.785623812539582","0.6027397260273972","0.7976190476190477","0.797583081570997"
