"split","Overall","AR","CP","FP-C","FP-S","LR","RR","action_recognition","attribute_comparison","attribute_recognition","celebrity_recognition","function_reasoning","future_prediction","identity_reasoning","image_emotion","image_quality","image_scene","image_style","image_topic","nature_relation","object_localization","ocr","physical_property_reasoning","physical_relation","social_relation","spatial_relationship","structuralized_imagetext_understanding"
"dev","0.6769759450171822","0.7537688442211056","0.831081081081081","0.5104895104895105","0.689419795221843","0.4152542372881356","0.591304347826087","0.8703703703703703","0.4318181818181818","0.8513513513513513","0.7171717171717171","0.759493670886076","0.3","0.9555555555555556","0.8","0.7358490566037735","0.9519230769230769","0.660377358490566","0.9166666666666666","0.3958333333333333","0.5308641975308642","0.6410256410256411","0.6266666666666667","0.625","0.7906976744186046","0.15555555555555556","0.47435897435897434"
