"split","Overall","acc","precision","recall"
"Overall","84.08927285817136","85.26666666666667","91.39280125195619","77.86666666666666"
"random","86.55057428677287","87.9","97.41451209341118","77.86666666666666"
"popular","83.93819619116061","85.1","91.03663289166018","77.86666666666666"
"adversarial","81.90743338008414","82.8","86.3905325443787","77.86666666666666"
