"Overall","choose","compare","logical","query","verify"
"48.6404833836858","74.5792736935341","54.32937181663837","69.27343316694399","30.360029390154295","72.86856127886323"
