"split","Overall","acc","precision","recall"
"Overall","72.38335435056747","78.10000000000001","97.95221843003414","57.4"
"random","72.84263959390863","78.60000000000001","99.65277777777779","57.4"
"adversarial","72.02007528230865","77.7","96.63299663299664","57.4"
"popular","72.29219143576825","78.0","97.61904761904762","57.4"
