"Overall","choose","compare","logical","query","verify"
"7.3064080139926855","5.9344552701505755","3.904923599320883","18.691070438158626","4.4085231447465105","8.52575488454707"
