"split","Overall","AR","CP","FP-C","FP-S","LR","RR","action_recognition","attribute_comparison","attribute_recognition","celebrity_recognition","function_reasoning","future_prediction","identity_reasoning","image_emotion","image_quality","image_scene","image_style","image_topic","nature_relation","object_localization","ocr","physical_property_reasoning","physical_relation","social_relation","spatial_relationship","structuralized_imagetext_understanding"
"dev","0.6348797250859106","0.6934673366834171","0.7668918918918919","0.5384615384615384","0.6484641638225256","0.288135593220339","0.6347826086956522","0.8703703703703703","0.5","0.918918918918919","0.6868686868686869","0.7215189873417721","0.2","0.9777777777777777","0.68","0.5471698113207547","0.9134615384615384","0.7924528301886793","0.75","0.4791666666666667","0.3950617283950617","0.5641025641025641","0.49333333333333335","0.6666666666666666","0.7906976744186046","0.17777777777777778","0.3333333333333333"
