"split","Overall","Instance Attributes","Instance Identity","Instance Interaction","Instance Location","Instances Counting","Scene Understanding","Spatial Relation","Text Understanding","Visual Reasoning"
"none","0.6859893198426082","0.7246719724671973","0.6908793009284544","0.6494845360824743","0.6226993865030674","0.578259092766653","0.7542748575047499","0.5464231354642314","0.6309523809523809","0.7492447129909365"
