"split","Overall","Instance Attributes","Instance Identity","Instance Interaction","Instance Location","Instances Counting","Scene Understanding","Spatial Relation","Text Understanding","Visual Reasoning"
"none","0.6896430578976953","0.7248870724887072","0.7050791916985254","0.6391752577319587","0.6278118609406953","0.5876583571720474","0.7558581380620646","0.5388127853881278","0.5952380952380952","0.7522658610271903"
