"Overall","choose","compare","logical","query","verify"
"7.505167753219907","6.643046944198405","4.4142614601018675","18.746533555185803","4.305657604702424","9.41385435168739"
