"split","Overall","acc","precision","recall"
"Overall","73.41842397336293","78.71111111111111","97.71048744460856","58.8"
"adversarial","73.01324503311257","78.26666666666667","96.2882096069869","58.8"
"random","73.9622641509434","79.3","99.66101694915255","58.8"
"popular","73.28624844204403","78.56666666666666","97.24366041896361","58.8"
