"split","Overall","Instance Attributes","Instance Identity","Instance Interaction","Instance Location","Instances Counting","Scene Understanding","Spatial Relation","Text Understanding","Visual Reasoning"
"none","0.5938729623383924","0.6321789632178964","0.5712725286728564","0.6391752577319587","0.5398773006134969","0.47159787494891703","0.675744141861938","0.4946727549467275","0.5476190476190477","0.6586102719033232"
