"Overall","choose","compare","logical","query","verify"
"4.841787247575131","3.720106288751107","2.886247877758913","10.870770937326677","3.3504775900073476","5.595026642984014"
