"Overall","choose","compare","logical","query","verify"
"49.10955636826205","53.85296722763508","55.85738539898133","73.93233499722685","35.37105069801616","66.60746003552399"
