"split","Overall","acc","precision","recall"
"Overall","86.00730873511729","86.8111111111111","91.58925433090636","81.06666666666666"
"popular","85.87570621468927","86.66666666666667","91.29129129129129","81.06666666666666"
"adversarial","83.80427291523087","84.33333333333334","86.73323823109843","81.06666666666666"
"random","88.46853401236814","89.43333333333334","97.35788630904723","81.06666666666666"
