"split","Overall","AR","CP","FP-C","FP-S","LR","RR","action_recognition","attribute_comparison","attribute_recognition","celebrity_recognition","function_reasoning","future_prediction","identity_reasoning","image_emotion","image_quality","image_scene","image_style","image_topic","nature_relation","object_localization","ocr","physical_property_reasoning","physical_relation","social_relation","spatial_relationship","structuralized_imagetext_understanding"
"dev","0.756872852233677","0.8090452261306532","0.8344594594594594","0.6783216783216783","0.7815699658703071","0.4830508474576271","0.782608695652174","0.8518518518518519","0.6136363636363636","0.918918918918919","0.797979797979798","0.8481012658227848","0.625","0.9111111111111111","0.74","0.660377358490566","0.9615384615384616","0.8490566037735849","0.8333333333333334","0.6458333333333334","0.7037037037037037","0.6410256410256411","0.7066666666666667","0.7916666666666666","0.9302325581395349","0.5333333333333333","0.41025641025641024"
