"split","Overall","Instance Attributes","Instance Identity","Instance Interaction","Instance Location","Instances Counting","Scene Understanding","Spatial Relation","Text Understanding","Visual Reasoning"
"none","0.7417088251826869","0.7532802753280275","0.7575095576187876","0.7731958762886598","0.6901840490797546","0.6787903555373928","0.7913236225459152","0.654490106544901","0.7857142857142857","0.7885196374622356"
