"split","Overall","AR","CP","FP-C","FP-S","LR","RR","action_recognition","attribute_comparison","attribute_recognition","celebrity_recognition","function_reasoning","future_prediction","identity_reasoning","image_emotion","image_quality","image_scene","image_style","image_topic","nature_relation","object_localization","ocr","physical_property_reasoning","physical_relation","social_relation","spatial_relationship","structuralized_imagetext_understanding"
"dev","0.7731958762886598","0.7236180904522613","0.847972972972973","0.7482517482517482","0.8020477815699659","0.6186440677966102","0.782608695652174","0.8888888888888888","0.75","0.8918918918918919","0.9292929292929293","0.8607594936708861","0.625","0.9777777777777777","0.78","0.7169811320754716","0.9615384615384616","0.7924528301886793","0.8888888888888888","0.7916666666666666","0.5432098765432098","0.8461538461538461","0.4266666666666667","0.5833333333333334","0.8837209302325582","0.5777777777777777","0.6153846153846154"
