"split","Overall","acc","precision","recall"
"Overall","81.50597812261512","83.84444444444445","95.30041641879833","71.2"
"adversarial","80.51262721447418","82.76666666666667","92.62792714657415","71.2"
"popular","81.40243902439023","83.73333333333333","95.01779359430606","71.2"
"random","82.63056092843325","85.03333333333333","98.4331797235023","71.2"
