"Overall","choose","compare","logical","query","verify"
"56.05024646207665","83.43666961913198","71.30730050933785","74.65335551858014","38.41293166789126","76.73179396092362"
