"split","Overall","acc","precision","recall"
"Overall","82.18286953379112","83.56666666666666","89.73954222573008","75.8"
"adversarial","79.90161630358396","80.93333333333334","84.47251114413076","75.8"
"random","84.4097995545657","86.0","95.22613065326632","75.8"
"popular","82.36146323795728","83.76666666666667","90.16653449643141","75.8"
