{
    "Bleu": [
        73.78956511200288,
        56.58735936041941,
        42.45337931440953,
        31.71364926370646
    ],
    "ROUGE_L": 53.2345972493592,
    "CIDEr": 89.89022342655339
}