"split","Overall","Instance Attributes","Instance Identity","Instance Interaction","Instance Location","Instances Counting","Scene Understanding","Spatial Relation","Text Understanding","Visual Reasoning"
"none","0.5337268128161888","0.5609808560980856","0.5723648279628618","0.6288659793814433","0.49897750511247446","0.38169186759297097","0.6263457884737176","0.426179604261796","0.2857142857142857","0.5287009063444109"
