"Overall","choose","compare","logical","query","verify"
"51.60597869295596","72.36492471213464","55.34804753820034","64.22628951747087","35.944158706833214","77.44227353463587"
