"split","Overall","AR","CP","FP-C","FP-S","LR","RR","action_recognition","attribute_comparison","attribute_recognition","celebrity_recognition","function_reasoning","future_prediction","identity_reasoning","image_emotion","image_quality","image_scene","image_style","image_topic","nature_relation","object_localization","ocr","physical_property_reasoning","physical_relation","social_relation","spatial_relationship","structuralized_imagetext_understanding"
"dev","0.4097938144329897","0.37185929648241206","0.5743243243243243","0.38461538461538464","0.46075085324232085","0.1440677966101695","0.22608695652173913","0.6666666666666666","0.29545454545454547","0.44594594594594594","0.7272727272727273","0.3670886075949367","0.25","0.6666666666666666","0.38","0.16981132075471697","0.8076923076923077","0.660377358490566","0.6388888888888888","0.20833333333333334","0.1728395061728395","0.41025641025641024","0.2","0.16666666666666666","0.27906976744186046","0.13333333333333333","0.08974358974358974"
