"split","Overall","AR","CP","FP-C","FP-S","LR","RR","action_recognition","attribute_comparison","attribute_recognition","celebrity_recognition","function_reasoning","future_prediction","identity_reasoning","image_emotion","image_quality","image_scene","image_style","image_topic","nature_relation","object_localization","ocr","physical_property_reasoning","physical_relation","social_relation","spatial_relationship","structuralized_imagetext_understanding"
"dev","0.7457044673539519","0.8291457286432161","0.8074324324324325","0.6293706293706294","0.764505119453925","0.5847457627118644","0.7043478260869566","0.8518518518518519","0.7045454545454546","0.8783783783783784","0.7676767676767676","0.8734177215189873","0.4","1.0","0.66","0.7358490566037735","0.9615384615384616","0.660377358490566","0.8888888888888888","0.5625","0.6049382716049383","0.8717948717948718","0.68","0.7083333333333334","0.8604651162790697","0.28888888888888886","0.6794871794871795"
