"split","Overall","Instance Attributes","Instance Identity","Instance Interaction","Instance Location","Instances Counting","Scene Understanding","Spatial Relation","Text Understanding","Visual Reasoning"
"none","0.674044406970208","0.694773069477307","0.6979792463134898","0.7422680412371134","0.5961145194274029","0.5868410298324479","0.7393920202659912","0.5418569254185692","0.7857142857142857","0.716012084592145"
