"split","Overall","acc","precision","recall"
"Overall","83.75670006991378","84.51111111111112","88.04507594316512","79.86666666666666"
"adversarial","81.4411964649898","81.8","83.07905686546462","79.86666666666666"
"random","86.81159420289855","87.86666666666667","95.07936507936508","79.86666666666666"
"popular","83.19444444444444","83.86666666666667","86.81159420289855","79.86666666666666"
