"Overall","choose","compare","logical","query","verify"
"40.570837971060584","47.475642161204604","35.993208828522924","58.1808097615086","31.18295371050698","52.57548845470693"
