"split","Overall","AR","CP","FP-C","FP-S","LR","RR","action_recognition","attribute_comparison","attribute_recognition","celebrity_recognition","function_reasoning","future_prediction","identity_reasoning","image_emotion","image_quality","image_scene","image_style","image_topic","nature_relation","object_localization","ocr","physical_property_reasoning","physical_relation","social_relation","spatial_relationship","structuralized_imagetext_understanding"
"dev","0.45618556701030927","0.5477386934673367","0.6047297297297297","0.3706293706293706","0.4334470989761092","0.211864406779661","0.33043478260869563","0.5555555555555556","0.4090909090909091","0.6621621621621622","0.40404040404040403","0.6708860759493671","0.2","0.7555555555555555","0.58","0.4528301886792453","0.8173076923076923","0.3584905660377358","0.6111111111111112","0.22916666666666666","0.24691358024691357","0.46153846153846156","0.29333333333333333","0.16666666666666666","0.5348837209302325","0.1111111111111111","0.21794871794871795"
