"split","Overall","acc","precision","recall"
"Overall","73.31749802058592","77.53333333333333","90.25341130604289","61.73333333333333"
"random","74.73769168684422","79.13333333333334","94.68302658486708","61.73333333333333"
"popular","73.20158102766798","77.4","89.90291262135922","61.73333333333333"
"adversarial","72.0622568093385","76.06666666666668","86.54205607476636","61.73333333333333"
