"split","Overall","Instance Attributes","Instance Identity","Instance Interaction","Instance Location","Instances Counting","Scene Understanding","Spatial Relation","Text Understanding","Visual Reasoning"
"none","0.741779089376054","0.7511292751129275","0.766794101583834","0.7319587628865979","0.6830265848670757","0.6812423375561912","0.791956934768841","0.639269406392694","0.8095238095238095","0.8036253776435045"
