"split","Overall","AR","CP","FP-C","FP-S","LR","RR","action_recognition","attribute_comparison","attribute_recognition","celebrity_recognition","function_reasoning","future_prediction","identity_reasoning","image_emotion","image_quality","image_scene","image_style","image_topic","nature_relation","object_localization","ocr","physical_property_reasoning","physical_relation","social_relation","spatial_relationship","structuralized_imagetext_understanding"
"dev","0.8256013745704467","0.8492462311557789","0.8682432432432432","0.7342657342657343","0.8293515358361775","0.7542372881355932","0.8521739130434782","0.8888888888888888","0.75","0.9324324324324325","0.8585858585858586","0.8734177215189873","0.65","1.0","0.84","0.7358490566037735","0.9807692307692307","0.7924528301886793","0.8888888888888888","0.7708333333333334","0.654320987654321","0.9230769230769231","0.7333333333333333","0.8333333333333334","0.9534883720930233","0.5333333333333333","0.8076923076923077"
