"split","Overall","acc","precision","recall"
"Overall","87.27527434041559","87.8888888888889","91.93310378750616","83.06666666666666"
"random","89.67254408060454","90.43333333333334","97.41985926505082","83.06666666666666"
"adversarial","85.25487512829285","85.63333333333333","87.56148981026001","83.06666666666666"
"popular","87.01117318435753","87.6","91.34897360703812","83.06666666666666"
