"Overall","choose","compare","logical","query","verify"
"51.74908570519956","65.0132860938884","59.9320882852292","76.2063227953411","35.54739162380602","72.33570159857904"
