"split","Overall","AR","CP","FP-C","FP-S","LR","RR","action_recognition","attribute_comparison","attribute_recognition","celebrity_recognition","function_reasoning","future_prediction","identity_reasoning","image_emotion","image_quality","image_scene","image_style","image_topic","nature_relation","object_localization","ocr","physical_property_reasoning","physical_relation","social_relation","spatial_relationship","structuralized_imagetext_understanding"
"dev","0.5412371134020618","0.5276381909547738","0.6621621621621622","0.5804195804195804","0.5255972696245734","0.2796610169491525","0.5130434782608696","0.7592592592592593","0.5909090909090909","0.6081081081081081","0.6262626262626263","0.7848101265822784","0.325","0.5555555555555556","0.46","0.6792452830188679","0.7980769230769231","0.5471698113207547","0.6944444444444444","0.2916666666666667","0.43209876543209874","0.3076923076923077","0.24","0.625","0.6976744186046512","0.35555555555555557","0.2564102564102564"
