"split","Overall","acc","precision","recall"
"Overall","68.7447346251053","75.26666666666667","93.36384439359267","54.400000000000006"
"random","69.83311938382542","76.5","97.4910394265233","54.400000000000006"
"popular","68.68686868686868","75.2","93.15068493150685","54.400000000000006"
"adversarial","67.74595267745953","74.1","89.76897689768977","54.400000000000006"
