"Overall","choose","compare","logical","query","verify"
"51.709333757354116","79.89371124889283","65.19524617996605","70.71547420965058","34.386480529022776","71.18117229129662"
