"split","Overall","acc","precision","recall"
"Overall","76.25118676251188","80.54444444444444","97.84197702749738","62.46666666666667"
"adversarial","75.68659127625203","79.93333333333334","96.00409836065575","62.46666666666667"
"random","76.74037674037673","81.06666666666666","99.4692144373673","62.46666666666667"
"popular","76.33401221995926","80.63333333333334","98.1151832460733","62.46666666666667"
