"Overall","choose","compare","logical","query","verify"
"9.079344887899508","8.148804251550045","5.432937181663837","23.62728785357737","5.069801616458487","10.968028419182948"
