"split","Overall","Instance Attributes","Instance Identity","Instance Interaction","Instance Location","Instances Counting","Scene Understanding","Spatial Relation","Text Understanding","Visual Reasoning"
"none","0.6891512085441259","0.7248870724887072","0.701802293828509","0.6494845360824743","0.6267893660531697","0.5880670208418471","0.7564914502849905","0.532724505327245","0.5952380952380952","0.7522658610271903"
