"split","Overall","AR","CP","FP-C","FP-S","LR","RR","action_recognition","attribute_comparison","attribute_recognition","celebrity_recognition","function_reasoning","future_prediction","identity_reasoning","image_emotion","image_quality","image_scene","image_style","image_topic","nature_relation","object_localization","ocr","physical_property_reasoning","physical_relation","social_relation","spatial_relationship","structuralized_imagetext_understanding"
"dev","0.6383161512027491","0.6683417085427136","0.777027027027027","0.5034965034965035","0.6689419795221843","0.2966101694915254","0.6695652173913044","0.8518518518518519","0.4090909090909091","0.9054054054054054","0.7373737373737373","0.6708860759493671","0.2","0.9333333333333333","0.66","0.5660377358490566","0.9230769230769231","0.8679245283018868","0.6944444444444444","0.4791666666666667","0.3950617283950617","0.6153846153846154","0.5066666666666667","0.625","0.9069767441860465","0.17777777777777778","0.34615384615384615"
