"split","Overall","acc","precision","recall"
"Overall","88.40562856146063","88.92222222222223","92.72993413027568","84.46666666666667"
"adversarial","86.13188307273964","86.4","87.86407766990291","84.46666666666667"
"popular","88.32345765074939","88.83333333333333","92.54930606281958","84.46666666666667"
"random","90.88952654232425","91.53333333333333","98.36956521739131","84.46666666666667"
