"split","Overall","Instance Attributes","Instance Identity","Instance Interaction","Instance Location","Instances Counting","Scene Understanding","Spatial Relation","Text Understanding","Visual Reasoning"
"none","0.758150646430579","0.7711335771133577","0.7799016930638996","0.7216494845360825","0.7096114519427403","0.7082141397629751","0.7932235592146929","0.665144596651446","0.8214285714285714","0.8126888217522659"
