"split","Overall","AR","CP","FP-C","FP-S","LR","RR","action_recognition","attribute_comparison","attribute_recognition","celebrity_recognition","function_reasoning","future_prediction","identity_reasoning","image_emotion","image_quality","image_scene","image_style","image_topic","nature_relation","object_localization","ocr","physical_property_reasoning","physical_relation","social_relation","spatial_relationship","structuralized_imagetext_understanding"
"dev","0.8213058419243986","0.8291457286432161","0.8817567567567568","0.7202797202797203","0.863481228668942","0.6271186440677966","0.8695652173913043","0.9074074074074074","0.6818181818181818","0.972972972972973","0.8484848484848485","0.8354430379746836","0.65","1.0","0.82","0.6981132075471698","0.9615384615384616","0.9622641509433962","0.8888888888888888","0.7916666666666666","0.7407407407407407","0.9487179487179487","0.72","0.875","0.9534883720930233","0.5333333333333333","0.6153846153846154"
