"Overall","choose","compare","logical","query","verify"
"48.6404833836858","52.87865367581931","55.00848896434635","73.15585135884636","35.4592211609111","65.05328596802842"
