"split","Overall","Instance Attributes","Instance Identity","Instance Interaction","Instance Location","Instances Counting","Scene Understanding","Spatial Relation","Text Understanding","Visual Reasoning"
"none","0.7022906127037661","0.7218756721875672","0.7176406335335882","0.7319587628865979","0.6298568507157464","0.6305680425010216","0.7634578847371755","0.5555555555555556","0.7738095238095238","0.7673716012084593"
