"Overall","choose","compare","logical","query","verify"
"44.64143743043409","54.65013286093888","39.72835314091681","63.2279534109817","33.35782512858192","60.12433392539964"
