"split","Overall","AR","CP","FP-C","FP-S","LR","RR","action_recognition","attribute_comparison","attribute_recognition","celebrity_recognition","function_reasoning","future_prediction","identity_reasoning","image_emotion","image_quality","image_scene","image_style","image_topic","nature_relation","object_localization","ocr","physical_property_reasoning","physical_relation","social_relation","spatial_relationship","structuralized_imagetext_understanding"
"dev","0.7534364261168385","0.8291457286432161","0.8108108108108109","0.6153846153846154","0.7849829351535836","0.5847457627118644","0.7391304347826086","0.8333333333333334","0.7272727272727273","0.9054054054054054","0.8484848484848485","0.8354430379746836","0.4","0.9777777777777777","0.7","0.6981132075471698","0.9519230769230769","0.6981132075471698","0.8888888888888888","0.625","0.5555555555555556","0.8717948717948718","0.7333333333333333","0.6666666666666666","0.9069767441860465","0.24444444444444444","0.6794871794871795"
