"split","Overall","acc","precision","recall"
"Overall","86.79245283018868","87.16666666666667","89.39929328621908","84.33333333333334"
"adversarial","84.13701363485201","84.1","83.94160583941606","84.33333333333334"
"random","89.84375000000001","90.46666666666667","96.12462006079028","84.33333333333334"
"popular","86.5845311430527","86.93333333333332","88.95921237693389","84.33333333333334"
