"split","Overall","AR","CP","FP-C","FP-S","LR","RR","action_recognition","attribute_comparison","attribute_recognition","celebrity_recognition","function_reasoning","future_prediction","identity_reasoning","image_emotion","image_quality","image_scene","image_style","image_topic","nature_relation","object_localization","ocr","physical_property_reasoning","physical_relation","social_relation","spatial_relationship","structuralized_imagetext_understanding"
"dev","0.7628865979381443","0.7185929648241206","0.8547297297297297","0.7062937062937062","0.7849829351535836","0.6016949152542372","0.782608695652174","0.8703703703703703","0.6590909090909091","0.8648648648648649","0.9090909090909091","0.8860759493670886","0.525","0.9555555555555556","0.78","0.6981132075471698","0.9615384615384616","0.8301886792452831","0.9166666666666666","0.7916666666666666","0.5185185185185185","0.8717948717948718","0.4","0.5833333333333334","0.8837209302325582","0.5555555555555556","0.6410256410256411"
