"split","Overall","acc","precision","recall"
"Overall","82.11009174311926","84.39999999999999","96.23655913978494","71.6"
"adversarial","81.1178247734139","83.33333333333334","93.55400696864112","71.6"
"random","83.09477756286266","85.43333333333332","98.98617511520737","71.6"
"popular","82.1414913957935","84.43333333333334","96.32286995515696","71.6"
