"Overall","choose","compare","logical","query","verify"
"40.15741771346796","53.498671390611165","43.463497453310694","58.62451469772601","26.407053637031595","59.36944937833037"
