"split","Overall","acc","precision","recall"
"Overall","75.61059511523908","76.36666666666667","78.1094527363184","73.26666666666667"
"popular","74.35723951285522","74.73333333333333","75.48076923076923","73.26666666666667"
"adversarial","72.49340369393138","72.2","71.73629242819844","73.26666666666667"
"random","80.42444200512257","82.16666666666667","89.13219789132198","73.26666666666667"
