"split","Overall","AR","CP","FP-C","FP-S","LR","RR","action_recognition","attribute_comparison","attribute_recognition","celebrity_recognition","function_reasoning","future_prediction","identity_reasoning","image_emotion","image_quality","image_scene","image_style","image_topic","nature_relation","object_localization","ocr","physical_property_reasoning","physical_relation","social_relation","spatial_relationship","structuralized_imagetext_understanding"
"dev","0.6039518900343642","0.7587939698492462","0.6824324324324325","0.46853146853146854","0.6040955631399317","0.3983050847457627","0.5130434782608696","0.6296296296296297","0.5909090909090909","0.8108108108108109","0.5858585858585859","0.7721518987341772","0.35","0.9111111111111111","0.5","0.7358490566037735","0.8173076923076923","0.5094339622641509","0.7222222222222222","0.4375","0.43209876543209874","0.6153846153846154","0.6533333333333333","0.5416666666666666","0.5813953488372093","0.15555555555555556","0.4230769230769231"
