"split","Overall","Instance Attributes","Instance Identity","Instance Interaction","Instance Location","Instances Counting","Scene Understanding","Spatial Relation","Text Understanding","Visual Reasoning"
"none","0.7010258572231591","0.7263927726392773","0.7209175314036046","0.6701030927835051","0.623721881390593","0.6252554147936249","0.7558581380620646","0.5859969558599696","0.6547619047619048","0.7492447129909365"
