"Overall","choose","compare","logical","query","verify"
"55.135951661631424","79.45084145261293","62.30899830220713","73.82140876317249","38.14842027920647","77.44227353463587"
