"split","Overall","acc","precision","recall"
"Overall","86.20521569583232","87.42222222222222","95.4398273070696","78.60000000000001"
"adversarial","84.94236311239193","86.06666666666666","92.39811912225704","78.60000000000001"
"random","87.4304783092325","88.7","98.49624060150376","78.60000000000001"
"popular","86.2788144895719","87.5","95.62043795620438","78.60000000000001"
