"split","Overall","AR","CP","FP-C","FP-S","LR","RR","action_recognition","attribute_comparison","attribute_recognition","celebrity_recognition","function_reasoning","future_prediction","identity_reasoning","image_emotion","image_quality","image_scene","image_style","image_topic","nature_relation","object_localization","ocr","physical_property_reasoning","physical_relation","social_relation","spatial_relationship","structuralized_imagetext_understanding"
"dev","0.7766323024054983","0.7336683417085427","0.8682432432432432","0.7062937062937062","0.8156996587030717","0.5847457627118644","0.8","0.8518518518518519","0.7272727272727273","0.918918918918919","0.9292929292929293","0.8860759493670886","0.5","0.9777777777777777","0.78","0.7169811320754716","0.9807692307692307","0.8867924528301887","0.8611111111111112","0.8125","0.5555555555555556","0.8717948717948718","0.4266666666666667","0.5833333333333334","0.9069767441860465","0.5111111111111111","0.6282051282051282"
