"Overall","choose","compare","logical","query","verify"
"58.06964541262521","84.05668733392383","71.98641765704585","76.4281752634498","40.646583394562825","79.35168738898757"
