"split","Overall","acc","precision","recall"
"Overall","82.4572514249525","84.61111111111111","95.87628865979381","72.33333333333334"
"popular","82.47814519194223","84.63333333333334","95.93280282935456","72.33333333333334"
"random","83.52578906851424","85.73333333333333","98.81602914389799","72.33333333333334"
"adversarial","81.3953488372093","83.46666666666667","93.05317324185248","72.33333333333334"
