"split","Overall","Instance Attributes","Instance Identity","Instance Interaction","Instance Location","Instances Counting","Scene Understanding","Spatial Relation","Text Understanding","Visual Reasoning"
"none","0.7502810567734682","0.7666164766616477","0.7689787001638448","0.7835051546391752","0.7116564417177914","0.6865549652635881","0.7957568081063965","0.619482496194825","0.7738095238095238","0.8126888217522659"
