"split","Overall","acc","precision","recall"
"Overall","76.92121797970034","78.77777777777779","84.29555084745762","70.73333333333333"
"random","79.77443609022556","82.06666666666666","91.46551724137932","70.73333333333333"
"adversarial","74.09217877094973","75.26666666666667","77.78592375366568","70.73333333333333"
"popular","77.10755813953489","79.0","84.7444089456869","70.73333333333333"
