"split","Overall","Instance Attributes","Instance Identity","Instance Interaction","Instance Location","Instances Counting","Scene Understanding","Spatial Relation","Text Understanding","Visual Reasoning"
"none","0.46767847105115234","0.496881049688105","0.505188421627526","0.5154639175257731","0.4222903885480573","0.3453208009807928","0.5383153894870171","0.3683409436834094","0.21428571428571427","0.4622356495468278"
