{
    "Bleu": [
        66.84660459142586,
        47.990318775740874,
        34.03215757353473,
        24.305306494195815
    ],
    "ROUGE_L": 47.60361054921744,
    "CIDEr": 65.46791447760998
}