"split","Overall","AR","CP","FP-C","FP-S","LR","RR","action_recognition","attribute_comparison","attribute_recognition","celebrity_recognition","function_reasoning","future_prediction","identity_reasoning","image_emotion","image_quality","image_scene","image_style","image_topic","nature_relation","object_localization","ocr","physical_property_reasoning","physical_relation","social_relation","spatial_relationship","structuralized_imagetext_understanding"
"dev","0.3075601374570447","0.2663316582914573","0.4594594594594595","0.2937062937062937","0.33447098976109213","0.11864406779661017","0.13043478260869565","0.5555555555555556","0.18181818181818182","0.36486486486486486","0.5050505050505051","0.21518987341772153","0.175","0.4888888888888889","0.34","0.11320754716981132","0.7307692307692307","0.39622641509433965","0.4444444444444444","0.125","0.13580246913580246","0.2564102564102564","0.18666666666666668","0.16666666666666666","0.11627906976744186","0.08888888888888889","0.08974358974358974"
