"Overall","choose","compare","logical","query","verify"
"46.859596120209886","69.44198405668733","53.65025466893039","63.28341652800887","30.00734753857458","71.53641207815275"
