"split","Overall","AR","CP","FP-C","FP-S","LR","RR","action_recognition","attribute_comparison","attribute_recognition","celebrity_recognition","function_reasoning","future_prediction","identity_reasoning","image_emotion","image_quality","image_scene","image_style","image_topic","nature_relation","object_localization","ocr","physical_property_reasoning","physical_relation","social_relation","spatial_relationship","structuralized_imagetext_understanding"
"dev","0.5481099656357389","0.628140703517588","0.6621621621621622","0.44755244755244755","0.5255972696245734","0.4152542372881356","0.43478260869565216","0.6111111111111112","0.45454545454545453","0.7027027027027027","0.5050505050505051","0.6708860759493671","0.425","0.6888888888888889","0.58","0.6226415094339622","0.75","0.5849056603773585","0.6944444444444444","0.3333333333333333","0.41975308641975306","0.46153846153846156","0.5466666666666666","0.3333333333333333","0.6046511627906976","0.24444444444444444","0.41025641025641024"
