"Overall","choose","compare","logical","query","verify"
"43.68739068214342","68.99911426040744","57.215619694397276","64.11536328341653","26.142542248346807","64.12078152753108"
