"split","Overall","acc","precision","recall"
"Overall","61.35225375626043","69.13333333333334","82.03125","49.0"
"random","63.91304347826087","72.33333333333334","91.875","49.0"
"popular","60.64356435643564","68.2","79.54545454545455","49.0"
"adversarial","59.65909090909091","66.86666666666666","76.2448132780083","49.0"
