"split","Overall","Instance Attributes","Instance Identity","Instance Interaction","Instance Location","Instances Counting","Scene Understanding","Spatial Relation","Text Understanding","Visual Reasoning"
"none","0.5613406408094435","0.5801247580124758","0.543418896777717","0.5773195876288659","0.4948875255623722","0.48712709440130775","0.6228625712476251","0.5205479452054794","0.4880952380952381","0.649546827794562"
