"split","Overall","acc","precision","recall"
"Overall","81.28153380423815","83.51111111111112","93.99066511085181","71.6"
"popular","81.33282847406285","83.56666666666666","94.12795793163892","71.6"
"adversarial","80.14925373134328","82.26666666666667","91.01694915254237","71.6"
"random","82.39355581127732","84.7","97.01897018970189","71.6"
