"split","Overall","AR","CP","FP-C","FP-S","LR","RR","action_recognition","attribute_comparison","attribute_recognition","celebrity_recognition","function_reasoning","future_prediction","identity_reasoning","image_emotion","image_quality","image_scene","image_style","image_topic","nature_relation","object_localization","ocr","physical_property_reasoning","physical_relation","social_relation","spatial_relationship","structuralized_imagetext_understanding"
"dev","0.5601374570446735","0.6432160804020101","0.7195945945945946","0.46153846153846156","0.5767918088737202","0.22033898305084745","0.43478260869565216","0.7592592592592593","0.45454545454545453","0.7297297297297297","0.6161616161616161","0.7341772151898734","0.2","0.9111111111111111","0.62","0.5660377358490566","0.9230769230769231","0.6037735849056604","0.6666666666666666","0.2708333333333333","0.38271604938271603","0.5897435897435898","0.38666666666666666","0.20833333333333334","0.7441860465116279","0.1111111111111111","0.23076923076923078"
