"split","Overall","Instance Attributes","Instance Identity","Instance Interaction","Instance Location","Instances Counting","Scene Understanding","Spatial Relation","Text Understanding","Visual Reasoning"
"none","0.649592467678471","0.6876747687674769","0.661387220098307","0.5979381443298969","0.5685071574642127","0.5451573355128729","0.7286257124762507","0.4627092846270928","0.5833333333333334","0.7099697885196374"
