"Overall","choose","compare","logical","query","verify"
"9.524566703768485","15.323294951284321","3.904923599320883","33.1669439822518","1.4254224834680382","13.632326820603907"
