"split","Overall","AR","CP","FP-C","FP-S","LR","RR","action_recognition","attribute_comparison","attribute_recognition","celebrity_recognition","function_reasoning","future_prediction","identity_reasoning","image_emotion","image_quality","image_scene","image_style","image_topic","nature_relation","object_localization","ocr","physical_property_reasoning","physical_relation","social_relation","spatial_relationship","structuralized_imagetext_understanding"
"dev","0.7594501718213058","0.7286432160804021","0.8614864864864865","0.6993006993006993","0.7918088737201365","0.5338983050847458","0.7739130434782608","0.8888888888888888","0.6818181818181818","0.918918918918919","0.9191919191919192","0.8987341772151899","0.5","0.9555555555555556","0.82","0.6792452830188679","0.9615384615384616","0.8679245283018868","0.8888888888888888","0.75","0.5432098765432098","0.7435897435897436","0.41333333333333333","0.5833333333333334","0.9069767441860465","0.4888888888888889","0.5512820512820513"
