"Overall","choose","compare","logical","query","verify"
"57.87883606296709","84.85385296722764","71.47707979626486","76.53910149750416","40.1322556943424","79.48490230905861"
