"split","Overall","acc","precision","recall"
"Overall","82.05455008921744","84.35555555555555","96.20442319187089","71.53333333333333"
"random","82.95322767684577","85.3","98.71205151793929","71.53333333333333"
"adversarial","81.10355253212396","83.33333333333334","93.63001745200698","71.53333333333333"
"popular","82.1278224263299","84.43333333333334","96.40610961365678","71.53333333333333"
