{
    "Bleu": [
        75.5481994181949,
        58.77968946845191,
        44.56635701087198,
        33.56080493251154
    ],
    "ROUGE_L": 54.37144628959002,
    "CIDEr": 97.0518392533289
}