"split","Overall","AR","CP","FP-C","FP-S","LR","RR","action_recognition","attribute_comparison","attribute_recognition","celebrity_recognition","function_reasoning","future_prediction","identity_reasoning","image_emotion","image_quality","image_scene","image_style","image_topic","nature_relation","object_localization","ocr","physical_property_reasoning","physical_relation","social_relation","spatial_relationship","structuralized_imagetext_understanding"
"dev","0.43556701030927836","0.35678391959798994","0.6013513513513513","0.3776223776223776","0.5221843003412969","0.15254237288135594","0.28695652173913044","0.7407407407407407","0.18181818181818182","0.4864864864864865","0.8181818181818182","0.2911392405063291","0.225","0.7333333333333333","0.48","0.09433962264150944","0.7884615384615384","0.7735849056603774","0.7222222222222222","0.2916666666666667","0.20987654320987653","0.48717948717948717","0.2","0.20833333333333334","0.32558139534883723","0.13333333333333333","0.11538461538461539"
