"split","Overall","acc","precision","recall"
"Overall","85.12061141628851","86.15555555555555","91.99793495095508","79.2"
"random","87.19266055045873","88.36666666666667","96.97959183673468","79.2"
"adversarial","82.78745644599303","83.53333333333333","86.71532846715328","79.2"
"popular","85.4983807124865","86.56666666666666","92.88506645817046","79.2"
