"Overall","choose","compare","logical","query","verify"
"53.68898076005725","76.52790079716564","56.8760611205433","65.44647809206877","37.913299044819986","79.66252220248667"
