"split","Overall","Instance Attributes","Instance Identity","Instance Interaction","Instance Location","Instances Counting","Scene Understanding","Spatial Relation","Text Understanding","Visual Reasoning"
"none","0.5751124227093873","0.5917401591740159","0.636810486073184","0.5670103092783505","0.5408997955010225","0.4413567633837352","0.661811272957568","0.4444444444444444","0.23809523809523808","0.6102719033232629"
