"Overall","choose","compare","logical","query","verify"
"47.71823819367149","51.107174490699734","54.49915110356537","72.32390460343872","33.798677443056576","66.60746003552399"
