"split","Overall","acc","precision","recall"
"Overall","85.01536279839283","85.91111111111111","90.78748107016659","79.93333333333334"
"adversarial","82.51892635925671","83.06666666666666","85.2773826458037","79.93333333333334"
"random","87.90322580645162","89.0","97.63843648208469","79.93333333333334"
"popular","84.79490806223478","85.66666666666667","90.28614457831326","79.93333333333334"
