"split","Overall","Instance Attributes","Instance Identity","Instance Interaction","Instance Location","Instances Counting","Scene Understanding","Spatial Relation","Text Understanding","Visual Reasoning"
"none","0.7239319842608207","0.7405893740589374","0.7318405243036592","0.7422680412371134","0.6748466257668712","0.656722517368206","0.7713742875237493","0.6362252663622526","0.7976190476190477","0.7854984894259819"
