"split","Overall","AR","CP","FP-C","FP-S","LR","RR","action_recognition","attribute_comparison","attribute_recognition","celebrity_recognition","function_reasoning","future_prediction","identity_reasoning","image_emotion","image_quality","image_scene","image_style","image_topic","nature_relation","object_localization","ocr","physical_property_reasoning","physical_relation","social_relation","spatial_relationship","structuralized_imagetext_understanding"
"dev","0.8015463917525774","0.8090452261306532","0.8682432432432432","0.7132867132867133","0.8122866894197952","0.6610169491525424","0.8434782608695652","0.8888888888888888","0.6818181818181818","0.918918918918919","0.8181818181818182","0.8354430379746836","0.625","0.9555555555555556","0.78","0.7169811320754716","0.9807692307692307","0.8490566037735849","0.9166666666666666","0.7916666666666666","0.691358024691358","0.8461538461538461","0.6933333333333334","0.875","0.8837209302325582","0.5333333333333333","0.6794871794871795"
