"split","Overall","acc","precision","recall"
"Overall","86.32596685082873","86.8","89.54154727793696","83.33333333333334"
"random","89.1583452211127","89.86666666666666","95.85889570552148","83.33333333333334"
"popular","85.82217645039478","86.23333333333333","88.46426043878273","83.33333333333334"
"adversarial","84.14675193537529","84.3","84.9762066621346","83.33333333333334"
