"split","Overall","AR","CP","FP-C","FP-S","LR","RR","action_recognition","attribute_comparison","attribute_recognition","celebrity_recognition","function_reasoning","future_prediction","identity_reasoning","image_emotion","image_quality","image_scene","image_style","image_topic","nature_relation","object_localization","ocr","physical_property_reasoning","physical_relation","social_relation","spatial_relationship","structuralized_imagetext_understanding"
"dev","0.7646048109965635","0.8442211055276382","0.8412162162162162","0.6293706293706294","0.7952218430034129","0.559322033898305","0.7304347826086957","0.8518518518518519","0.7272727272727273","0.9054054054054054","0.8080808080808081","0.8734177215189873","0.4","1.0","0.78","0.6981132075471698","0.9711538461538461","0.7735849056603774","0.8611111111111112","0.625","0.6296296296296297","0.8974358974358975","0.72","0.7083333333333334","0.8604651162790697","0.26666666666666666","0.6410256410256411"
