"split","Overall","Instance Attributes","Instance Identity","Instance Interaction","Instance Location","Instances Counting","Scene Understanding","Spatial Relation","Text Understanding","Visual Reasoning"
"none","0.7062956717256886","0.7223058722305872","0.7334789732386674","0.7628865979381443","0.6359918200408998","0.624846751123825","0.7701076630778974","0.558599695585997","0.8095238095238095","0.7824773413897281"
