"Overall","choose","compare","logical","query","verify"
"42.02575926220385","48.44995571302037","35.653650254668925","58.56905158069884","33.798677443056576","52.087033747779756"
