"split","Overall","Instance Attributes","Instance Identity","Instance Interaction","Instance Location","Instances Counting","Scene Understanding","Spatial Relation","Text Understanding","Visual Reasoning"
"none","0.5602164137155705","0.5850720585072059","0.553795740032769","0.5360824742268041","0.5112474437627812","0.47691050265631385","0.6022799240025333","0.5342465753424658","0.5952380952380952","0.6555891238670695"
