"Overall","choose","compare","logical","query","verify"
"44.967403402766735","71.03631532329496","57.555178268251275","65.3910149750416","26.50991917707568","68.02841918294848"
