"split","Overall","acc","precision","recall"
"Overall","88.349965189139","88.84444444444445","92.44779018941233","84.6"
"popular","88.09441166261716","88.56666666666668","91.88993482983345","84.6"
"adversarial","86.26784500339906","86.53333333333333","88.00277392510402","84.6"
"random","90.80500894454381","91.43333333333334","97.99227799227799","84.6"
