"Overall","choose","compare","logical","query","verify"
"52.11480362537765","63.24180690876883","61.120543293718164","77.03826955074875","36.59074210139603","71.13676731793961"
