"split","Overall","Instance Attributes","Instance Identity","Instance Interaction","Instance Location","Instances Counting","Scene Understanding","Spatial Relation","Text Understanding","Visual Reasoning"
"none","0.7474002248454188","0.7605936760593676","0.7717094483888586","0.7216494845360825","0.6809815950920245","0.6865549652635881","0.7938568714376187","0.6514459665144596","0.8214285714285714","0.8096676737160121"
