"split","Overall","Instance Attributes","Instance Identity","Instance Interaction","Instance Location","Instances Counting","Scene Understanding","Spatial Relation","Text Understanding","Visual Reasoning"
"none","0.674044406970208","0.692191869219187","0.6837793555434188","0.7422680412371134","0.5920245398773006","0.5929709848794442","0.7444585180493983","0.5372907153729072","0.8452380952380952","0.743202416918429"
