"split","Overall","acc","precision","recall"
"Overall","84.16917032586086","84.77777777777777","87.67453057294175","80.93333333333334"
"random","87.3695573947463","88.3","94.91790461297889","80.93333333333334"
"adversarial","81.72332547963649","81.89999999999999","82.52889191026512","80.93333333333334"
"popular","83.60881542699724","84.13333333333334","86.46723646723646","80.93333333333334"
