"Overall","choose","compare","logical","query","verify"
"40.23692160915885","49.06997342781222","33.95585738539898","56.350526899611765","31.432770022042618","51.15452930728242"
