"split","Overall","AR","CP","FP-C","FP-S","LR","RR","action_recognition","attribute_comparison","attribute_recognition","celebrity_recognition","function_reasoning","future_prediction","identity_reasoning","image_emotion","image_quality","image_scene","image_style","image_topic","nature_relation","object_localization","ocr","physical_property_reasoning","physical_relation","social_relation","spatial_relationship","structuralized_imagetext_understanding"
"dev","0.7259450171821306","0.8090452261306532","0.7871621621621622","0.6293706293706294","0.7303754266211604","0.559322033898305","0.7043478260869566","0.8518518518518519","0.75","0.8783783783783784","0.7474747474747475","0.810126582278481","0.4","0.9777777777777777","0.72","0.6981132075471698","0.9326923076923077","0.660377358490566","0.7777777777777778","0.6041666666666666","0.5308641975308642","0.8205128205128205","0.7066666666666667","0.625","0.8604651162790697","0.24444444444444444","0.6410256410256411"
