"split","Overall","AR","CP","FP-C","FP-S","LR","RR","action_recognition","attribute_comparison","attribute_recognition","celebrity_recognition","function_reasoning","future_prediction","identity_reasoning","image_emotion","image_quality","image_scene","image_style","image_topic","nature_relation","object_localization","ocr","physical_property_reasoning","physical_relation","social_relation","spatial_relationship","structuralized_imagetext_understanding"
"dev","0.5154639175257731","0.628140703517588","0.5945945945945946","0.34265734265734266","0.5494880546075085","0.2796610169491525","0.48695652173913045","0.5925925925925926","0.20454545454545456","0.7972972972972973","0.5959595959595959","0.6835443037974683","0.2","0.8666666666666667","0.46","0.5471698113207547","0.7596153846153846","0.4716981132075472","0.5555555555555556","0.22916666666666666","0.2962962962962963","0.48717948717948717","0.4266666666666667","0.5833333333333334","0.7209302325581395","0.17777777777777778","0.32051282051282054"
