"split","Overall","acc","precision","recall"
"Overall","50.1403798513625","66.45555555555556","97.62057877813504","33.733333333333334"
"adversarial","49.92599901332018","66.16666666666666","96.01518026565465","33.733333333333334"
"popular","50.07422068283027","66.36666666666666","97.12092130518234","33.733333333333334"
"random","50.42351768809168","66.83333333333333","99.80276134122288","33.733333333333334"
