"Overall","choose","compare","logical","query","verify"
"48.2827158530768","70.94774136403898","60.611205432937176","67.38768718801997","30.580455547391622","71.89165186500888"
