"split","Overall","Instance Attributes","Instance Identity","Instance Interaction","Instance Location","Instances Counting","Scene Understanding","Spatial Relation","Text Understanding","Visual Reasoning"
"none","0.5961214165261383","0.6091632609163261","0.600218459858001","0.5979381443298969","0.5593047034764826","0.5083776052308949","0.6570614312856238","0.5449010654490106","0.5714285714285714","0.6737160120845922"
