"split","Overall","AR","CP","FP-C","FP-S","LR","RR","action_recognition","attribute_comparison","attribute_recognition","celebrity_recognition","function_reasoning","future_prediction","identity_reasoning","image_emotion","image_quality","image_scene","image_style","image_topic","nature_relation","object_localization","ocr","physical_property_reasoning","physical_relation","social_relation","spatial_relationship","structuralized_imagetext_understanding"
"dev","0.5987972508591065","0.7286432160804021","0.6621621621621622","0.4825174825174825","0.5631399317406144","0.5508474576271186","0.4956521739130435","0.6851851851851852","0.4090909090909091","0.6891891891891891","0.5454545454545454","0.759493670886076","0.4","0.8888888888888888","0.54","0.6415094339622641","0.75","0.5094339622641509","0.8333333333333334","0.4166666666666667","0.38271604938271603","0.7435897435897436","0.6","0.4166666666666667","0.627906976744186","0.3111111111111111","0.6282051282051282"
