"split","Overall","acc","precision","recall"
"Overall","73.718840946476","76.92222222222223","85.60094034675286","64.73333333333333"
"random","76.39653815892997","80.0","93.18618042226487","64.73333333333333"
"adversarial","71.37081955163544","74.03333333333333","79.52497952497953","64.73333333333333"
"popular","73.56060606060606","76.73333333333333","85.17543859649123","64.73333333333333"
