"split","Overall","AR","CP","FP-C","FP-S","LR","RR","action_recognition","attribute_comparison","attribute_recognition","celebrity_recognition","function_reasoning","future_prediction","identity_reasoning","image_emotion","image_quality","image_scene","image_style","image_topic","nature_relation","object_localization","ocr","physical_property_reasoning","physical_relation","social_relation","spatial_relationship","structuralized_imagetext_understanding"
"dev","0.5824742268041238","0.6582914572864321","0.7533783783783784","0.4825174825174825","0.6109215017064846","0.211864406779661","0.4434782608695652","0.8518518518518519","0.38636363636363635","0.8378378378378378","0.6161616161616161","0.7341772151898734","0.175","0.9333333333333333","0.68","0.49056603773584906","0.9326923076923077","0.7547169811320755","0.7222222222222222","0.3125","0.43209876543209874","0.5384615384615384","0.41333333333333333","0.16666666666666666","0.7441860465116279","0.13333333333333333","0.23076923076923078"
