"Overall","choose","compare","logical","query","verify"
"11.488312927333439","19.75199291408326","9.507640067911714","38.87964503605102","1.3666421748714181","16.518650088809945"
