"split","Overall","Instance Attributes","Instance Identity","Instance Interaction","Instance Location","Instances Counting","Scene Understanding","Spatial Relation","Text Understanding","Visual Reasoning"
"none","0.665893760539629","0.7119810711981072","0.6761332605133806","0.6288659793814433","0.5787321063394683","0.5574172456068656","0.7397086763774541","0.4885844748858447","0.5357142857142857","0.7129909365558912"
