"split","Overall","acc","precision","recall"
"Overall","81.92467565184533","84.05555555555554","94.5623727827857","72.26666666666667"
"random","83.06513409961686","85.26666666666667","97.65765765765767","72.26666666666667"
"popular","82.09011737978038","84.23333333333333","95.00438212094654","72.26666666666667"
"adversarial","80.6547619047619","82.66666666666667","91.24579124579124","72.26666666666667"
