"split","Overall","AR","CP","FP-C","FP-S","LR","RR","action_recognition","attribute_comparison","attribute_recognition","celebrity_recognition","function_reasoning","future_prediction","identity_reasoning","image_emotion","image_quality","image_scene","image_style","image_topic","nature_relation","object_localization","ocr","physical_property_reasoning","physical_relation","social_relation","spatial_relationship","structuralized_imagetext_understanding"
"dev","0.8144329896907216","0.8542713567839196","0.875","0.6993006993006993","0.856655290102389","0.6271186440677966","0.8173913043478261","0.9259259259259259","0.7954545454545454","0.972972972972973","0.9090909090909091","0.8987341772151899","0.475","1.0","0.8","0.7358490566037735","0.9615384615384616","0.9245283018867925","0.8611111111111112","0.7291666666666666","0.6419753086419753","0.9487179487179487","0.72","0.7916666666666666","0.9302325581395349","0.3333333333333333","0.7051282051282052"
