"Overall","choose","compare","logical","query","verify"
"46.83574495150262","56.421612046058456","39.72835314091681","63.2279534109817","39.32402645113886","53.46358792184724"
