"split","Overall","Instance Attributes","Instance Identity","Instance Interaction","Instance Location","Instances Counting","Scene Understanding","Spatial Relation","Text Understanding","Visual Reasoning"
"none","0.7501405283867342","0.7778016777801677","0.7837247405789186","0.7216494845360825","0.679959100204499","0.6885982836125868","0.7913236225459152","0.5692541856925418","0.7619047619047619","0.8096676737160121"
