"split","Overall","acc","precision","recall"
"Overall","89.87413538949995","90.07777777777778","91.75735123871267","88.06666666666668"
"adversarial","87.45448526977822","87.36666666666667","86.85075608152532","88.06666666666668"
"random","92.60427620049072","92.96666666666667","97.63488543976348","88.06666666666668"
"popular","89.71137521222411","89.9","91.41868512110727","88.06666666666668"
