"Overall","choose","compare","logical","query","verify"
"54.0785498489426","78.91939769707706","61.460101867572156","72.71214642262895","37.04628949301984","76.24333925399644"
