"split","Overall","acc","precision","recall"
"Overall","77.32361364228065","80.64444444444445","93.3375235700817","66.0"
"adversarial","75.920245398773","79.06666666666666","89.35018050541517","66.0"
"random","78.85304659498208","82.3","97.92284866468842","66.0"
"popular","77.25321888412017","80.56666666666666","93.13264346190027","66.0"
