"split","Overall","Instance Attributes","Instance Identity","Instance Interaction","Instance Location","Instances Counting","Scene Understanding","Spatial Relation","Text Understanding","Visual Reasoning"
"none","0.6890106801573918","0.707033770703377","0.7045330420535226","0.7216494845360825","0.6267893660531697","0.613404168369432","0.7435085497150095","0.5981735159817352","0.7261904761904762","0.7341389728096677"
