"split","Overall","AR","CP","FP-C","FP-S","LR","RR","action_recognition","attribute_comparison","attribute_recognition","celebrity_recognition","function_reasoning","future_prediction","identity_reasoning","image_emotion","image_quality","image_scene","image_style","image_topic","nature_relation","object_localization","ocr","physical_property_reasoning","physical_relation","social_relation","spatial_relationship","structuralized_imagetext_understanding"
"dev","0.6202749140893471","0.7185929648241206","0.722972972972973","0.5174825174825175","0.621160409556314","0.3898305084745763","0.5478260869565217","0.7777777777777778","0.45454545454545453","0.6756756756756757","0.7575757575757576","0.8227848101265823","0.375","0.7333333333333333","0.54","0.660377358490566","0.8846153846153846","0.6226415094339622","0.75","0.3958333333333333","0.43209876543209874","0.5641025641025641","0.6","0.4166666666666667","0.7906976744186046","0.26666666666666666","0.3974358974358974"
