"Overall","choose","compare","logical","query","verify"
"6.241055811734775","4.871567759078831","4.584040747028863","16.195230171935663","3.614988978692138","7.326820603907638"
