"split","Overall","Instance Attributes","Instance Identity","Instance Interaction","Instance Location","Instances Counting","Scene Understanding","Spatial Relation","Text Understanding","Visual Reasoning"
"none","0.6770657672849916","0.7132716713271672","0.6870562534134352","0.6597938144329897","0.6165644171779141","0.5594605639558643","0.7507916402786574","0.5372907153729072","0.5952380952380952","0.7613293051359517"
