"split","Overall","acc","precision","recall"
"Overall","67.74475524475525","75.4","98.3502538071066","51.66666666666667"
"popular","67.74475524475525","75.4","98.3502538071066","51.66666666666667"
"random","68.04214223002634","75.73333333333333","99.61439588688947","51.66666666666667"
"adversarial","67.44995648389904","75.06666666666668","97.11779448621553","51.66666666666667"
