"split","Overall","AR","CP","FP-C","FP-S","LR","RR","action_recognition","attribute_comparison","attribute_recognition","celebrity_recognition","function_reasoning","future_prediction","identity_reasoning","image_emotion","image_quality","image_scene","image_style","image_topic","nature_relation","object_localization","ocr","physical_property_reasoning","physical_relation","social_relation","spatial_relationship","structuralized_imagetext_understanding"
"dev","0.6245704467353952","0.6984924623115578","0.7432432432432432","0.5104895104895105","0.6484641638225256","0.2966101694915254","0.6086956521739131","0.8333333333333334","0.45454545454545453","0.8918918918918919","0.7373737373737373","0.6962025316455697","0.175","0.9777777777777777","0.64","0.5660377358490566","0.8942307692307693","0.7358490566037735","0.7222222222222222","0.4791666666666667","0.345679012345679","0.5897435897435898","0.5333333333333333","0.5833333333333334","0.7674418604651163","0.17777777777777778","0.358974358974359"
