"split","Overall","AR","CP","FP-C","FP-S","LR","RR","action_recognition","attribute_comparison","attribute_recognition","celebrity_recognition","function_reasoning","future_prediction","identity_reasoning","image_emotion","image_quality","image_scene","image_style","image_topic","nature_relation","object_localization","ocr","physical_property_reasoning","physical_relation","social_relation","spatial_relationship","structuralized_imagetext_understanding"
"dev","0.6993127147766323","0.7788944723618091","0.7905405405405406","0.5734265734265734","0.7372013651877133","0.423728813559322","0.6695652173913044","0.7777777777777778","0.5909090909090909","0.8378378378378378","0.8484848484848485","0.8227848101265823","0.5","0.9333333333333333","0.62","0.6415094339622641","0.9519230769230769","0.7735849056603774","0.8055555555555556","0.625","0.5061728395061729","0.7435897435897436","0.64","0.4166666666666667","0.8604651162790697","0.3111111111111111","0.38461538461538464"
