"split","Overall","Instance Attributes","Instance Identity","Instance Interaction","Instance Location","Instances Counting","Scene Understanding","Spatial Relation","Text Understanding","Visual Reasoning"
"none","0.6682827431141091","0.696708969670897","0.6783178590933916","0.6804123711340206","0.5930470347648262","0.5819370657948508","0.7222925902469918","0.5768645357686454","0.6904761904761905","0.7311178247734139"
