"split","Overall","acc","precision","recall"
"Overall","75.50807712350182","79.11111111111111","91.24685138539043","64.4"
"popular","75.35101404056161","78.93333333333334","90.78947368421053","64.4"
"random","77.18737514982023","80.96666666666667","96.31106679960119","64.4"
"adversarial","74.05136067458797","77.43333333333334","87.10550045085664","64.4"
