"Overall","choose","compare","logical","query","verify"
"53.26761011289554","77.0593445527015","60.95076400679117","70.16084303937882","36.72299779573843","75.79928952042629"
