"Overall","choose","compare","logical","query","verify"
"53.59357608522818","80.60230292294067","67.06281833616299","72.26844148641153","36.0470242468773","74.60035523978685"
