"split","Overall","AR","CP","FP-C","FP-S","LR","RR","action_recognition","attribute_comparison","attribute_recognition","celebrity_recognition","function_reasoning","future_prediction","identity_reasoning","image_emotion","image_quality","image_scene","image_style","image_topic","nature_relation","object_localization","ocr","physical_property_reasoning","physical_relation","social_relation","spatial_relationship","structuralized_imagetext_understanding"
"dev","0.6915807560137457","0.6834170854271356","0.7804054054054054","0.6713286713286714","0.7201365187713311","0.4067796610169492","0.7217391304347827","0.8518518518518519","0.6136363636363636","0.8378378378378378","0.8282828282828283","0.8227848101265823","0.475","0.9777777777777777","0.64","0.6792452830188679","0.9423076923076923","0.660377358490566","0.8333333333333334","0.75","0.49382716049382713","0.6923076923076923","0.36","0.5","0.813953488372093","0.5111111111111111","0.3717948717948718"
