"split","Overall","acc","precision","recall"
"Overall","74.348349151183","78.67777777777778","93.29084199932909","61.8"
"popular","74.21937550040032","78.53333333333333","92.88577154308616","61.8"
"random","75.64259485924113","80.10000000000001","97.47634069400631","61.8"
"adversarial","73.2227488151659","77.4","89.82558139534885","61.8"
