"split","Overall","Instance Attributes","Instance Identity","Instance Interaction","Instance Location","Instances Counting","Scene Understanding","Spatial Relation","Text Understanding","Visual Reasoning"
"none","0.6838813940415964","0.707033770703377","0.6837793555434188","0.7216494845360825","0.6380368098159509","0.598283612586841","0.746675110829639","0.5768645357686454","0.6904761904761905","0.7280966767371602"
