"split","Overall","Instance Attributes","Instance Identity","Instance Interaction","Instance Location","Instances Counting","Scene Understanding","Spatial Relation","Text Understanding","Visual Reasoning"
"none","0.4690837549184935","0.4889223488922349","0.5040961223375204","0.5154639175257731","0.4539877300613497","0.3310175725378014","0.5569981000633312","0.3607305936073059","0.2857142857142857","0.47129909365558914"
