"Overall","choose","compare","logical","query","verify"
"46.00890443631738","69.1762621789194","56.02716468590832","63.061564059900164","28.67009551800147","70.51509769094139"
