"split","Overall","AR","CP","FP-C","FP-S","LR","RR","action_recognition","attribute_comparison","attribute_recognition","celebrity_recognition","function_reasoning","future_prediction","identity_reasoning","image_emotion","image_quality","image_scene","image_style","image_topic","nature_relation","object_localization","ocr","physical_property_reasoning","physical_relation","social_relation","spatial_relationship","structuralized_imagetext_understanding"
"dev","0.7637457044673539","0.7236180904522613","0.8378378378378378","0.7132867132867133","0.7952218430034129","0.6186440677966102","0.7739130434782608","0.8703703703703703","0.6818181818181818","0.9054054054054054","0.9090909090909091","0.8607594936708861","0.625","0.9777777777777777","0.74","0.7169811320754716","0.9711538461538461","0.7924528301886793","0.8333333333333334","0.7291666666666666","0.5185185185185185","0.8717948717948718","0.4266666666666667","0.625","0.9069767441860465","0.5555555555555556","0.6153846153846154"
