"split","Overall","acc","precision","recall"
"Overall","80.89196462898886","83.43333333333334","95.54950045413261","70.13333333333334"
"popular","80.86087624903921","83.39999999999999","95.4627949183303","70.13333333333334"
"adversarial","79.93920972644378","82.39999999999999","92.93286219081273","70.13333333333334"
"random","81.89957181782795","84.5","98.40972871842844","70.13333333333334"
