"Overall","choose","compare","logical","query","verify"
"5.708379710605819","4.0744021257750225","4.4142614601018675","14.087631724902941","3.6590742101396034","6.349911190053286"
