"split","Overall","Instance Attributes","Instance Identity","Instance Interaction","Instance Location","Instances Counting","Scene Understanding","Spatial Relation","Text Understanding","Visual Reasoning"
"none","0.640247329960652","0.6775650677565068","0.6269797924631348","0.6804123711340206","0.5838445807770961","0.5255414793624846","0.7213426219126029","0.4992389649923896","0.5119047619047619","0.7311178247734139"
