"split","Overall","AR","CP","FP-C","FP-S","LR","RR","action_recognition","attribute_comparison","attribute_recognition","celebrity_recognition","function_reasoning","future_prediction","identity_reasoning","image_emotion","image_quality","image_scene","image_style","image_topic","nature_relation","object_localization","ocr","physical_property_reasoning","physical_relation","social_relation","spatial_relationship","structuralized_imagetext_understanding"
"dev","0.6529209621993127","0.7135678391959799","0.7364864864864865","0.6363636363636364","0.6416382252559727","0.3983050847457627","0.6434782608695652","0.8148148148148148","0.6363636363636364","0.8108108108108109","0.6262626262626263","0.7848101265822784","0.5","0.7777777777777778","0.64","0.6792452830188679","0.9230769230769231","0.5094339622641509","0.75","0.5208333333333334","0.5432098765432098","0.5641025641025641","0.6","0.75","0.7209302325581395","0.4222222222222222","0.34615384615384615"
