"split","Overall","Instance Attributes","Instance Identity","Instance Interaction","Instance Location","Instances Counting","Scene Understanding","Spatial Relation","Text Understanding","Visual Reasoning"
"none","0.628513209668353","0.6448698644869865","0.6253413435281268","0.6597938144329897","0.5705521472392638","0.5402533714752759","0.6849271690943636","0.6012176560121766","0.7619047619047619","0.7129909365558912"
