"Overall","choose","compare","logical","query","verify"
"43.083161074892665","49.24712134632418","58.91341256366724","68.55241264559068","27.08302718589273","63.80994671403197"
