"split","Overall","acc","precision","recall"
"Overall","73.72914241365929","77.43333333333334","88.2079851439183","63.33333333333333"
"random","76.42799678197908","80.46666666666667","96.34888438133873","63.33333333333333"
"popular","73.41576506955178","77.06666666666668","87.31617647058823","63.33333333333333"
"adversarial","71.50922092585623","74.76666666666667","82.10890233362143","63.33333333333333"
