"split","Overall","AR","CP","FP-C","FP-S","LR","RR","action_recognition","attribute_comparison","attribute_recognition","celebrity_recognition","function_reasoning","future_prediction","identity_reasoning","image_emotion","image_quality","image_scene","image_style","image_topic","nature_relation","object_localization","ocr","physical_property_reasoning","physical_relation","social_relation","spatial_relationship","structuralized_imagetext_understanding"
"dev","0.8616838487972509","0.8592964824120602","0.9054054054054054","0.7622377622377622","0.8976109215017065","0.7711864406779662","0.8782608695652174","0.9259259259259259","0.7727272727272727","0.9594594594594594","0.9090909090909091","0.8860759493670886","0.65","1.0","0.86","0.7169811320754716","0.9903846153846154","0.9811320754716981","0.8888888888888888","0.8125","0.8024691358024691","0.9487179487179487","0.7466666666666667","0.875","0.9534883720930233","0.5555555555555556","0.8333333333333334"
