"split","Overall","acc","precision","recall"
"Overall","90.27761910202217","90.54444444444445","92.8991300258641","87.8"
"adversarial","88.06419257773321","88.1","88.32997987927565","87.8"
"random","92.61603375527426","93.0","97.99107142857143","87.8"
"popular","90.26730637422892","90.53333333333333","92.87729196050776","87.8"
