"split","Overall","Instance Attributes","Instance Identity","Instance Interaction","Instance Location","Instances Counting","Scene Understanding","Spatial Relation","Text Understanding","Visual Reasoning"
"none","0.771008993816751","0.7889868788986879","0.8006553795740032","0.7628865979381443","0.7229038854805726","0.7110747854515733","0.8081063964534515","0.665144596651446","0.7380952380952381","0.8066465256797583"
