"Overall","choose","compare","logical","query","verify"
"52.76673557004293","55.27015057573074","60.78098471986417","77.42651136993899","38.85378398236591","71.71403197158082"
