"split","Overall","AR","CP","FP-C","FP-S","LR","RR","action_recognition","attribute_comparison","attribute_recognition","celebrity_recognition","function_reasoning","future_prediction","identity_reasoning","image_emotion","image_quality","image_scene","image_style","image_topic","nature_relation","object_localization","ocr","physical_property_reasoning","physical_relation","social_relation","spatial_relationship","structuralized_imagetext_understanding"
"dev","0.5231958762886598","0.6130653266331658","0.6790540540540541","0.40559440559440557","0.5290102389078498","0.22033898305084745","0.40869565217391307","0.6481481481481481","0.38636363636363635","0.7027027027027027","0.5454545454545454","0.7341772151898734","0.2","0.8444444444444444","0.58","0.5094339622641509","0.8942307692307693","0.5283018867924528","0.6666666666666666","0.3125","0.3333333333333333","0.5641025641025641","0.3466666666666667","0.2916666666666667","0.5813953488372093","0.13333333333333333","0.23076923076923078"
