"split","Overall","acc","precision","recall"
"Overall","80.56081849185297","82.89999999999999","93.32748024582968","70.86666666666666"
"popular","80.77507598784194","83.13333333333334","93.90459363957598","70.86666666666666"
"random","81.67499039569726","84.1","96.37352674524026","70.86666666666666"
"adversarial","79.26920208799403","81.46666666666667","89.93231810490694","70.86666666666666"
