"Overall","choose","compare","logical","query","verify"
"8.713626967721419","15.146147032772364","2.886247877758913","31.39212423738214","0.9698750918442322","12.25577264653641"
