"split","Overall","Instance Attributes","Instance Identity","Instance Interaction","Instance Location","Instances Counting","Scene Understanding","Spatial Relation","Text Understanding","Visual Reasoning"
"none","0.634345137717819","0.6754140675414068","0.6521026761332606","0.5670103092783505","0.5541922290388548","0.5181855333060891","0.7121595946801773","0.4611872146118721","0.5833333333333334","0.6888217522658611"
