"Overall","choose","compare","logical","query","verify"
"50.06360311655271","77.94508414526129","64.34634974533107","70.10537992235164","32.21160911094783","70.24866785079928"
