"split","Overall","Instance Attributes","Instance Identity","Instance Interaction","Instance Location","Instances Counting","Scene Understanding","Spatial Relation","Text Understanding","Visual Reasoning"
"none","0.6528246205733558","0.6764895676489567","0.6504642271982524","0.6907216494845361","0.6022494887525562","0.5639558643236616","0.7131095630145662","0.5646879756468798","0.6904761904761905","0.7190332326283988"
