"split","Overall","AR","CP","FP-C","FP-S","LR","RR","action_recognition","attribute_comparison","attribute_recognition","celebrity_recognition","function_reasoning","future_prediction","identity_reasoning","image_emotion","image_quality","image_scene","image_style","image_topic","nature_relation","object_localization","ocr","physical_property_reasoning","physical_relation","social_relation","spatial_relationship","structuralized_imagetext_understanding"
"dev","0.6426116838487973","0.7487437185929648","0.7804054054054054","0.43356643356643354","0.6552901023890785","0.3898305084745763","0.591304347826087","0.7592592592592593","0.38636363636363635","0.8108108108108109","0.6464646464646465","0.810126582278481","0.3","0.9111111111111111","0.74","0.7547169811320755","0.9134615384615384","0.5283018867924528","0.8611111111111112","0.4166666666666667","0.5432098765432098","0.6153846153846154","0.5866666666666667","0.5833333333333334","0.7906976744186046","0.08888888888888889","0.4358974358974359"
