"split","Overall","Instance Attributes","Instance Identity","Instance Interaction","Instance Location","Instances Counting","Scene Understanding","Spatial Relation","Text Understanding","Visual Reasoning"
"none","0.6304806070826307","0.6302430630243063","0.651010376843255","0.7010309278350515","0.5408997955010225","0.5447486718430732","0.7254591513616213","0.4946727549467275","0.6547619047619048","0.7552870090634441"
