"Overall","choose","compare","logical","query","verify"
"46.334870408650026","71.12488928255092","52.29202037351443","67.44315030504714","28.611315209404847","69.00532859680284"
