"split","Overall","acc","precision","recall"
"Overall","80.97979179424372","82.74444444444444","90.20463847203274","73.46666666666667"
"popular","81.059212945936","82.83333333333334","90.4019688269073","73.46666666666667"
"adversarial","78.68618350589075","80.10000000000001","84.70407378939278","73.46666666666667"
"random","83.32703213610586","85.3","96.24454148471617","73.46666666666667"
