"Overall","choose","compare","logical","query","verify"
"48.87104468118938","71.92205491585474","55.85738539898133","67.11037160288407","31.27112417340191","74.06749555950266"
