"split","Overall","Instance Attributes","Instance Identity","Instance Interaction","Instance Location","Instances Counting","Scene Understanding","Spatial Relation","Text Understanding","Visual Reasoning"
"none","0.5003513209668353","0.5274252527425253","0.5401419989077008","0.5463917525773195","0.4662576687116564","0.3543114017163874","0.5943635212159595","0.3668188736681887","0.2857142857142857","0.48942598187311176"
