"split","Overall","acc","precision","recall"
"Overall","78.84739630443211","81.81111111111112","94.1957394257487","67.80000000000001"
"popular","78.95962732919254","81.93333333333334","94.51672862453532","67.80000000000001"
"random","80.17343318880567","83.23333333333333","98.07135969141754","67.80000000000001"
"adversarial","77.45620715917747","80.26666666666667","90.31971580817051","67.80000000000001"
