"Overall","choose","compare","logical","query","verify"
"55.34266179042773","79.98228520814881","61.62988115449915","73.21131447587355","38.45701689933872","78.06394316163411"
