"split","Overall","Instance Attributes","Instance Identity","Instance Interaction","Instance Location","Instances Counting","Scene Understanding","Spatial Relation","Text Understanding","Visual Reasoning"
"none","0.7077712197863969","0.7225209722520972","0.7291097760786456","0.7422680412371134","0.6390593047034765","0.6387413158970168","0.7650411652944902","0.6073059360730594","0.6547619047619048","0.7522658610271903"
