"split","Overall","AR","CP","FP-C","FP-S","LR","RR","action_recognition","attribute_comparison","attribute_recognition","celebrity_recognition","function_reasoning","future_prediction","identity_reasoning","image_emotion","image_quality","image_scene","image_style","image_topic","nature_relation","object_localization","ocr","physical_property_reasoning","physical_relation","social_relation","spatial_relationship","structuralized_imagetext_understanding"
"dev","0.7207903780068728","0.8090452261306532","0.8277027027027027","0.6223776223776224","0.7440273037542662","0.4152542372881356","0.6695652173913044","0.8703703703703703","0.6136363636363636","0.8783783783783784","0.8888888888888888","0.8227848101265823","0.5","0.9555555555555556","0.7","0.6981132075471698","0.9615384615384616","0.8301886792452831","0.8055555555555556","0.5833333333333334","0.48148148148148145","0.6666666666666666","0.7066666666666667","0.4583333333333333","0.8837209302325582","0.3333333333333333","0.3717948717948718"
