"split","Overall","AR","CP","FP-C","FP-S","LR","RR","action_recognition","attribute_comparison","attribute_recognition","celebrity_recognition","function_reasoning","future_prediction","identity_reasoning","image_emotion","image_quality","image_scene","image_style","image_topic","nature_relation","object_localization","ocr","physical_property_reasoning","physical_relation","social_relation","spatial_relationship","structuralized_imagetext_understanding"
"dev","0.5240549828178694","0.6231155778894473","0.6554054054054054","0.40559440559440557","0.5460750853242321","0.211864406779661","0.4260869565217391","0.7037037037037037","0.3181818181818182","0.7972972972972973","0.5454545454545454","0.7468354430379747","0.175","0.8888888888888888","0.52","0.37735849056603776","0.8942307692307693","0.5283018867924528","0.75","0.2916666666666667","0.2962962962962963","0.5897435897435898","0.3333333333333333","0.16666666666666666","0.7209302325581395","0.13333333333333333","0.23076923076923078"
