"Overall","choose","compare","logical","query","verify"
"9.802830338686595","16.82905225863596","4.074702886247878","33.61064891846922","1.4401175606171932","13.987566607460037"
