"split","Overall","Instance Attributes","Instance Identity","Instance Interaction","Instance Location","Instances Counting","Scene Understanding","Spatial Relation","Text Understanding","Visual Reasoning"
"none","0.6264052838673412","0.6569154656915466","0.6340797378481704","0.5773195876288659","0.5347648261758691","0.5210461789946874","0.7178594046865104","0.4398782343987823","0.6309523809523809","0.716012084592145"
