"split","Overall","acc","precision","recall"
"Overall","79.3183578621224","82.19999999999999","94.63955637707949","68.26666666666667"
"random","80.03126221180149","82.96666666666667","96.69499527856469","68.26666666666667"
"adversarial","78.2874617737003","81.06666666666666","91.75627240143369","68.26666666666667"
"popular","79.65772073123298","82.56666666666666","95.61157796451914","68.26666666666667"
