"split","Overall","Instance Attributes","Instance Identity","Instance Interaction","Instance Location","Instances Counting","Scene Understanding","Spatial Relation","Text Understanding","Visual Reasoning"
"none","0.6580944350758853","0.7195095719509572","0.6848716548334244","0.6907216494845361","0.6523517382413088","0.6080915406620352","0.62982900569981","0.6179604261796042","0.7261904761904762","0.3564954682779456"
