"Overall","choose","compare","logical","query","verify"
"55.99459373509303","83.348095659876","61.460101867572156","74.65335551858014","38.94195444526084","77.44227353463587"
