"split","Overall","Instance Attributes","Instance Identity","Instance Interaction","Instance Location","Instances Counting","Scene Understanding","Spatial Relation","Text Understanding","Visual Reasoning"
"none","0.6441118605958404","0.6575607657560766","0.651010376843255","0.6494845360824743","0.5633946830265849","0.5709031467102574","0.7178594046865104","0.5098934550989346","0.7738095238095238","0.7250755287009063"
