"Overall","choose","compare","logical","query","verify"
"43.01160756877087","56.6873339238264","43.63327674023769","62.39600665557404","29.037472446730344","62.699822380106575"
