"split","Overall","Instance Attributes","Instance Identity","Instance Interaction","Instance Location","Instances Counting","Scene Understanding","Spatial Relation","Text Understanding","Visual Reasoning"
"none","0.6618887015177066","0.6812217681221768","0.7007099945385036","0.6804123711340206","0.5715746421267893","0.5741724560686555","0.7333755541481951","0.4916286149162861","0.7619047619047619","0.716012084592145"
