"Overall","choose","compare","logical","query","verify"
"48.362219748767686","74.5792736935341","54.159592529711375","70.10537992235164","30.124908155767816","71.40319715808171"
