"split","Overall","AR","CP","FP-C","FP-S","LR","RR","action_recognition","attribute_comparison","attribute_recognition","celebrity_recognition","function_reasoning","future_prediction","identity_reasoning","image_emotion","image_quality","image_scene","image_style","image_topic","nature_relation","object_localization","ocr","physical_property_reasoning","physical_relation","social_relation","spatial_relationship","structuralized_imagetext_understanding"
"dev","0.6649484536082474","0.7638190954773869","0.8344594594594594","0.48951048951048953","0.658703071672355","0.3898305084745763","0.5739130434782609","0.8518518518518519","0.38636363636363635","0.7972972972972973","0.6868686868686869","0.7974683544303798","0.275","0.9555555555555556","0.82","0.7169811320754716","0.9711538461538461","0.6415094339622641","0.9166666666666666","0.375","0.5185185185185185","0.6153846153846154","0.6133333333333333","0.5416666666666666","0.813953488372093","0.15555555555555556","0.44871794871794873"
