"split","Overall","acc","precision","recall"
"Overall","83.07470227354746","84.36666666666667","90.558615263572","76.73333333333333"
"adversarial","80.68699614440938","81.63333333333334","85.07021433850703","76.73333333333333"
"random","85.76751117734725","87.26666666666667","97.21283783783784","76.73333333333333"
"popular","82.9250720461095","84.2","90.20376175548589","76.73333333333333"
