"Overall","choose","compare","logical","query","verify"
"54.07059945937351","79.09654561558902","61.460101867572156","72.82307265668331","37.00220426157237","76.15452930728242"
