"split","Overall","AR","CP","FP-C","FP-S","LR","RR","action_recognition","attribute_comparison","attribute_recognition","celebrity_recognition","function_reasoning","future_prediction","identity_reasoning","image_emotion","image_quality","image_scene","image_style","image_topic","nature_relation","object_localization","ocr","physical_property_reasoning","physical_relation","social_relation","spatial_relationship","structuralized_imagetext_understanding"
"dev","0.6950171821305842","0.8090452261306532","0.7837837837837838","0.6013986013986014","0.7167235494880546","0.3983050847457627","0.6347826086956522","0.7962962962962963","0.6363636363636364","0.8513513513513513","0.8282828282828283","0.8481012658227848","0.475","0.9333333333333333","0.64","0.6415094339622641","0.9423076923076923","0.7169811320754716","0.8333333333333334","0.5416666666666666","0.49382716049382713","0.6410256410256411","0.6933333333333334","0.4583333333333333","0.8372093023255814","0.3333333333333333","0.358974358974359"
