"split","Overall","acc","precision","recall"
"Overall","75.42033626901521","79.53333333333333","94.38877755511022","62.8"
"adversarial","73.96937573616017","77.9","89.97134670487105","62.8"
"popular","75.63227619429948","79.76666666666667","95.05549949545913","62.8"
"random","76.7100977198697","80.93333333333334","98.5355648535565","62.8"
