"split","Overall","Instance Attributes","Instance Identity","Instance Interaction","Instance Location","Instances Counting","Scene Understanding","Spatial Relation","Text Understanding","Visual Reasoning"
"none","0.6949128724002248","0.7085394708539471","0.7089022392135446","0.7010309278350515","0.6339468302658486","0.6240294237842255","0.7542748575047499","0.5966514459665144","0.7023809523809523","0.7552870090634441"
