"Overall","choose","compare","logical","query","verify"
"50.135156622674515","74.84499557130204","57.045840407470294","69.99445368829728","32.31447465099192","73.8898756660746"
