"split","Overall","Instance Attributes","Instance Identity","Instance Interaction","Instance Location","Instances Counting","Scene Understanding","Spatial Relation","Text Understanding","Visual Reasoning"
"none","0.6645587408656549","0.6893955689395569","0.6832332058984162","0.6701030927835051","0.5858895705521472","0.5794850837760523","0.7321089297023432","0.5098934550989346","0.7380952380952381","0.716012084592145"
