"split","Overall","AR","CP","FP-C","FP-S","LR","RR","action_recognition","attribute_comparison","attribute_recognition","celebrity_recognition","function_reasoning","future_prediction","identity_reasoning","image_emotion","image_quality","image_scene","image_style","image_topic","nature_relation","object_localization","ocr","physical_property_reasoning","physical_relation","social_relation","spatial_relationship","structuralized_imagetext_understanding"
"dev","0.6314432989690721","0.7185929648241206","0.777027027027027","0.4755244755244755","0.658703071672355","0.3135593220338983","0.5565217391304348","0.8148148148148148","0.3409090909090909","0.8108108108108109","0.6767676767676768","0.8354430379746836","0.275","0.8444444444444444","0.72","0.6415094339622641","0.9519230769230769","0.6226415094339622","0.7777777777777778","0.375","0.6049382716049383","0.4358974358974359","0.52","0.5833333333333334","0.7441860465116279","0.2","0.3333333333333333"
