"split","Overall","acc","precision","recall"
"Overall","82.00589970501476","83.73333333333333","91.74917491749174","74.13333333333333"
"popular","82.43143068939955","84.2","92.82136894824707","74.13333333333333"
"random","84.14680287552024","86.03333333333333","97.28783902012248","74.13333333333333"
"adversarial","79.5706618962433","80.96666666666667","85.86872586872587","74.13333333333333"
