"split","Overall","AR","CP","FP-C","FP-S","LR","RR","action_recognition","attribute_comparison","attribute_recognition","celebrity_recognition","function_reasoning","future_prediction","identity_reasoning","image_emotion","image_quality","image_scene","image_style","image_topic","nature_relation","object_localization","ocr","physical_property_reasoning","physical_relation","social_relation","spatial_relationship","structuralized_imagetext_understanding"
"dev","0.5670103092783505","0.507537688442211","0.7364864864864865","0.6993006993006993","0.6484641638225256","0.16101694915254236","0.2782608695652174","0.9074074074074074","0.5681818181818182","0.8243243243243243","0.6262626262626263","0.6962025316455697","0.25","0.8666666666666667","0.82","0.18867924528301888","0.9134615384615384","0.7924528301886793","0.8333333333333334","0.0625","0.49382716049382713","0.6923076923076923","0.09333333333333334","0.375","0.46511627906976744","0.5777777777777777","0.11538461538461539"
