"split","Overall","AR","CP","FP-C","FP-S","LR","RR","action_recognition","attribute_comparison","attribute_recognition","celebrity_recognition","function_reasoning","future_prediction","identity_reasoning","image_emotion","image_quality","image_scene","image_style","image_topic","nature_relation","object_localization","ocr","physical_property_reasoning","physical_relation","social_relation","spatial_relationship","structuralized_imagetext_understanding"
"dev","0.6460481099656358","0.7437185929648241","0.8006756756756757","0.5244755244755245","0.6518771331058021","0.3220338983050847","0.5478260869565217","0.7962962962962963","0.38636363636363635","0.8513513513513513","0.6868686868686869","0.8607594936708861","0.3","0.9333333333333333","0.72","0.6981132075471698","0.9519230769230769","0.6415094339622641","0.8611111111111112","0.3125","0.48148148148148145","0.5384615384615384","0.5066666666666667","0.5","0.8372093023255814","0.3333333333333333","0.3333333333333333"
