"split","Overall","acc","precision","recall"
"Overall","81.08108108108108","82.81111111111112","90.15501767745445","73.66666666666667"
"popular","81.04143747708105","82.76666666666667","90.05704971475143","73.66666666666667"
"adversarial","78.84409561184445","80.23333333333333","84.80429777436684","73.66666666666667"
"random","83.49074423876085","85.43333333333332","96.3382737576286","73.66666666666667"
