"Overall","choose","compare","logical","query","verify"
"50.58037843854349","76.88219663418955","56.36672325976231","69.05158069883528","33.28434974283615","73.35701598579041"
