"split","Overall","Instance Attributes","Instance Identity","Instance Interaction","Instance Location","Instances Counting","Scene Understanding","Spatial Relation","Text Understanding","Visual Reasoning"
"none","0.6524030354131535","0.6773499677349968","0.6744948115783724","0.7010309278350515","0.5633946830265849","0.5664078463424601","0.7175427485750475","0.5053272450532724","0.7023809523809523","0.7220543806646526"
