{
    "Bleu": [
        14.898439446243605,
        8.766070775832102,
        4.704172927859009,
        2.510762433098612
    ],
    "ROUGE_L": 14.645442793708149,
    "CIDEr": 1.6200230216511667e-06
}