"split","Overall","AR","CP","FP-C","FP-S","LR","RR","action_recognition","attribute_comparison","attribute_recognition","celebrity_recognition","function_reasoning","future_prediction","identity_reasoning","image_emotion","image_quality","image_scene","image_style","image_topic","nature_relation","object_localization","ocr","physical_property_reasoning","physical_relation","social_relation","spatial_relationship","structuralized_imagetext_understanding"
"dev","0.7353951890034365","0.7035175879396985","0.8344594594594594","0.6993006993006993","0.7815699658703071","0.4576271186440678","0.7478260869565218","0.8888888888888888","0.6590909090909091","0.9054054054054054","0.9292929292929293","0.8481012658227848","0.475","0.9777777777777777","0.74","0.660377358490566","0.9615384615384616","0.8113207547169812","0.8888888888888888","0.7291666666666666","0.5432098765432098","0.6666666666666666","0.38666666666666666","0.5833333333333334","0.8604651162790697","0.5111111111111111","0.44871794871794873"
