"Overall","choose","compare","logical","query","verify"
"57.69597710287804","84.67670504871568","70.11884550084889","76.09539656128675","40.146950771491554","79.21847246891652"
