"split","Overall","acc","precision","recall"
"Overall","81.1497497754395","83.67777777777778","96.02186456119041","70.26666666666667"
"random","82.11920529801324","84.7","98.78163074039362","70.26666666666667"
"popular","81.10811850711812","83.63333333333334","95.90536851683349","70.26666666666667"
"adversarial","80.24362390559574","82.69999999999999","93.5226264418811","70.26666666666667"
