"split","Overall","Instance Attributes","Instance Identity","Instance Interaction","Instance Location","Instances Counting","Scene Understanding","Spatial Relation","Text Understanding","Visual Reasoning"
"none","0.7501405283867342","0.7730694773069477","0.7782632441288914","0.7835051546391752","0.696319018404908","0.6775643645279935","0.7938568714376187","0.6286149162861492","0.7142857142857143","0.7915407854984894"
