"split","Overall","AR","CP","FP-C","FP-S","LR","RR","action_recognition","attribute_comparison","attribute_recognition","celebrity_recognition","function_reasoning","future_prediction","identity_reasoning","image_emotion","image_quality","image_scene","image_style","image_topic","nature_relation","object_localization","ocr","physical_property_reasoning","physical_relation","social_relation","spatial_relationship","structuralized_imagetext_understanding"
"dev","0.6323024054982818","0.7437185929648241","0.7736486486486487","0.48951048951048953","0.6655290102389079","0.2796610169491525","0.5304347826086957","0.8703703703703703","0.3409090909090909","0.8378378378378378","0.6767676767676768","0.8354430379746836","0.25","0.8888888888888888","0.6","0.7169811320754716","0.9807692307692307","0.6037735849056604","0.75","0.3333333333333333","0.6172839506172839","0.41025641025641024","0.56","0.5","0.7674418604651163","0.17777777777777778","0.2948717948717949"
