"Overall","choose","compare","logical","query","verify"
"49.41167117188742","75.90788308237379","55.85738539898133","69.16250693288963","31.447465099191767","72.91296625222024"
