"split","Overall","acc","precision","recall"
"Overall","79.44693572496261","81.66666666666667","90.39115646258503","70.86666666666666"
"random","81.89522342064716","84.33333333333334","96.98905109489051","70.86666666666666"
"adversarial","76.94534925805283","78.76666666666667","84.16468725257323","70.86666666666666"
"popular","79.6553016110903","81.89999999999999","90.93242087254063","70.86666666666666"
