"split","Overall","Instance Attributes","Instance Identity","Instance Interaction","Instance Location","Instances Counting","Scene Understanding","Spatial Relation","Text Understanding","Visual Reasoning"
"none","0.648327712197864","0.6726177672617767","0.6744948115783724","0.6907216494845361","0.5725971370143149","0.551695954229669","0.7213426219126029","0.4916286149162861","0.6785714285714286","0.6948640483383686"
