"split","Overall","AR","CP","FP-C","FP-S","LR","RR","action_recognition","attribute_comparison","attribute_recognition","celebrity_recognition","function_reasoning","future_prediction","identity_reasoning","image_emotion","image_quality","image_scene","image_style","image_topic","nature_relation","object_localization","ocr","physical_property_reasoning","physical_relation","social_relation","spatial_relationship","structuralized_imagetext_understanding"
"dev","0.4252577319587629","0.3869346733668342","0.6114864864864865","0.3076923076923077","0.49829351535836175","0.1440677966101695","0.2608695652173913","0.6666666666666666","0.13636363636363635","0.4189189189189189","0.8383838383838383","0.35443037974683544","0.2","0.7111111111111111","0.42","0.11320754716981132","0.8173076923076923","0.7924528301886793","0.75","0.25","0.16049382716049382","0.48717948717948717","0.22666666666666666","0.25","0.27906976744186046","0.044444444444444446","0.11538461538461539"
