"split","Overall","acc","precision","recall"
"Overall","85.521327014218","86.42222222222222","91.5989847715736","80.2"
"adversarial","83.16626339440029","83.76666666666667","86.36037329504667","80.2"
"random","87.84227820372399","88.9","97.09443099273608","80.2"
"popular","85.6837606837607","86.6","91.97247706422019","80.2"
