"Overall","choose","compare","logical","query","verify"
"53.91159166799173","76.2621789193977","55.68760611205433","67.0549084858569","37.9720793534166","79.88454706927176"
