{
    "Bleu": [
        75.36895572531147,
        58.47035534135557,
        44.338619714956856,
        33.42697581691779
    ],
    "ROUGE_L": 54.45202928909561,
    "CIDEr": 96.65693522068064
}