"split","Overall","Instance Attributes","Instance Identity","Instance Interaction","Instance Location","Instances Counting","Scene Understanding","Spatial Relation","Text Understanding","Visual Reasoning"
"none","0.5734963462619449","0.590879759087976","0.6340797378481704","0.5773195876288659","0.5357873210633947","0.43686146301593787","0.6633945535148829","0.4307458143074581","0.2619047619047619","0.6193353474320241"
