"split","Overall","Instance Attributes","Instance Identity","Instance Interaction","Instance Location","Instances Counting","Scene Understanding","Spatial Relation","Text Understanding","Visual Reasoning"
"none","0.6287942664418212","0.6502473650247365","0.6340797378481704","0.6391752577319587","0.5633946830265849","0.5512872905598692","0.6833438885370487","0.5418569254185692","0.6428571428571429","0.7099697885196374"
