"Overall","choose","compare","logical","query","verify"
"49.22881221179838","73.87068201948627","57.215619694397276","69.38435940099833","31.638501102130785","71.80284191829485"
