"split","Overall","AR","CP","FP-C","FP-S","LR","RR","action_recognition","attribute_comparison","attribute_recognition","celebrity_recognition","function_reasoning","future_prediction","identity_reasoning","image_emotion","image_quality","image_scene","image_style","image_topic","nature_relation","object_localization","ocr","physical_property_reasoning","physical_relation","social_relation","spatial_relationship","structuralized_imagetext_understanding"
"dev","0.45103092783505155","0.39195979899497485","0.6114864864864865","0.3776223776223776","0.5358361774744027","0.1864406779661017","0.28695652173913044","0.7777777777777778","0.20454545454545456","0.47297297297297297","0.8585858585858586","0.3291139240506329","0.225","0.7333333333333333","0.58","0.09433962264150944","0.7884615384615384","0.7169811320754716","0.75","0.2708333333333333","0.18518518518518517","0.5641025641025641","0.25333333333333335","0.16666666666666666","0.37209302325581395","0.06666666666666667","0.16666666666666666"
