{
    "Bleu": [
        74.9073647525372,
        57.88608338694428,
        43.62658172296887,
        32.68726676563244
    ],
    "ROUGE_L": 53.88461631957725,
    "CIDEr": 93.73451319588429
}