"split","Overall","acc","precision","recall"
"Overall","83.83961117861483","85.22222222222223","92.49329758713137","76.66666666666667"
"random","85.5654761904762","87.06666666666666","96.8013468013468","76.66666666666667"
"adversarial","81.87967248131008","83.03333333333333","87.8533231474408","76.66666666666667"
"popular","84.15660446395903","85.56666666666666","93.26845093268452","76.66666666666667"
