"split","Overall","AR","CP","FP-C","FP-S","LR","RR","action_recognition","attribute_comparison","attribute_recognition","celebrity_recognition","function_reasoning","future_prediction","identity_reasoning","image_emotion","image_quality","image_scene","image_style","image_topic","nature_relation","object_localization","ocr","physical_property_reasoning","physical_relation","social_relation","spatial_relationship","structuralized_imagetext_understanding"
"dev","0.7216494845360825","0.7788944723618091","0.8006756756756757","0.6293706293706294","0.7406143344709898","0.5508474576271186","0.6608695652173913","0.8518518518518519","0.6136363636363636","0.8108108108108109","0.8585858585858586","0.7974683544303798","0.4","0.9333333333333333","0.66","0.6981132075471698","0.9519230769230769","0.6415094339622641","0.9444444444444444","0.6041666666666666","0.49382716049382713","0.8205128205128205","0.6666666666666666","0.5","0.813953488372093","0.37777777777777777","0.6282051282051282"
