"split","Overall","acc","precision","recall"
"Overall","80.27545499262175","82.17777777777778","89.86784140969164","72.53333333333333"
"random","82.95844452916508","85.1","96.8833481745325","72.53333333333333"
"adversarial","78.21710999281093","79.80000000000001","84.86739469578784","72.53333333333333"
"popular","79.79464613127979","81.63333333333334","88.67155664221679","72.53333333333333"
