"split","Overall","Instance Attributes","Instance Identity","Instance Interaction","Instance Location","Instances Counting","Scene Understanding","Spatial Relation","Text Understanding","Visual Reasoning"
"none","0.6774170882518269","0.698859969885997","0.6979792463134898","0.6701030927835051","0.6002044989775052","0.595014303228443","0.7359088030398987","0.5768645357686454","0.6428571428571429","0.7522658610271903"
