"Overall","choose","compare","logical","query","verify"
"52.838289076164735","77.32506643046945","58.91341256366724","71.93566278424848","36.12049963262307","74.20071047957371"
