"split","Overall","acc","precision","recall"
"Overall","78.85968159940762","80.96666666666667","88.67610324729392","71.0"
"adversarial","76.78442682047584","78.53333333333333","83.59497645211931","71.0"
"popular","78.80133185349611","80.9","88.5286783042394","71.0"
"random","81.1119573495811","83.46666666666667","94.58259325044405","71.0"
