"Overall","choose","compare","logical","query","verify"
"37.50993798696136","45.61558901682905","31.918505942275043","52.6344980587909","30.991917707567968","42.4955595026643"
