"split","Overall","Instance Attributes","Instance Identity","Instance Interaction","Instance Location","Instances Counting","Scene Understanding","Spatial Relation","Text Understanding","Visual Reasoning"
"none","0.6462197863968522","0.6592815659281566","0.6455488803932278","0.711340206185567","0.6002044989775052","0.5680425010216592","0.7150094996833439","0.528158295281583","0.7261904761904762","0.7190332326283988"
