"split","Overall","AR","CP","FP-C","FP-S","LR","RR","action_recognition","attribute_comparison","attribute_recognition","celebrity_recognition","function_reasoning","future_prediction","identity_reasoning","image_emotion","image_quality","image_scene","image_style","image_topic","nature_relation","object_localization","ocr","physical_property_reasoning","physical_relation","social_relation","spatial_relationship","structuralized_imagetext_understanding"
"dev","0.5395189003436426","0.592964824120603","0.6452702702702703","0.48951048951048953","0.515358361774744","0.3135593220338983","0.5304347826086957","0.7407407407407407","0.5454545454545454","0.6621621621621622","0.5555555555555556","0.7468354430379747","0.35","0.5333333333333333","0.38","0.6037735849056604","0.8173076923076923","0.5283018867924528","0.75","0.3125","0.41975308641975306","0.3333333333333333","0.4666666666666667","0.6666666666666666","0.6976744186046512","0.13333333333333333","0.2948717948717949"
