"Overall","choose","compare","logical","query","verify"
"58.0775958021943","85.11957484499557","62.81833616298812","76.31724902939546","41.116825863335784","79.92895204262878"
