"split","Overall","acc","precision","recall"
"Overall","82.76119402985074","84.6","93.98305084745763","73.93333333333332"
"popular","82.69947800149143","84.53333333333333","93.82402707275804","73.93333333333332"
"random","84.27051671732522","86.2","97.96819787985865","73.93333333333332"
"adversarial","81.3646368305209","83.06666666666666","90.4567699836868","73.93333333333332"
