"split","Overall","Instance Attributes","Instance Identity","Instance Interaction","Instance Location","Instances Counting","Scene Understanding","Spatial Relation","Text Understanding","Visual Reasoning"
"none","0.6837408656548623","0.7489782748978275","0.70999453850355","0.7010309278350515","0.6748466257668712","0.658357172047405","0.6339455351488283","0.6331811263318112","0.7023809523809523","0.40181268882175225"
