"split","Overall","AR","CP","FP-C","FP-S","LR","RR","action_recognition","attribute_comparison","attribute_recognition","celebrity_recognition","function_reasoning","future_prediction","identity_reasoning","image_emotion","image_quality","image_scene","image_style","image_topic","nature_relation","object_localization","ocr","physical_property_reasoning","physical_relation","social_relation","spatial_relationship","structuralized_imagetext_understanding"
"dev","0.5721649484536082","0.5226130653266332","0.7162162162162162","0.7482517482517482","0.6518771331058021","0.16101694915254236","0.28695652173913044","0.9074074074074074","0.6363636363636364","0.8513513513513513","0.5959595959595959","0.7341772151898734","0.2","0.9111111111111111","0.74","0.1509433962264151","0.875","0.8490566037735849","0.8611111111111112","0.08333333333333333","0.49382716049382713","0.7435897435897436","0.06666666666666667","0.3333333333333333","0.4883720930232558","0.6666666666666666","0.14102564102564102"
