"split","Overall","AR","CP","FP-C","FP-S","LR","RR","action_recognition","attribute_comparison","attribute_recognition","celebrity_recognition","function_reasoning","future_prediction","identity_reasoning","image_emotion","image_quality","image_scene","image_style","image_topic","nature_relation","object_localization","ocr","physical_property_reasoning","physical_relation","social_relation","spatial_relationship","structuralized_imagetext_understanding"
"dev","0.6383161512027491","0.6984924623115578","0.7601351351351351","0.5174825174825175","0.658703071672355","0.3135593220338983","0.6521739130434783","0.8888888888888888","0.4318181818181818","0.918918918918919","0.6666666666666666","0.7088607594936709","0.225","0.9777777777777777","0.68","0.5471698113207547","0.9038461538461539","0.7924528301886793","0.7222222222222222","0.5208333333333334","0.43209876543209874","0.6153846153846154","0.52","0.625","0.813953488372093","0.15555555555555556","0.358974358974359"
