"Overall","choose","compare","logical","query","verify"
"7.791381777707107","6.465899025686449","4.4142614601018675","19.800332778702163","4.628949301983836","9.280639431616342"
