"split","Overall","Instance Attributes","Instance Identity","Instance Interaction","Instance Location","Instances Counting","Scene Understanding","Spatial Relation","Text Understanding","Visual Reasoning"
"none","0.6862001124227094","0.7203699720369972","0.6947023484434736","0.6288659793814433","0.6298568507157464","0.5786677564364529","0.7580747308423053","0.5449010654490106","0.6071428571428571","0.7522658610271903"
