"split","Overall","acc","precision","recall"
"Overall","72.6536312849162","78.24444444444445","97.78195488721805","57.8"
"random","73.16455696202532","78.8","99.6551724137931","57.8"
"adversarial","72.21990837151188","77.76666666666667","96.22641509433963","57.8"
"popular","72.5826705734617","78.16666666666666","97.52530933633295","57.8"
