"split","Overall","Instance Attributes","Instance Identity","Instance Interaction","Instance Location","Instances Counting","Scene Understanding","Spatial Relation","Text Understanding","Visual Reasoning"
"none","0.6797358066329399","0.6932673693267369","0.6777717094483888","0.6907216494845361","0.6278118609406953","0.5978749489170413","0.7428752374920836","0.6179604261796042","0.7380952380952381","0.7613293051359517"
