"Overall","choose","compare","logical","query","verify"
"50.11130545396725","69.26483613817538","60.78098471986417","73.04492512479202","32.27038941954446","73.26820603907638"
