"split","Overall","Instance Attributes","Instance Identity","Instance Interaction","Instance Location","Instances Counting","Scene Understanding","Spatial Relation","Text Understanding","Visual Reasoning"
"none","0.6876053962900506","0.7091847709184771","0.7203713817586018","0.6701030927835051","0.5991820040899796","0.6048222313036371","0.7558581380620646","0.512937595129376","0.7976190476190477","0.7492447129909365"
