"split","Overall","acc","precision","recall"
"Overall","86.3091037402964","87.06666666666666","91.67916041979011","81.53333333333333"
"random","88.7196227783823","89.63333333333333","97.29514717581543","81.53333333333333"
"popular","86.24823695345557","87.0","91.54191616766467","81.53333333333333"
"adversarial","84.08387762117566","84.56666666666666","86.79914833215047","81.53333333333333"
