"split","Overall","AR","CP","FP-C","FP-S","LR","RR","action_recognition","attribute_comparison","attribute_recognition","celebrity_recognition","function_reasoning","future_prediction","identity_reasoning","image_emotion","image_quality","image_scene","image_style","image_topic","nature_relation","object_localization","ocr","physical_property_reasoning","physical_relation","social_relation","spatial_relationship","structuralized_imagetext_understanding"
"dev","0.7001718213058419","0.8040201005025126","0.8445945945945946","0.4965034965034965","0.7372013651877133","0.3813559322033898","0.6347826086956522","0.8888888888888888","0.3409090909090909","0.8648648648648649","0.7575757575757576","0.8607594936708861","0.25","0.9555555555555556","0.82","0.7169811320754716","0.9615384615384616","0.7358490566037735","0.8888888888888888","0.4583333333333333","0.6296296296296297","0.6666666666666666","0.6533333333333333","0.625","0.8372093023255814","0.17777777777777778","0.44871794871794873"
