"Overall","choose","compare","logical","query","verify"
"51.38336778502146","76.97077059344552","54.83870967741935","71.21464226289518","33.62233651726672","75.44404973357017"
