"split","Overall","AR","CP","FP-C","FP-S","LR","RR","action_recognition","attribute_comparison","attribute_recognition","celebrity_recognition","function_reasoning","future_prediction","identity_reasoning","image_emotion","image_quality","image_scene","image_style","image_topic","nature_relation","object_localization","ocr","physical_property_reasoning","physical_relation","social_relation","spatial_relationship","structuralized_imagetext_understanding"
"dev","0.4484536082474227","0.5226130653266332","0.5878378378378378","0.42657342657342656","0.4232081911262799","0.17796610169491525","0.33043478260869563","0.5925925925925926","0.5227272727272727","0.6486486486486487","0.41414141414141414","0.6708860759493671","0.125","0.6666666666666666","0.54","0.49056603773584906","0.7980769230769231","0.37735849056603776","0.5","0.1875","0.24691358024691357","0.38461538461538464","0.28","0.16666666666666666","0.5813953488372093","0.13333333333333333","0.20512820512820512"
