"Overall","choose","compare","logical","query","verify"
"10.748926697408173","17.980513728963686","6.451612903225806","35.94009983361065","1.263776634827333","16.74067495559503"
