"split","Overall","acc","precision","recall"
"Overall","69.83431466520608","75.52222222222223","90.97395647520514","56.666666666666664"
"random","71.1594809543742","77.03333333333333","95.61304836895388","56.666666666666664"
"popular","69.75789905621667","75.43333333333334","90.71504802561367","56.666666666666664"
"adversarial","68.63140896245457","74.1","87.00102354145342","56.666666666666664"
