"split","Overall","Instance Attributes","Instance Identity","Instance Interaction","Instance Location","Instances Counting","Scene Understanding","Spatial Relation","Text Understanding","Visual Reasoning"
"none","0.5641512085441259","0.600989460098946","0.5505188421627526","0.5257731958762887","0.483640081799591","0.4793624846751124","0.6317289423685877","0.4246575342465753","0.7023809523809523","0.595166163141994"
