"split","Overall","Instance Attributes","Instance Identity","Instance Interaction","Instance Location","Instances Counting","Scene Understanding","Spatial Relation","Text Understanding","Visual Reasoning"
"none","0.6414418212478921","0.6822972682297268","0.6559257236482796","0.5670103092783505","0.5593047034764826","0.5357580711074785","0.7153261557948069","0.4627092846270928","0.5833333333333334","0.6978851963746223"
