"Overall","choose","compare","logical","query","verify"
"9.294005406264908","16.740478299379983","3.225806451612903","31.835829173599556","1.4695077149155034","12.74422735346359"
