"split","Overall","AR","CP","FP-C","FP-S","LR","RR","action_recognition","attribute_comparison","attribute_recognition","celebrity_recognition","function_reasoning","future_prediction","identity_reasoning","image_emotion","image_quality","image_scene","image_style","image_topic","nature_relation","object_localization","ocr","physical_property_reasoning","physical_relation","social_relation","spatial_relationship","structuralized_imagetext_understanding"
"dev","0.5438144329896907","0.6381909547738693","0.7128378378378378","0.4405594405594406","0.5290102389078498","0.211864406779661","0.45217391304347826","0.7222222222222222","0.4090909090909091","0.7432432432432432","0.5555555555555556","0.7468354430379747","0.175","0.9111111111111111","0.68","0.5094339622641509","0.9038461538461539","0.5849056603773585","0.6944444444444444","0.3541666666666667","0.2839506172839506","0.5641025641025641","0.36","0.16666666666666666","0.7209302325581395","0.13333333333333333","0.23076923076923078"
