"split","Overall","acc","precision","recall"
"Overall","80.5629516926588","82.96666666666667","93.79982285208148","70.6"
"adversarial","79.47467166979361","81.76666666666667","90.90128755364807","70.6"
"random","81.64996144949885","84.13333333333334","96.80073126142597","70.6"
"popular","80.59360730593608","83.0","93.88297872340425","70.6"
