"split","Overall","AR","CP","FP-C","FP-S","LR","RR","action_recognition","attribute_comparison","attribute_recognition","celebrity_recognition","function_reasoning","future_prediction","identity_reasoning","image_emotion","image_quality","image_scene","image_style","image_topic","nature_relation","object_localization","ocr","physical_property_reasoning","physical_relation","social_relation","spatial_relationship","structuralized_imagetext_understanding"
"dev","0.5987972508591065","0.6633165829145728","0.7635135135135135","0.4965034965034965","0.6348122866894198","0.2288135593220339","0.4782608695652174","0.8888888888888888","0.38636363636363635","0.8108108108108109","0.6767676767676768","0.7848101265822784","0.2","0.9333333333333333","0.72","0.5660377358490566","0.9230769230769231","0.7169811320754716","0.7222222222222222","0.3333333333333333","0.4444444444444444","0.5897435897435898","0.37333333333333335","0.25","0.7674418604651163","0.13333333333333333","0.24358974358974358"
