"split","Overall","acc","precision","recall"
"Overall","84.17799752781212","85.77777777777777","94.84679665738162","75.66666666666667"
"popular","84.32392273402675","85.93333333333332","95.21812080536914","75.66666666666667"
"adversarial","83.21114369501466","84.73333333333333","92.42671009771986","75.66666666666667"
"random","85.01872659176031","86.66666666666667","97.00854700854701","75.66666666666667"
