"split","Overall","Instance Attributes","Instance Identity","Instance Interaction","Instance Location","Instances Counting","Scene Understanding","Spatial Relation","Text Understanding","Visual Reasoning"
"none","0.6690556492411467","0.7184340718434071","0.6865101037684326","0.5979381443298969","0.5869120654396728","0.5635472006538619","0.7333755541481951","0.4779299847792998","0.5119047619047619","0.7280966767371602"
