"Overall","choose","compare","logical","query","verify"
"12.179996819844172","21.08060230292294","10.865874363327674","39.822518025513034","1.6311535635562087","17.80639431616341"
