"Overall","choose","compare","logical","query","verify"
"10.287804102401017","16.91762621789194","7.130730050933787","35.27454242928453","1.2931667891256429","14.964476021314388"
