"split","Overall","Instance Attributes","Instance Identity","Instance Interaction","Instance Location","Instances Counting","Scene Understanding","Spatial Relation","Text Understanding","Visual Reasoning"
"none","0.6361017425519955","0.6795009679500968","0.624795193883124","0.5670103092783505","0.5572597137014315","0.5382100531262771","0.7127929069031033","0.4474885844748858","0.6309523809523809","0.7099697885196374"
