"split","Overall","acc","precision","recall"
"Overall","78.01251956181534","81.26666666666667","94.41287878787878","66.46666666666667"
"random","79.00158478605387","82.33333333333334","97.36328125","66.46666666666667"
"popular","78.34970530451866","81.63333333333334","95.40669856459331","66.46666666666667"
"adversarial","76.72181608310889","79.83333333333333","90.71883530482256","66.46666666666667"
