"split","Overall","AR","CP","FP-C","FP-S","LR","RR","action_recognition","attribute_comparison","attribute_recognition","celebrity_recognition","function_reasoning","future_prediction","identity_reasoning","image_emotion","image_quality","image_scene","image_style","image_topic","nature_relation","object_localization","ocr","physical_property_reasoning","physical_relation","social_relation","spatial_relationship","structuralized_imagetext_understanding"
"dev","0.5128865979381443","0.5778894472361809","0.6790540540540541","0.44755244755244755","0.49146757679180886","0.1864406779661017","0.4434782608695652","0.7222222222222222","0.4318181818181818","0.7297297297297297","0.47474747474747475","0.6708860759493671","0.15","0.8","0.56","0.5094339622641509","0.9038461538461539","0.5849056603773585","0.5833333333333334","0.2708333333333333","0.37037037037037035","0.3333333333333333","0.3466666666666667","0.16666666666666666","0.7906976744186046","0.13333333333333333","0.20512820512820512"
