"split","Overall","AR","CP","FP-C","FP-S","LR","RR","action_recognition","attribute_comparison","attribute_recognition","celebrity_recognition","function_reasoning","future_prediction","identity_reasoning","image_emotion","image_quality","image_scene","image_style","image_topic","nature_relation","object_localization","ocr","physical_property_reasoning","physical_relation","social_relation","spatial_relationship","structuralized_imagetext_understanding"
"dev","0.49312714776632305","0.6030150753768844","0.6587837837837838","0.4125874125874126","0.4641638225255973","0.15254237288135594","0.4","0.6851851851851852","0.36363636363636365","0.7837837837837838","0.43434343434343436","0.7215189873417721","0.15","0.8222222222222222","0.5","0.4716981132075472","0.875","0.6037735849056604","0.6111111111111112","0.22916666666666666","0.2962962962962963","0.28205128205128205","0.3466666666666667","0.20833333333333334","0.6976744186046512","0.13333333333333333","0.15384615384615385"
