"split","Overall","acc","precision","recall"
"Overall","75.91511936339522","79.82222222222222","94.14473684210526","63.6"
"random","76.90447400241838","80.9","97.24770642201835","63.6"
"popular","75.92518901711102","79.83333333333333","94.1757156959526","63.6"
"adversarial","74.94108405341711","78.73333333333333","91.20458891013385","63.6"
