"Overall","choose","compare","logical","query","verify"
"10.33550643981555","16.474756421612046","7.470288624787775","34.71991125901276","1.2049963262307128","16.074600355239788"
