"split","Overall","Instance Attributes","Instance Identity","Instance Interaction","Instance Location","Instances Counting","Scene Understanding","Spatial Relation","Text Understanding","Visual Reasoning"
"none","0.6216975829117481","0.6685308668530867","0.6089568541780448","0.5463917525773195","0.5521472392638037","0.5136902329382917","0.7051931602279924","0.4368340943683409","0.5952380952380952","0.6374622356495468"
