"split","Overall","Instance Attributes","Instance Identity","Instance Interaction","Instance Location","Instances Counting","Scene Understanding","Spatial Relation","Text Understanding","Visual Reasoning"
"none","0.7296936481169196","0.7451064745106475","0.7373020207536866","0.7628865979381443","0.6901840490797546","0.6620351450756028","0.7830905636478784","0.6270928462709284","0.7261904761904762","0.7734138972809668"
