"split","Overall","acc","precision","recall"
"Overall","78.64992150706436","81.86666666666666","95.61068702290076","66.8"
"popular","78.49588719153935","81.69999999999999","95.15669515669516","66.8"
"random","79.77707006369428","83.06666666666666","99.01185770750988","66.8"
"adversarial","77.70453664210935","80.83333333333333","92.86376274328082","66.8"
