"split","Overall","AR","CP","FP-C","FP-S","LR","RR","action_recognition","attribute_comparison","attribute_recognition","celebrity_recognition","function_reasoning","future_prediction","identity_reasoning","image_emotion","image_quality","image_scene","image_style","image_topic","nature_relation","object_localization","ocr","physical_property_reasoning","physical_relation","social_relation","spatial_relationship","structuralized_imagetext_understanding"
"dev","0.7268041237113402","0.6934673366834171","0.8277027027027027","0.7202797202797203","0.7713310580204779","0.3813559322033898","0.7739130434782608","0.8703703703703703","0.6818181818181818","0.8783783783783784","0.9292929292929293","0.8607594936708861","0.5","0.9333333333333333","0.72","0.6792452830188679","0.9711538461538461","0.8113207547169812","0.8055555555555556","0.7291666666666666","0.5802469135802469","0.5641025641025641","0.37333333333333335","0.6666666666666666","0.8837209302325582","0.5777777777777777","0.32051282051282054"
