"Overall","choose","compare","logical","query","verify"
"56.249006201303864","82.1080602302923","69.60950764006792","75.54076539101497","39.044819985304926","76.33214920071048"
