"split","Overall","acc","precision","recall"
"Overall","81.6702409486565","83.85555555555555","94.45579223810914","71.93333333333334"
"random","82.74539877300614","85.0","97.3826714801444","71.93333333333334"
"adversarial","80.8239700374532","82.93333333333334","92.22222222222223","71.93333333333334"
"popular","81.46470366175916","83.63333333333334","93.9077458659704","71.93333333333334"
