"split","Overall","Instance Attributes","Instance Identity","Instance Interaction","Instance Location","Instances Counting","Scene Understanding","Spatial Relation","Text Understanding","Visual Reasoning"
"none","0.6583754918493536","0.7048827704882771","0.6679410158383398","0.5979381443298969","0.5766871165644172","0.5504699632202698","0.7321089297023432","0.4703196347031963","0.5357142857142857","0.7099697885196374"
