"split","Overall","AR","CP","FP-C","FP-S","LR","RR","action_recognition","attribute_comparison","attribute_recognition","celebrity_recognition","function_reasoning","future_prediction","identity_reasoning","image_emotion","image_quality","image_scene","image_style","image_topic","nature_relation","object_localization","ocr","physical_property_reasoning","physical_relation","social_relation","spatial_relationship","structuralized_imagetext_understanding"
"dev","0.5695876288659794","0.6432160804020101","0.7297297297297297","0.5244755244755245","0.5836177474402731","0.211864406779661","0.41739130434782606","0.8333333333333334","0.5","0.8108108108108109","0.5858585858585859","0.7468354430379747","0.175","0.9111111111111111","0.64","0.5094339622641509","0.9038461538461539","0.7169811320754716","0.6944444444444444","0.2916666666666667","0.41975308641975306","0.48717948717948717","0.37333333333333335","0.16666666666666666","0.6976744186046512","0.17777777777777778","0.23076923076923078"
