"Overall","choose","compare","logical","query","verify"
"10.899984099220863","18.86625332152347","8.488964346349745","37.160288408208544","1.1903012490815577","15.852575488454706"
