"split","Overall","AR","CP","FP-C","FP-S","LR","RR","action_recognition","attribute_comparison","attribute_recognition","celebrity_recognition","function_reasoning","future_prediction","identity_reasoning","image_emotion","image_quality","image_scene","image_style","image_topic","nature_relation","object_localization","ocr","physical_property_reasoning","physical_relation","social_relation","spatial_relationship","structuralized_imagetext_understanding"
"dev","0.738831615120275","0.7939698492462312","0.8141891891891891","0.6223776223776224","0.7542662116040956","0.5677966101694916","0.7304347826086957","0.8333333333333334","0.6363636363636364","0.8108108108108109","0.8787878787878788","0.8354430379746836","0.425","0.9333333333333333","0.7","0.6792452830188679","0.9807692307692307","0.6792452830188679","0.8888888888888888","0.6666666666666666","0.5061728395061729","0.8461538461538461","0.6666666666666666","0.5","0.9302325581395349","0.35555555555555557","0.6410256410256411"
