"Overall","choose","compare","logical","query","verify"
"54.45221815868978","78.12223206377325","61.62988115449915","73.26677759290072","37.69287288758266","76.28774422735346"
