"split","Overall","acc","precision","recall"
"Overall","80.87890383903222","82.78888888888889","90.97472924187726","72.8"
"adversarial","79.21653971708379","80.9","86.87350835322196","72.8"
"random","83.10502283105022","85.2","96.80851063829788","72.8"
"popular","80.41237113402062","82.26666666666667","89.80263157894737","72.8"
