"split","Overall","Instance Attributes","Instance Identity","Instance Interaction","Instance Location","Instances Counting","Scene Understanding","Spatial Relation","Text Understanding","Visual Reasoning"
"none","0.6949831365935919","0.7119810711981072","0.7170944838885854","0.7010309278350515","0.6114519427402862","0.6228034327748263","0.7539582013932868","0.5996955859969558","0.6785714285714286","0.743202416918429"
