"Overall","choose","compare","logical","query","verify"
"10.947686436635395","17.62621789193977","9.847198641765704","36.49473100388242","1.4107274063188833","16.25222024866785"
