"split","Overall","Instance Attributes","Instance Identity","Instance Interaction","Instance Location","Instances Counting","Scene Understanding","Spatial Relation","Text Understanding","Visual Reasoning"
"none","0.640106801573918","0.6825123682512368","0.6422719825232114","0.5876288659793815","0.5521472392638037","0.5382100531262771","0.7181760607979734","0.4459665144596651","0.6428571428571429","0.7009063444108762"
