"split","Overall","AR","CP","FP-C","FP-S","LR","RR","action_recognition","attribute_comparison","attribute_recognition","celebrity_recognition","function_reasoning","future_prediction","identity_reasoning","image_emotion","image_quality","image_scene","image_style","image_topic","nature_relation","object_localization","ocr","physical_property_reasoning","physical_relation","social_relation","spatial_relationship","structuralized_imagetext_understanding"
"dev","0.5180412371134021","0.6231155778894473","0.6824324324324325","0.40559440559440557","0.5187713310580204","0.16101694915254236","0.41739130434782606","0.6666666666666666","0.36363636363636365","0.7432432432432432","0.5151515151515151","0.7468354430379747","0.175","0.9333333333333333","0.58","0.49056603773584906","0.8942307692307693","0.5849056603773585","0.6388888888888888","0.2708333333333333","0.3950617283950617","0.358974358974359","0.30666666666666664","0.125","0.7441860465116279","0.13333333333333333","0.15384615384615385"
