"split","Overall","acc","precision","recall"
"Overall","78.98204366360936","81.92222222222222","94.32273989509412","67.93333333333334"
"popular","79.17637917637919","82.13333333333334","94.87895716945997","67.93333333333334"
"random","79.92156862745098","82.93333333333334","97.04761904761905","67.93333333333334"
"adversarial","77.87542988154374","80.7","91.22649955237243","67.93333333333334"
