"split","Overall","Instance Attributes","Instance Identity","Instance Interaction","Instance Location","Instances Counting","Scene Understanding","Spatial Relation","Text Understanding","Visual Reasoning"
"none","0.6885890949971895","0.7238115723811572","0.7028945931185144","0.6391752577319587","0.6329243353783232","0.5819370657948508","0.7574414186193793","0.5372907153729072","0.5833333333333334","0.7522658610271903"
