"split","Overall","acc","precision","recall"
"Overall","74.8146113705026","79.62222222222223","97.91516894320633","60.53333333333333"
"popular","74.73251028806584","79.53333333333333","97.63440860215053","60.53333333333333"
"random","75.35269709543569","80.2","99.78021978021978","60.53333333333333"
"adversarial","74.36527436527437","79.13333333333334","96.39065817409767","60.53333333333333"
