"split","Overall","acc","precision","recall"
"Overall","73.51070733290072","77.32222222222222","88.3619344773791","62.93333333333333"
"popular","72.61538461538461","76.26666666666667","85.81818181818181","62.93333333333333"
"random","76.12903225806453","80.26666666666667","96.3265306122449","62.93333333333333"
"adversarial","71.92380952380951","75.43333333333334","83.91111111111111","62.93333333333333"
