"split","Overall","Instance Attributes","Instance Identity","Instance Interaction","Instance Location","Instances Counting","Scene Understanding","Spatial Relation","Text Understanding","Visual Reasoning"
"none","0.6384907251264755","0.6500322650032265","0.6515565264882578","0.6701030927835051","0.6032719836400818","0.5668165100122599","0.6944268524382521","0.5251141552511416","0.6666666666666666","0.7129909365558912"
