"split","Overall","AR","CP","FP-C","FP-S","LR","RR","action_recognition","attribute_comparison","attribute_recognition","celebrity_recognition","function_reasoning","future_prediction","identity_reasoning","image_emotion","image_quality","image_scene","image_style","image_topic","nature_relation","object_localization","ocr","physical_property_reasoning","physical_relation","social_relation","spatial_relationship","structuralized_imagetext_understanding"
"dev","0.6331615120274914","0.6934673366834171","0.7195945945945946","0.6153846153846154","0.5938566552901023","0.5338983050847458","0.5304347826086957","0.7407407407407407","0.5681818181818182","0.6621621621621622","0.6363636363636364","0.8227848101265823","0.45","0.9333333333333333","0.56","0.6981132075471698","0.8173076923076923","0.5660377358490566","0.9166666666666666","0.4583333333333333","0.4074074074074074","0.7435897435897436","0.41333333333333333","0.4583333333333333","0.6511627906976745","0.5111111111111111","0.5769230769230769"
