"Overall","choose","compare","logical","query","verify"
"50.30211480362537","77.59078830823738","61.29032258064516","69.77260122018858","32.8434974283615","70.91474245115454"
