"Overall","choose","compare","logical","query","verify"
"56.27285737001113","83.87953941541187","69.10016977928693","74.65335551858014","38.61866274797943","77.70870337477798"
