"split","Overall","AR","CP","FP-C","FP-S","LR","RR","action_recognition","attribute_comparison","attribute_recognition","celebrity_recognition","function_reasoning","future_prediction","identity_reasoning","image_emotion","image_quality","image_scene","image_style","image_topic","nature_relation","object_localization","ocr","physical_property_reasoning","physical_relation","social_relation","spatial_relationship","structuralized_imagetext_understanding"
"dev","0.7259450171821306","0.6984924623115578","0.8344594594594594","0.6783216783216783","0.78839590443686","0.3898305084745763","0.7391304347826086","0.8888888888888888","0.6363636363636364","0.8918918918918919","0.9191919191919192","0.8607594936708861","0.575","0.9777777777777777","0.76","0.660377358490566","0.9807692307692307","0.8113207547169812","0.8055555555555556","0.6875","0.5925925925925926","0.6666666666666666","0.36","0.625","0.8604651162790697","0.4666666666666667","0.2948717948717949"
