"split","Overall","acc","precision","recall"
"Overall","78.65757734661771","81.91111111111111","95.9079283887468","66.66666666666666"
"random","79.58615200955033","82.89999999999999","98.7166831194472","66.66666666666666"
"popular","78.70916961826052","81.96666666666667","96.06147934678194","66.66666666666666"
"adversarial","77.70007770007771","80.86666666666666","93.1098696461825","66.66666666666666"
