"split","Overall","Instance Attributes","Instance Identity","Instance Interaction","Instance Location","Instances Counting","Scene Understanding","Spatial Relation","Text Understanding","Visual Reasoning"
"none","0.7340500281056773","0.7463970746397075","0.7498634625887494","0.7835051546391752","0.7034764826175869","0.6681651001225991","0.7849905003166561","0.6270928462709284","0.7738095238095238","0.7522658610271903"
