"split","Overall","AR","CP","FP-C","FP-S","LR","RR","action_recognition","attribute_comparison","attribute_recognition","celebrity_recognition","function_reasoning","future_prediction","identity_reasoning","image_emotion","image_quality","image_scene","image_style","image_topic","nature_relation","object_localization","ocr","physical_property_reasoning","physical_relation","social_relation","spatial_relationship","structuralized_imagetext_understanding"
"dev","0.7929553264604811","0.8592964824120602","0.8648648648648649","0.6503496503496503","0.8395904436860068","0.6016949152542372","0.7478260869565218","0.9259259259259259","0.7272727272727273","0.9594594594594594","0.8686868686868687","0.8860759493670886","0.375","1.0","0.8","0.6792452830188679","0.9711538461538461","0.8679245283018868","0.9166666666666666","0.6458333333333334","0.6666666666666666","0.8974358974358975","0.7466666666666667","0.6666666666666666","0.9069767441860465","0.24444444444444444","0.717948717948718"
