"split","Overall","acc","precision","recall"
"Overall","88.39438548442315","88.7","90.8515130190007","86.06666666666666"
"popular","88.27350427350427","88.56666666666668","90.59649122807018","86.06666666666666"
"random","91.10797459421313","91.60000000000001","96.77661169415292","86.06666666666666"
"adversarial","85.9520639147803","85.93333333333332","85.8377659574468","86.06666666666666"
