"split","Overall","acc","precision","recall"
"Overall","71.0972850678733","77.28888888888889","97.74494556765163","55.86666666666667"
"popular","71.13752122241085","77.33333333333333","97.89719626168224","55.86666666666667"
"random","71.59333618111917","77.83333333333333","99.64328180737218","55.86666666666667"
"adversarial","70.56842105263158","76.7","95.77142857142857","55.86666666666667"
