"split","Overall","AR","CP","FP-C","FP-S","LR","RR","action_recognition","attribute_comparison","attribute_recognition","celebrity_recognition","function_reasoning","future_prediction","identity_reasoning","image_emotion","image_quality","image_scene","image_style","image_topic","nature_relation","object_localization","ocr","physical_property_reasoning","physical_relation","social_relation","spatial_relationship","structuralized_imagetext_understanding"
"dev","0.5292096219931272","0.5678391959798995","0.6756756756756757","0.3986013986013986","0.5460750853242321","0.2033898305084746","0.5391304347826087","0.7592592592592593","0.22727272727272727","0.7837837837837838","0.5757575757575758","0.6075949367088608","0.175","0.7777777777777778","0.56","0.5283018867924528","0.875","0.6037735849056604","0.5833333333333334","0.2916666666666667","0.35802469135802467","0.41025641025641024","0.4","0.6666666666666666","0.7441860465116279","0.13333333333333333","0.21794871794871795"
