"Overall","choose","compare","logical","query","verify"
"10.454762283351885","9.21169176262179","6.112054329371817","26.28951747088186","6.039676708302719","12.877442273534637"
