"split","Overall","Instance Attributes","Instance Identity","Instance Interaction","Instance Location","Instances Counting","Scene Understanding","Spatial Relation","Text Understanding","Visual Reasoning"
"none","0.6651208544125914","0.697354269735427","0.6602949208083014","0.6494845360824743","0.6073619631901841","0.5655905190028606","0.7435085497150095","0.517503805175038","0.5595238095238095","0.7220543806646526"
