"split","Overall","AR","CP","FP-C","FP-S","LR","RR","action_recognition","attribute_comparison","attribute_recognition","celebrity_recognition","function_reasoning","future_prediction","identity_reasoning","image_emotion","image_quality","image_scene","image_style","image_topic","nature_relation","object_localization","ocr","physical_property_reasoning","physical_relation","social_relation","spatial_relationship","structuralized_imagetext_understanding"
"dev","0.7070446735395189","0.7839195979899497","0.847972972972973","0.5314685314685315","0.7440273037542662","0.423728813559322","0.6260869565217392","0.8888888888888888","0.36363636363636365","0.9054054054054054","0.7878787878787878","0.810126582278481","0.325","0.9555555555555556","0.82","0.7169811320754716","0.9807692307692307","0.6981132075471698","0.9166666666666666","0.4375","0.5925925925925926","0.6410256410256411","0.6533333333333333","0.5833333333333334","0.8604651162790697","0.26666666666666666","0.47435897435897434"
