"split","Overall","Instance Attributes","Instance Identity","Instance Interaction","Instance Location","Instances Counting","Scene Understanding","Spatial Relation","Text Understanding","Visual Reasoning"
"none","0.6944210230466554","0.7186491718649172","0.7236482796286182","0.711340206185567","0.6083844580777096","0.6109521863506334","0.759974667511083","0.528158295281583","0.7380952380952381","0.7522658610271903"
