"Overall","choose","compare","logical","query","verify"
"53.537923358244555","78.38795394154118","55.68760611205433","71.6583471991126","36.69360764144012","76.90941385435168"
