"split","Overall","acc","precision","recall"
"Overall","86.98702209750965","87.63333333333333","91.78386380458919","82.66666666666667"
"popular","86.98702209750965","87.63333333333333","91.78386380458919","82.66666666666667"
"random","89.49837603753159","90.3","97.5609756097561","82.66666666666667"
"adversarial","84.61276015011941","84.96666666666667","86.65269042627534","82.66666666666667"
