"split","Overall","Instance Attributes","Instance Identity","Instance Interaction","Instance Location","Instances Counting","Scene Understanding","Spatial Relation","Text Understanding","Visual Reasoning"
"none","0.7615233277121979","0.7762959776295978","0.7919169852539596","0.7731958762886598","0.7116564417177914","0.7000408663669799","0.7982900569981001","0.6666666666666666","0.7976190476190477","0.8126888217522659"
