"split","Overall","AR","CP","FP-C","FP-S","LR","RR","action_recognition","attribute_comparison","attribute_recognition","celebrity_recognition","function_reasoning","future_prediction","identity_reasoning","image_emotion","image_quality","image_scene","image_style","image_topic","nature_relation","object_localization","ocr","physical_property_reasoning","physical_relation","social_relation","spatial_relationship","structuralized_imagetext_understanding"
"dev","0.8384879725085911","0.8542713567839196","0.8986486486486487","0.7272727272727273","0.8839590443686007","0.652542372881356","0.8695652173913043","0.9074074074074074","0.7272727272727273","0.972972972972973","0.9090909090909091","0.8734177215189873","0.6","1.0","0.84","0.6981132075471698","0.9807692307692307","0.9811320754716981","0.9166666666666666","0.7916666666666666","0.7283950617283951","0.9743589743589743","0.7466666666666667","0.875","0.9534883720930233","0.5111111111111111","0.6794871794871795"
