"split","Overall","acc","precision","recall"
"Overall","89.27911275415896","89.68888888888888","92.97401347449471","85.86666666666667"
"adversarial","87.02702702702702","87.2","88.21917808219179","85.86666666666667"
"random","91.57483114113046","92.10000000000001","98.09596344249809","85.86666666666667"
"popular","89.35137010058966","89.76666666666667","93.13087490961678","85.86666666666667"
