"Overall","choose","compare","logical","query","verify"
"49.053903641278424","53.764393268379095","56.196943972835314","73.65501941209097","35.29757531227039","66.69626998223801"
