"Overall","choose","compare","logical","query","verify"
"54.46811893782796","77.23649247121345","56.8760611205433","67.22129783693843","38.60396767083027","80.15097690941386"
