{
    "Bleu": [
        75.88239996802024,
        59.100267019627054,
        44.960471305658025,
        33.98472249687587
    ],
    "ROUGE_L": 54.85081700475648,
    "CIDEr": 98.38098475745268
}