"split","Overall","acc","precision","recall"
"Overall","85.96950929013816","86.91111111111111","92.6334702258727","80.2"
"random","87.93859649122808","89.0","97.33009708737865","80.2"
"adversarial","83.7160751565762","84.39999999999999","87.55458515283843","80.2"
"popular","86.36037329504667","87.33333333333333","93.54587869362364","80.2"
