"split","Overall","AR","CP","FP-C","FP-S","LR","RR","action_recognition","attribute_comparison","attribute_recognition","celebrity_recognition","function_reasoning","future_prediction","identity_reasoning","image_emotion","image_quality","image_scene","image_style","image_topic","nature_relation","object_localization","ocr","physical_property_reasoning","physical_relation","social_relation","spatial_relationship","structuralized_imagetext_understanding"
"dev","0.45618556701030927","0.37185929648241206","0.6047297297297297","0.3916083916083916","0.5631399317406144","0.1864406779661017","0.30434782608695654","0.7592592592592593","0.22727272727272727","0.5540540540540541","0.8585858585858586","0.3037974683544304","0.2","0.7333333333333333","0.46","0.09433962264150944","0.7788461538461539","0.8113207547169812","0.75","0.2916666666666667","0.19753086419753085","0.5897435897435898","0.22666666666666666","0.25","0.3488372093023256","0.1111111111111111","0.1794871794871795"
