"split","Overall","Instance Attributes","Instance Identity","Instance Interaction","Instance Location","Instances Counting","Scene Understanding","Spatial Relation","Text Understanding","Visual Reasoning"
"none","0.5806632939853851","0.598838459883846","0.651010376843255","0.5567010309278351","0.5368098159509203","0.44871270944013075","0.6652944901836605","0.4353120243531202","0.23809523809523808","0.6163141993957704"
