"split","Overall","AR","CP","FP-C","FP-S","LR","RR","action_recognition","attribute_comparison","attribute_recognition","celebrity_recognition","function_reasoning","future_prediction","identity_reasoning","image_emotion","image_quality","image_scene","image_style","image_topic","nature_relation","object_localization","ocr","physical_property_reasoning","physical_relation","social_relation","spatial_relationship","structuralized_imagetext_understanding"
"dev","0.5223367697594502","0.6080402010050251","0.6722972972972973","0.3986013986013986","0.5290102389078498","0.2711864406779661","0.3826086956521739","0.6296296296296297","0.4318181818181818","0.6891891891891891","0.5050505050505051","0.6962025316455697","0.2","0.6444444444444445","0.64","0.6415094339622641","0.8076923076923077","0.4339622641509434","0.7222222222222222","0.25","0.4691358024691358","0.41025641025641024","0.49333333333333335","0.5416666666666666","0.4418604651162791","0.08888888888888889","0.3076923076923077"
