"split","Overall","Instance Attributes","Instance Identity","Instance Interaction","Instance Location","Instances Counting","Scene Understanding","Spatial Relation","Text Understanding","Visual Reasoning"
"none","0.5300028105677347","0.5620563562056357","0.5035499726925178","0.5979381443298969","0.42433537832310836","0.4536166734777278","0.6022799240025333","0.4246575342465753","0.5595238095238095","0.595166163141994"
