"split","Overall","acc","precision","recall"
"Overall","65.70886419083763","71.88888888888889","84.22515635858235","53.86666666666666"
"adversarial","63.873517786561266","69.53333333333333","78.44660194174757","53.86666666666666"
"random","68.07076663858467","74.73333333333333","92.44851258581235","53.86666666666666"
"popular","65.31932093775264","71.39999999999999","82.95687885010267","53.86666666666666"
