"Overall","choose","compare","logical","query","verify"
"41.373827317538556","69.53055801594331","53.98981324278438","62.89517470881864","22.733284349742835","63.05506216696269"
