"split","Overall","Instance Attributes","Instance Identity","Instance Interaction","Instance Location","Instances Counting","Scene Understanding","Spatial Relation","Text Understanding","Visual Reasoning"
"none","0.6649100618324901","0.7134867713486771","0.6750409612233752","0.6185567010309279","0.5777096114519428","0.5594605639558643","0.733692210259658","0.4779299847792998","0.5595238095238095","0.7190332326283988"
