"split","Overall","AR","CP","FP-C","FP-S","LR","RR","action_recognition","attribute_comparison","attribute_recognition","celebrity_recognition","function_reasoning","future_prediction","identity_reasoning","image_emotion","image_quality","image_scene","image_style","image_topic","nature_relation","object_localization","ocr","physical_property_reasoning","physical_relation","social_relation","spatial_relationship","structuralized_imagetext_understanding"
"dev","0.5850515463917526","0.6532663316582915","0.7601351351351351","0.5034965034965035","0.6040955631399317","0.22033898305084745","0.4434782608695652","0.8518518518518519","0.4090909090909091","0.8243243243243243","0.5858585858585859","0.7341772151898734","0.2","0.9333333333333333","0.68","0.5471698113207547","0.9326923076923077","0.7547169811320755","0.6944444444444444","0.2916666666666667","0.4567901234567901","0.5384615384615384","0.4","0.16666666666666666","0.7674418604651163","0.17777777777777778","0.23076923076923078"
