"split","Overall","acc","precision","recall"
"Overall","82.60268810450948","84.61111111111111","95.00144466917077","73.06666666666666"
"adversarial","81.51729267385646","83.43333333333334","92.17830109335577","73.06666666666666"
"random","83.63220144982833","85.7","97.76984834968778","73.06666666666666"
"popular","82.68577895133912","84.7","95.2215464813206","73.06666666666666"
