"Overall","choose","compare","logical","query","verify"
"11.20209890284624","19.397697077059345","9.337860780984721","37.60399334442596","1.2343864805290228","16.563055062166963"
