"split","Overall","AR","CP","FP-C","FP-S","LR","RR","action_recognition","attribute_comparison","attribute_recognition","celebrity_recognition","function_reasoning","future_prediction","identity_reasoning","image_emotion","image_quality","image_scene","image_style","image_topic","nature_relation","object_localization","ocr","physical_property_reasoning","physical_relation","social_relation","spatial_relationship","structuralized_imagetext_understanding"
"dev","0.7018900343642611","0.7839195979899497","0.8344594594594594","0.5244755244755245","0.7508532423208191","0.4067796610169492","0.6173913043478261","0.9074074074074074","0.3409090909090909","0.8918918918918919","0.7777777777777778","0.8481012658227848","0.325","0.9555555555555556","0.84","0.660377358490566","0.9711538461538461","0.7547169811320755","0.8055555555555556","0.4583333333333333","0.654320987654321","0.6153846153846154","0.6133333333333333","0.5416666666666666","0.8372093023255814","0.24444444444444444","0.44871794871794873"
