"Overall","choose","compare","logical","query","verify"
"54.45221815868978","79.80513728963685","55.51782682512734","73.3222407099279","37.61939750183688","77.2202486678508"
