"split","Overall","acc","precision","recall"
"Overall","87.81843446039834","88.3111111111111","91.68278529980658","84.26666666666667"
"adversarial","85.20390967307044","85.36666666666667","86.1622358554874","84.26666666666667"
"popular","87.96102992345163","88.46666666666667","91.99417758369724","84.26666666666667"
"random","90.44722719141323","91.10000000000001","97.6061776061776","84.26666666666667"
