"split","Overall","Instance Attributes","Instance Identity","Instance Interaction","Instance Location","Instances Counting","Scene Understanding","Spatial Relation","Text Understanding","Visual Reasoning"
"none","0.7013771781899943","0.7246719724671973","0.736209721463681","0.6907216494845361","0.623721881390593","0.6219861054352268","0.7618746041798606","0.532724505327245","0.7380952380952381","0.7492447129909365"
