"split","Overall","AR","CP","FP-C","FP-S","LR","RR","action_recognition","attribute_comparison","attribute_recognition","celebrity_recognition","function_reasoning","future_prediction","identity_reasoning","image_emotion","image_quality","image_scene","image_style","image_topic","nature_relation","object_localization","ocr","physical_property_reasoning","physical_relation","social_relation","spatial_relationship","structuralized_imagetext_understanding"
"dev","0.6469072164948454","0.678391959798995","0.7736486486486487","0.5034965034965035","0.689419795221843","0.3050847457627119","0.6869565217391305","0.8518518518518519","0.4318181818181818","0.9324324324324325","0.7474747474747475","0.6962025316455697","0.2","0.9777777777777777","0.66","0.5471698113207547","0.9230769230769231","0.8301886792452831","0.75","0.5208333333333334","0.4444444444444444","0.5897435897435898","0.48","0.7083333333333334","0.8604651162790697","0.15555555555555556","0.358974358974359"
