"split","Overall","Instance Attributes","Instance Identity","Instance Interaction","Instance Location","Instances Counting","Scene Understanding","Spatial Relation","Text Understanding","Visual Reasoning"
"none","0.691540191118606","0.7306947730694773","0.7007099945385036","0.6597938144329897","0.6298568507157464","0.5913363302002452","0.753324889170361","0.5418569254185692","0.5714285714285714","0.7613293051359517"
