"split","Overall","acc","precision","recall"
"Overall","74.52596867271228","79.4","97.62419006479482","60.266666666666666"
"random","75.14546965918537","80.06666666666666","99.77924944812362","60.266666666666666"
"adversarial","74.03767403767404","78.86666666666666","95.96602972399151","60.266666666666666"
"popular","74.40329218106997","79.26666666666667","97.20430107526882","60.266666666666666"
