"Overall","choose","compare","logical","query","verify"
"8.292256320559707","7.7945084145261285","4.244482173174872","21.242373821408762","4.819985304922851","9.7246891651865"
