"split","Overall","Instance Attributes","Instance Identity","Instance Interaction","Instance Location","Instances Counting","Scene Understanding","Spatial Relation","Text Understanding","Visual Reasoning"
"none","0.7213322091062394","0.7410195741019574","0.750409612233752","0.7422680412371134","0.6554192229038854","0.6465059256232121","0.7783407219759342","0.558599695585997","0.8095238095238095","0.7824773413897281"
