"Overall","choose","compare","logical","query","verify"
"44.74479249483225","54.65013286093888","39.38879456706282","62.34054353854687","34.445260837619394","58.214920071047956"
