"split","Overall","AR","CP","FP-C","FP-S","LR","RR","action_recognition","attribute_comparison","attribute_recognition","celebrity_recognition","function_reasoning","future_prediction","identity_reasoning","image_emotion","image_quality","image_scene","image_style","image_topic","nature_relation","object_localization","ocr","physical_property_reasoning","physical_relation","social_relation","spatial_relationship","structuralized_imagetext_understanding"
"dev","0.7792096219931272","0.7336683417085427","0.8614864864864865","0.7482517482517482","0.7986348122866894","0.6101694915254238","0.808695652173913","0.9074074074074074","0.75","0.8918918918918919","0.9191919191919192","0.8607594936708861","0.6","0.9777777777777777","0.82","0.6981132075471698","0.9711538461538461","0.8490566037735849","0.8611111111111112","0.8333333333333334","0.5555555555555556","0.8205128205128205","0.4533333333333333","0.5833333333333334","0.9069767441860465","0.5555555555555556","0.6153846153846154"
