"split","Overall","acc","precision","recall"
"Overall","82.08444275389883","84.3","95.57130203720106","71.93333333333334"
"popular","82.02204484986697","84.23333333333333","95.40229885057471","71.93333333333334"
"random","83.19198149575945","85.46666666666667","98.62888482632542","71.93333333333334"
"adversarial","81.06686701728025","83.2","92.85714285714286","71.93333333333334"
