"Overall","choose","compare","logical","query","verify"
"57.07584671648911","83.61381753764392","70.28862478777589","76.37271214642263","39.32402645113886","78.50799289520425"
