"split","Overall","Instance Attributes","Instance Identity","Instance Interaction","Instance Location","Instances Counting","Scene Understanding","Spatial Relation","Text Understanding","Visual Reasoning"
"none","0.7461354693648117","0.7648956764895677","0.7766247951938832","0.7525773195876289","0.6942740286298569","0.6677564364527994","0.7948068397720076","0.6331811263318112","0.7738095238095238","0.797583081570997"
