"split","Overall","acc","precision","recall"
"Overall","83.40906299889475","84.9888888888889","93.21987373044195","75.46666666666667"
"adversarial","81.93992037640247","83.36666666666666","89.62787015043547","75.46666666666667"
"popular","83.14359162688213","84.7","92.55928045789044","75.46666666666667"
"random","85.20888219796763","86.9","97.83923941227312","75.46666666666667"
