"split","Overall","AR","CP","FP-C","FP-S","LR","RR","action_recognition","attribute_comparison","attribute_recognition","celebrity_recognition","function_reasoning","future_prediction","identity_reasoning","image_emotion","image_quality","image_scene","image_style","image_topic","nature_relation","object_localization","ocr","physical_property_reasoning","physical_relation","social_relation","spatial_relationship","structuralized_imagetext_understanding"
"dev","0.5567010309278351","0.49246231155778897","0.7027027027027027","0.7062937062937062","0.6450511945392492","0.17796610169491525","0.26956521739130435","0.9259259259259259","0.6136363636363636","0.8243243243243243","0.6363636363636364","0.6708860759493671","0.275","0.9111111111111111","0.76","0.1320754716981132","0.8557692307692307","0.8113207547169812","0.8611111111111112","0.08333333333333333","0.4567901234567901","0.717948717948718","0.05333333333333334","0.3333333333333333","0.4418604651162791","0.5333333333333333","0.1282051282051282"
