"split","Overall","Instance Attributes","Instance Identity","Instance Interaction","Instance Location","Instances Counting","Scene Understanding","Spatial Relation","Text Understanding","Visual Reasoning"
"none","0.6738336143901068","0.7457517745751775","0.6908793009284544","0.6804123711340206","0.6666666666666666","0.636697997548018","0.6276124129195694","0.634703196347032","0.7261904761904762","0.3685800604229607"
