"Overall","choose","compare","logical","query","verify"
"57.5846716489108","85.56244464127548","60.441426146010194","75.59622850804215","40.79353416605437","79.12966252220248"
