"Overall","choose","compare","logical","query","verify"
"53.40276673557004","80.60230292294067","59.9320882852292","72.98946200776484","36.47318148420279","73.53463587921847"
