"split","Overall","AR","CP","FP-C","FP-S","LR","RR","action_recognition","attribute_comparison","attribute_recognition","celebrity_recognition","function_reasoning","future_prediction","identity_reasoning","image_emotion","image_quality","image_scene","image_style","image_topic","nature_relation","object_localization","ocr","physical_property_reasoning","physical_relation","social_relation","spatial_relationship","structuralized_imagetext_understanding"
"dev","0.5163230240549829","0.49748743718592964","0.6317567567567568","0.6573426573426573","0.6006825938566553","0.1440677966101695","0.24347826086956523","0.8333333333333334","0.6136363636363636","0.7837837837837838","0.5555555555555556","0.6835443037974683","0.25","0.8666666666666667","0.66","0.11320754716981132","0.8461538461538461","0.6037735849056604","0.7777777777777778","0.10416666666666667","0.4691358024691358","0.6410256410256411","0.08","0.3333333333333333","0.3488372093023256","0.4888888888888889","0.08974358974358974"
