"split","Overall","Instance Attributes","Instance Identity","Instance Interaction","Instance Location","Instances Counting","Scene Understanding","Spatial Relation","Text Understanding","Visual Reasoning"
"none","0.6274592467678471","0.691546569154657","0.6297105406881486","0.6391752577319587","0.6298568507157464","0.5774417654270535","0.6016466117796073","0.5920852359208524","0.7380952380952381","0.36253776435045315"
