"split","Overall","acc","precision","recall"
"Overall","75.60093047299044","79.02222222222223","90.33353922174182","65.0"
"popular","75.28957528957528","78.66666666666666","89.44954128440367","65.0"
"adversarial","73.86363636363636","77.0","85.52631578947368","65.0"
"random","77.75119617224881","81.39999999999999","96.72619047619048","65.0"
