"Overall","choose","compare","logical","query","verify"
"54.58737478136428","82.01948627103631","67.91171477079796","73.71048252911814","37.04628949301984","75.04440497335702"
