"split","Overall","Instance Attributes","Instance Identity","Instance Interaction","Instance Location","Instances Counting","Scene Understanding","Spatial Relation","Text Understanding","Visual Reasoning"
"none","0.7229482855536818","0.7429554742955474","0.7367558711086838","0.7525773195876289","0.6738241308793456","0.6432366162648141","0.7773907536415453","0.6103500761035008","0.8095238095238095","0.7734138972809668"
