"split","Overall","acc","precision","recall"
"Overall","79.70565453137104","82.53333333333333","95.10166358595194","68.60000000000001"
"popular","79.5208655332303","82.33333333333334","94.57720588235294","68.60000000000001"
"random","80.80094228504123","83.7","98.28080229226362","68.60000000000001"
"adversarial","78.82037533512064","81.56666666666666","92.61926192619262","68.60000000000001"
