"split","Overall","AR","CP","FP-C","FP-S","LR","RR","action_recognition","attribute_comparison","attribute_recognition","celebrity_recognition","function_reasoning","future_prediction","identity_reasoning","image_emotion","image_quality","image_scene","image_style","image_topic","nature_relation","object_localization","ocr","physical_property_reasoning","physical_relation","social_relation","spatial_relationship","structuralized_imagetext_understanding"
"dev","0.7594501718213058","0.7085427135678392","0.8412162162162162","0.7342657342657343","0.7849829351535836","0.6016949152542372","0.7652173913043478","0.8518518518518519","0.75","0.8783783783783784","0.9090909090909091","0.8607594936708861","0.5","0.9777777777777777","0.82","0.7169811320754716","0.9519230769230769","0.7169811320754716","0.9166666666666666","0.8125","0.5432098765432098","0.7948717948717948","0.38666666666666666","0.5416666666666666","0.8372093023255814","0.5777777777777777","0.6538461538461539"
