"split","Overall","Instance Attributes","Instance Identity","Instance Interaction","Instance Location","Instances Counting","Scene Understanding","Spatial Relation","Text Understanding","Visual Reasoning"
"none","0.7136031478358629","0.7347816734781674","0.724194429273621","0.7216494845360825","0.6370143149284253","0.6448712709440131","0.7748575047498417","0.5509893455098934","0.8214285714285714","0.8006042296072508"
