"Overall","choose","compare","logical","query","verify"
"47.03450469072985","59.34455270150576","42.27504244482173","65.05823627287853","35.0330639235856","63.94316163410302"
