"split","Overall","Instance Attributes","Instance Identity","Instance Interaction","Instance Location","Instances Counting","Scene Understanding","Spatial Relation","Text Understanding","Visual Reasoning"
"none","0.7224564362001125","0.7392987739298774","0.7269251774986346","0.7010309278350515","0.6717791411042945","0.6526358806702084","0.7764407853071564","0.6331811263318112","0.8095238095238095","0.7734138972809668"
