"split","Overall","acc","precision","recall"
"Overall","84.34782608695653","85.6","92.38095238095238","77.60000000000001"
"popular","84.71615720524018","86.0","93.26923076923077","77.60000000000001"
"random","86.57493492004463","87.96666666666667","97.89739276703112","77.60000000000001"
"adversarial","81.88533239535701","82.83333333333334","86.67163067758749","77.60000000000001"
