"split","Overall","AR","CP","FP-C","FP-S","LR","RR","action_recognition","attribute_comparison","attribute_recognition","celebrity_recognition","function_reasoning","future_prediction","identity_reasoning","image_emotion","image_quality","image_scene","image_style","image_topic","nature_relation","object_localization","ocr","physical_property_reasoning","physical_relation","social_relation","spatial_relationship","structuralized_imagetext_understanding"
"dev","0.7276632302405498","0.7638190954773869","0.8108108108108109","0.6433566433566433","0.757679180887372","0.4491525423728814","0.7652173913043478","0.8703703703703703","0.6136363636363636","0.918918918918919","0.7474747474747475","0.8354430379746836","0.55","0.8888888888888888","0.66","0.660377358490566","0.9807692307692307","0.7735849056603774","0.8055555555555556","0.6666666666666666","0.691358024691358","0.6153846153846154","0.6133333333333333","0.8333333333333334","0.8372093023255814","0.4","0.3974358974358974"
