"Overall","choose","compare","logical","query","verify"
"47.750039751947845","56.6873339238264","57.045840407470294","71.27010537992236","32.916972814107275","66.82948490230906"
