"split","Overall","Instance Attributes","Instance Identity","Instance Interaction","Instance Location","Instances Counting","Scene Understanding","Spatial Relation","Text Understanding","Visual Reasoning"
"none","0.7318718381112985","0.7571520757152076","0.7569634079737848","0.711340206185567","0.6707566462167689","0.6587658357172047","0.7799240025332489","0.578386605783866","0.7619047619047619","0.8036253776435045"
