"split","Overall","AR","CP","FP-C","FP-S","LR","RR","action_recognition","attribute_comparison","attribute_recognition","celebrity_recognition","function_reasoning","future_prediction","identity_reasoning","image_emotion","image_quality","image_scene","image_style","image_topic","nature_relation","object_localization","ocr","physical_property_reasoning","physical_relation","social_relation","spatial_relationship","structuralized_imagetext_understanding"
"dev","0.8041237113402062","0.8442211055276382","0.8817567567567568","0.6783216783216783","0.8464163822525598","0.5932203389830508","0.8","0.9259259259259259","0.7272727272727273","0.9594594594594594","0.9090909090909091","0.8734177215189873","0.425","0.9555555555555556","0.8","0.7358490566037735","0.9807692307692307","0.9245283018867925","0.8611111111111112","0.6666666666666666","0.6296296296296297","0.9230769230769231","0.7466666666666667","0.7916666666666666","0.9534883720930233","0.3333333333333333","0.6794871794871795"
