"Overall","choose","compare","logical","query","verify"
"44.40292574336143","52.17006200177148","37.86078098471987","59.6228508042152","37.85451873622336","49.822380106571934"
