"split","Overall","acc","precision","recall"
"Overall","88.42899611250859","88.75555555555556","91.07395195478098","85.93333333333332"
"popular","88.4694577899794","88.8","91.15983026874116","85.93333333333332"
"adversarial","85.70478723404256","85.66666666666667","85.47745358090185","85.93333333333332"
"random","91.28895184135976","91.8","97.35649546827794","85.93333333333332"
