"split","Overall","Instance Attributes","Instance Identity","Instance Interaction","Instance Location","Instances Counting","Scene Understanding","Spatial Relation","Text Understanding","Visual Reasoning"
"none","0.7353147835862844","0.7588728758872876","0.7640633533588204","0.7010309278350515","0.6728016359918201","0.6726604004903964","0.7799240025332489","0.5692541856925418","0.7976190476190477","0.7915407854984894"
