"Overall","choose","compare","logical","query","verify"
"43.14676419144538","49.42426926483614","32.93718166383701","56.96062118691071","38.14842027920647","46.714031971580816"
