"split","Overall","acc","precision","recall"
"Overall","88.52910781949707","88.9","91.58945117605131","85.66666666666667"
"random","91.07016300496102","91.60000000000001","97.20121028744326","85.66666666666667"
"popular","88.46815834767642","88.83333333333333","91.45907473309609","85.66666666666667"
"adversarial","86.18376928236083","86.26666666666667","86.70715249662618","85.66666666666667"
