"split","Overall","Instance Attributes","Instance Identity","Instance Interaction","Instance Location","Instances Counting","Scene Understanding","Spatial Relation","Text Understanding","Visual Reasoning"
"none","0.7209106239460371","0.7311249731124974","0.7258328782086292","0.7422680412371134","0.6850715746421268","0.6518185533306089","0.7777074097530082","0.6407914764079148","0.7619047619047619","0.7673716012084593"
