"Overall","choose","compare","logical","query","verify"
"48.86309429162029","55.801594331266614","56.7062818336163","73.5440931780366","34.15135929463629","68.02841918294848"
