"split","Overall","acc","precision","recall"
"Overall","84.17266187050359","85.33333333333334","91.40625","78.0"
"adversarial","81.87543736878936","82.73333333333333","86.15611192930781","78.0"
"random","86.66666666666667","88.0","97.5","78.0"
"popular","84.1121495327103","85.26666666666667","91.26365054602185","78.0"
