"split","Overall","AR","CP","FP-C","FP-S","LR","RR","action_recognition","attribute_comparison","attribute_recognition","celebrity_recognition","function_reasoning","future_prediction","identity_reasoning","image_emotion","image_quality","image_scene","image_style","image_topic","nature_relation","object_localization","ocr","physical_property_reasoning","physical_relation","social_relation","spatial_relationship","structuralized_imagetext_understanding"
"dev","0.6778350515463918","0.6984924623115578","0.7668918918918919","0.6293706293706294","0.689419795221843","0.4406779661016949","0.6869565217391305","0.8518518518518519","0.5227272727272727","0.8513513513513513","0.6767676767676768","0.810126582278481","0.575","0.7333333333333333","0.6","0.660377358490566","0.9230769230769231","0.7169811320754716","0.7777777777777778","0.5","0.6296296296296297","0.5384615384615384","0.56","0.8333333333333334","0.813953488372093","0.4666666666666667","0.3717948717948718"
