"split","Overall","AR","CP","FP-C","FP-S","LR","RR","action_recognition","attribute_comparison","attribute_recognition","celebrity_recognition","function_reasoning","future_prediction","identity_reasoning","image_emotion","image_quality","image_scene","image_style","image_topic","nature_relation","object_localization","ocr","physical_property_reasoning","physical_relation","social_relation","spatial_relationship","structuralized_imagetext_understanding"
"dev","0.5902061855670103","0.6683417085427136","0.7162162162162162","0.4125874125874126","0.6040955631399317","0.288135593220339","0.6260869565217392","0.7222222222222222","0.2727272727272727","0.8243243243243243","0.6767676767676768","0.6708860759493671","0.2","0.9555555555555556","0.62","0.5283018867924528","0.9038461538461539","0.6415094339622641","0.6944444444444444","0.4375","0.3333333333333333","0.5641025641025641","0.49333333333333335","0.625","0.8372093023255814","0.17777777777777778","0.3333333333333333"
