"Overall","choose","compare","logical","query","verify"
"5.915089839402131","4.340124003542958","4.584040747028863","14.586799778147533","3.7472446730345332","6.660746003552398"
