"split","Overall","Instance Attributes","Instance Identity","Instance Interaction","Instance Location","Instances Counting","Scene Understanding","Spatial Relation","Text Understanding","Visual Reasoning"
"none","0.6620292299044407","0.697354269735427","0.665210267613326","0.6804123711340206","0.5950920245398773","0.5427053534940743","0.7409753008233059","0.532724505327245","0.5952380952380952","0.743202416918429"
