"split","Overall","acc","precision","recall"
"Overall","63.76290974405029","73.1","97.66162310866575","47.333333333333336"
"adversarial","63.42117016525234","72.7","96.07577807848445","47.333333333333336"
"random","64.19529837251356","73.6","99.71910112359551","47.333333333333336"
"popular","63.677130044843054","73.0","97.26027397260275","47.333333333333336"
