"split","Overall","Instance Attributes","Instance Identity","Instance Interaction","Instance Location","Instances Counting","Scene Understanding","Spatial Relation","Text Understanding","Visual Reasoning"
"none","0.7561129848229342","0.7719939771993978","0.7782632441288914","0.7422680412371134","0.7106339468302658","0.6963628933387822","0.7932235592146929","0.654490106544901","0.8214285714285714","0.8217522658610272"
