"split","Overall","AR","CP","FP-C","FP-S","LR","RR","action_recognition","attribute_comparison","attribute_recognition","celebrity_recognition","function_reasoning","future_prediction","identity_reasoning","image_emotion","image_quality","image_scene","image_style","image_topic","nature_relation","object_localization","ocr","physical_property_reasoning","physical_relation","social_relation","spatial_relationship","structuralized_imagetext_understanding"
"dev","0.8445017182130584","0.8592964824120602","0.8783783783783784","0.7482517482517482","0.8771331058020477","0.7457627118644068","0.8695652173913043","0.9074074074074074","0.7272727272727273","0.972972972972973","0.9090909090909091","0.8860759493670886","0.675","1.0","0.8","0.6792452830188679","0.9807692307692307","0.9433962264150944","0.8888888888888888","0.7916666666666666","0.7160493827160493","0.9487179487179487","0.7466666666666667","0.875","0.9534883720930233","0.5777777777777777","0.782051282051282"
