"split","Overall","acc","precision","recall"
"Overall","88.74999999999999","89.2","92.6086956521739","85.2"
"random","91.28571428571429","91.86666666666666","98.3076923076923","85.2"
"adversarial","86.32218844984804","86.5","87.47433264887063","85.2"
"popular","88.78082667592915","89.23333333333333","92.67585206671501","85.2"
