"Overall","choose","compare","logical","query","verify"
"48.9982509142948","55.09300265721878","54.83870967741935","73.59955629506378","35.106539309331374","66.69626998223801"
