"split","Overall","Instance Attributes","Instance Identity","Instance Interaction","Instance Location","Instances Counting","Scene Understanding","Spatial Relation","Text Understanding","Visual Reasoning"
"none","0.5909218662169758","0.6231447623144762","0.5969415619879848","0.5567010309278351","0.5173824130879345","0.48426644871270946","0.6728942368587714","0.4353120243531202","0.5476190476190477","0.6586102719033232"
