"Overall","choose","compare","logical","query","verify"
"8.33200826840515","13.108945969884852","1.697792869269949","29.61730449251248","0.9845701689933872","12.833037300177619"
