"split","Overall","Instance Attributes","Instance Identity","Instance Interaction","Instance Location","Instances Counting","Scene Understanding","Spatial Relation","Text Understanding","Visual Reasoning"
"none","0.6583052276559865","0.6487416648741665","0.681594756963408","0.7525773195876289","0.5766871165644172","0.596648957907642","0.747308423052565","0.517503805175038","0.7261904761904762","0.7462235649546828"
