"split","Overall","AR","CP","FP-C","FP-S","LR","RR","action_recognition","attribute_comparison","attribute_recognition","celebrity_recognition","function_reasoning","future_prediction","identity_reasoning","image_emotion","image_quality","image_scene","image_style","image_topic","nature_relation","object_localization","ocr","physical_property_reasoning","physical_relation","social_relation","spatial_relationship","structuralized_imagetext_understanding"
"dev","0.7250859106529209","0.8291457286432161","0.7804054054054054","0.5524475524475524","0.7781569965870307","0.5423728813559322","0.6695652173913044","0.8333333333333334","0.6136363636363636","0.9054054054054054","0.797979797979798","0.8481012658227848","0.4","1.0","0.62","0.7735849056603774","0.9038461538461539","0.6226415094339622","0.8888888888888888","0.5416666666666666","0.6049382716049383","0.8461538461538461","0.7066666666666667","0.6666666666666666","0.813953488372093","0.15555555555555556","0.6153846153846154"
