"split","Overall","acc","precision","recall"
"Overall","83.32945285215366","84.08888888888889","87.50611246943765","79.53333333333333"
"popular","83.33915473279777","84.1","87.52751283932501","79.53333333333333"
"random","86.26174981923356","87.33333333333333","94.23380726698262","79.53333333333333"
"adversarial","80.58088483620399","80.83333333333333","81.65639972621493","79.53333333333333"
