"Overall","choose","compare","logical","query","verify"
"45.30131976466847","60.23029229406555","47.368421052631575","64.39267886855241","30.653930933137396","66.25222024866785"
