"split","Overall","Instance Attributes","Instance Identity","Instance Interaction","Instance Location","Instances Counting","Scene Understanding","Spatial Relation","Text Understanding","Visual Reasoning"
"none","0.7485947161326588","0.7694127769412777","0.7689787001638448","0.7938144329896907","0.6952965235173824","0.6767470371883939","0.7973400886637112","0.619482496194825","0.7619047619047619","0.8066465256797583"
