"split","Overall","AR","CP","FP-C","FP-S","LR","RR","action_recognition","attribute_comparison","attribute_recognition","celebrity_recognition","function_reasoning","future_prediction","identity_reasoning","image_emotion","image_quality","image_scene","image_style","image_topic","nature_relation","object_localization","ocr","physical_property_reasoning","physical_relation","social_relation","spatial_relationship","structuralized_imagetext_understanding"
"dev","0.7826460481099656","0.7286432160804021","0.8614864864864865","0.7412587412587412","0.8191126279863481","0.6186440677966102","0.8","0.9074074074074074","0.6818181818181818","0.9054054054054054","0.9292929292929293","0.8481012658227848","0.575","0.9777777777777777","0.84","0.660377358490566","0.9711538461538461","0.8301886792452831","0.9166666666666666","0.7916666666666666","0.5679012345679012","0.8974358974358975","0.4533333333333333","0.625","0.9069767441860465","0.6","0.6410256410256411"
