"split","Overall","acc","precision","recall"
"Overall","82.81882591093117","84.91111111111111","96.15158636897768","72.73333333333333"
"popular","82.68283440697233","84.76666666666667","95.78577699736611","72.73333333333333"
"adversarial","82.03007518796991","84.06666666666666","94.05172413793103","72.73333333333333"
"random","83.76199616122841","85.9","98.73303167420815","72.73333333333333"
