"Overall","choose","compare","logical","query","verify"
"57.616473207187155","83.7023914968999","70.79796264855688","76.2063227953411","40.04408523144746","79.30728241563055"
