"split","Overall","acc","precision","recall"
"Overall","69.3072159009074","76.32222222222222","98.48546868604176","53.46666666666666"
"adversarial","68.9299527288354","75.9","96.9770253929867","53.46666666666666"
"random","69.64828484585323","76.7","99.87546699875467","53.46666666666666"
"popular","69.34716817985299","76.36666666666667","98.6469864698647","53.46666666666666"
