"split","Overall","Instance Attributes","Instance Identity","Instance Interaction","Instance Location","Instances Counting","Scene Understanding","Spatial Relation","Text Understanding","Visual Reasoning"
"none","0.6616779089376054","0.6911163691116369","0.6444565811032222","0.6597938144329897","0.623721881390593","0.5574172456068656","0.7425585813806207","0.5357686453576864","0.5476190476190477","0.7341389728096677"
