"Overall","choose","compare","logical","query","verify"
"8.395611384957864","7.7945084145261285","5.602716468590832","21.242373821408762","4.790595150624541","10.035523978685614"
