"Overall","choose","compare","logical","query","verify"
"57.77548099856893","85.11957484499557","61.62988115449915","75.81808097615085","40.76414401175606","80.0177619893428"
