"split","Overall","Instance Attributes","Instance Identity","Instance Interaction","Instance Location","Instances Counting","Scene Understanding","Spatial Relation","Text Understanding","Visual Reasoning"
"none","0.6757307476110175","0.7461819746181975","0.6968869470234844","0.6804123711340206","0.6625766871165644","0.6411932979158153","0.629512349588347","0.6423135464231354","0.7023809523809523","0.36253776435045315"
