"split","Overall","AR","CP","FP-C","FP-S","LR","RR","action_recognition","attribute_comparison","attribute_recognition","celebrity_recognition","function_reasoning","future_prediction","identity_reasoning","image_emotion","image_quality","image_scene","image_style","image_topic","nature_relation","object_localization","ocr","physical_property_reasoning","physical_relation","social_relation","spatial_relationship","structuralized_imagetext_understanding"
"dev","0.5601374570446735","0.49246231155778897","0.706081081081081","0.7202797202797203","0.6382252559726962","0.1694915254237288","0.30434782608695654","0.9444444444444444","0.5681818181818182","0.8243243243243243","0.6060606060606061","0.6582278481012658","0.25","0.9111111111111111","0.78","0.16981132075471697","0.8557692307692307","0.8113207547169812","0.8055555555555556","0.125","0.48148148148148145","0.6923076923076923","0.06666666666666667","0.3333333333333333","0.4883720930232558","0.6","0.1282051282051282"
