"split","Overall","acc","precision","recall"
"Overall","84.27626745040412","85.73333333333333","93.86252045826514","76.46666666666667"
"popular","84.02930402930403","85.46666666666667","93.2520325203252","76.46666666666667"
"random","85.72496263079223","87.26666666666667","97.53401360544217","76.46666666666667"
"adversarial","83.11594202898551","84.46666666666667","91.03174603174602","76.46666666666667"
