"split","Overall","Instance Attributes","Instance Identity","Instance Interaction","Instance Location","Instances Counting","Scene Understanding","Spatial Relation","Text Understanding","Visual Reasoning"
"none","0.5741287240022485","0.603785760378576","0.559803386127799","0.6288659793814433","0.49079754601226994","0.49775234981610134","0.6412286257124763","0.4627092846270928","0.5476190476190477","0.6193353474320241"
