"Overall","choose","compare","logical","query","verify"
"44.474479249483224","70.859167404783","55.178268251273344","63.83804769828064","26.524614254224833","67.1847246891652"
