"split","Overall","AR","CP","FP-C","FP-S","LR","RR","action_recognition","attribute_comparison","attribute_recognition","celebrity_recognition","function_reasoning","future_prediction","identity_reasoning","image_emotion","image_quality","image_scene","image_style","image_topic","nature_relation","object_localization","ocr","physical_property_reasoning","physical_relation","social_relation","spatial_relationship","structuralized_imagetext_understanding"
"dev","0.5541237113402062","0.6331658291457286","0.7094594594594594","0.46853146853146854","0.5460750853242321","0.2966101694915254","0.40869565217391307","0.6851851851851852","0.5454545454545454","0.7297297297297297","0.5353535353535354","0.6835443037974683","0.225","0.7555555555555555","0.66","0.6415094339622641","0.875","0.4716981132075472","0.75","0.20833333333333334","0.41975308641975306","0.48717948717948717","0.5066666666666667","0.5","0.5813953488372093","0.13333333333333333","0.3333333333333333"
