"split","Overall","acc","precision","recall"
"Overall","72.92732855680654","76.48888888888888","85.94692400482509","63.33333333333333"
"adversarial","70.65823726292302","73.7","79.89907485281749","63.33333333333333"
"popular","72.68553940321347","76.2","85.27827648114902","63.33333333333333"
"random","75.60684440907282","79.56666666666666","93.78084896347482","63.33333333333333"
