"Overall","choose","compare","logical","query","verify"
"11.098743838448085","18.3348095659876","7.470288624787775","37.65945646145313","1.322556943423953","16.69626998223801"
