"split","Overall","Instance Attributes","Instance Identity","Instance Interaction","Instance Location","Instances Counting","Scene Understanding","Spatial Relation","Text Understanding","Visual Reasoning"
"none","0.6315345699831366","0.6807915680791569","0.630802839978154","0.5876288659793815","0.5398773006134969","0.5157335512872906","0.7096263457884737","0.4459665144596651","0.6785714285714286","0.6948640483383686"
