"split","Overall","AR","CP","FP-C","FP-S","LR","RR","action_recognition","attribute_comparison","attribute_recognition","celebrity_recognition","function_reasoning","future_prediction","identity_reasoning","image_emotion","image_quality","image_scene","image_style","image_topic","nature_relation","object_localization","ocr","physical_property_reasoning","physical_relation","social_relation","spatial_relationship","structuralized_imagetext_understanding"
"dev","0.5154639175257731","0.6130653266331658","0.6858108108108109","0.4405594405594406","0.5085324232081911","0.15254237288135594","0.391304347826087","0.6851851851851852","0.4318181818181818","0.7567567567567568","0.48484848484848486","0.7215189873417721","0.125","0.8888888888888888","0.6","0.5094339622641509","0.8942307692307693","0.5660377358490566","0.6388888888888888","0.1875","0.345679012345679","0.4358974358974359","0.3333333333333333","0.20833333333333334","0.7209302325581395","0.15555555555555556","0.16666666666666666"
