"split","Overall","acc","precision","recall"
"Overall","79.1276459268762","81.92222222222222","93.59635811836115","68.53333333333333"
"adversarial","77.90829859795377","80.56666666666666","90.25460930640912","68.53333333333333"
"random","80.34388432981633","83.23333333333333","97.07271010387157","68.53333333333333"
"popular","79.16827108201771","81.96666666666667","93.71011850501367","68.53333333333333"
