"split","Overall","acc","precision","recall"
"Overall","76.79155142066885","79.48888888888888","88.41922408801389","67.86666666666666"
"adversarial","74.46964155084125","76.73333333333333","82.49594813614263","67.86666666666666"
"random","79.53125","82.53333333333333","96.0377358490566","67.86666666666666"
"popular","76.54135338345864","79.2","87.75862068965517","67.86666666666666"
