"split","Overall","AR","CP","FP-C","FP-S","LR","RR","action_recognition","attribute_comparison","attribute_recognition","celebrity_recognition","function_reasoning","future_prediction","identity_reasoning","image_emotion","image_quality","image_scene","image_style","image_topic","nature_relation","object_localization","ocr","physical_property_reasoning","physical_relation","social_relation","spatial_relationship","structuralized_imagetext_understanding"
"dev","0.6134020618556701","0.6834170854271356","0.7736486486486487","0.48951048951048953","0.6109215017064846","0.3644067796610169","0.4956521739130435","0.7407407407407407","0.4772727272727273","0.7702702702702703","0.6161616161616161","0.6708860759493671","0.25","0.9111111111111111","0.72","0.7169811320754716","0.9038461538461539","0.5849056603773585","0.8333333333333334","0.3541666666666667","0.4567901234567901","0.6153846153846154","0.56","0.5","0.6511627906976745","0.2","0.4230769230769231"
