"split","Overall","Instance Attributes","Instance Identity","Instance Interaction","Instance Location","Instances Counting","Scene Understanding","Spatial Relation","Text Understanding","Visual Reasoning"
"none","0.6489600899381676","0.6900408690040869","0.6542872747132714","0.6288659793814433","0.5623721881390593","0.5455659991826727","0.7295756808106396","0.4550989345509893","0.6785714285714286","0.676737160120846"
