"Overall","choose","compare","logical","query","verify"
"11.241850850691684","18.600531443755536","9.67741935483871","36.882972823072656","1.5135929463629685","16.82948490230906"
