"split","Overall","AR","CP","FP-C","FP-S","LR","RR","action_recognition","attribute_comparison","attribute_recognition","celebrity_recognition","function_reasoning","future_prediction","identity_reasoning","image_emotion","image_quality","image_scene","image_style","image_topic","nature_relation","object_localization","ocr","physical_property_reasoning","physical_relation","social_relation","spatial_relationship","structuralized_imagetext_understanding"
"dev","0.5335051546391752","0.6231155778894473","0.722972972972973","0.45454545454545453","0.5085324232081911","0.1694915254237288","0.4260869565217391","0.7407407407407407","0.4318181818181818","0.7702702702702703","0.5252525252525253","0.7468354430379747","0.15","0.8888888888888888","0.64","0.5094339622641509","0.9326923076923077","0.660377358490566","0.6388888888888888","0.25","0.2962962962962963","0.41025641025641024","0.3333333333333333","0.16666666666666666","0.7674418604651163","0.13333333333333333","0.1794871794871795"
