"split","Overall","acc","precision","recall"
"Overall","80.50089445438283","83.04444444444444","94.7083583884546","70.0"
"adversarial","79.36507936507937","81.8","91.62303664921467","70.0"
"random","81.55339805825243","84.16666666666667","97.67441860465115","70.0"
"popular","80.61420345489444","83.16666666666667","95.02262443438913","70.0"
