"split","Overall","acc","precision","recall"
"Overall","83.05381727158947","84.95555555555555","95.07163323782235","73.73333333333333"
"random","84.13845568657283","86.1","97.9627989371125","73.73333333333333"
"popular","83.00187617260787","84.89999999999999","94.93562231759657","73.73333333333333"
"adversarial","82.04747774480713","83.86666666666667","92.47491638795987","73.73333333333333"
