"split","Overall","AR","CP","FP-C","FP-S","LR","RR","action_recognition","attribute_comparison","attribute_recognition","celebrity_recognition","function_reasoning","future_prediction","identity_reasoning","image_emotion","image_quality","image_scene","image_style","image_topic","nature_relation","object_localization","ocr","physical_property_reasoning","physical_relation","social_relation","spatial_relationship","structuralized_imagetext_understanding"
"dev","0.570446735395189","0.6381909547738693","0.7297297297297297","0.46153846153846156","0.6006825938566553","0.23728813559322035","0.4434782608695652","0.7592592592592593","0.4090909090909091","0.8378378378378378","0.6262626262626263","0.759493670886076","0.2","0.8888888888888888","0.64","0.5094339622641509","0.9230769230769231","0.660377358490566","0.7222222222222222","0.3333333333333333","0.345679012345679","0.6153846153846154","0.36","0.20833333333333334","0.6976744186046512","0.15555555555555556","0.2564102564102564"
