"Overall","choose","compare","logical","query","verify"
"10.359357608522817","18.06908768821966","6.621392190152801","35.662784248474765","1.322556943423953","14.520426287744229"
