"split","Overall","Instance Attributes","Instance Identity","Instance Interaction","Instance Location","Instances Counting","Scene Understanding","Spatial Relation","Text Understanding","Visual Reasoning"
"none","0.6552136031478358","0.697999569799957","0.667394866193337","0.5773195876288659","0.5674846625766872","0.551695954229669","0.7302089930335656","0.4703196347031963","0.5595238095238095","0.7099697885196374"
