"split","Overall","acc","precision","recall"
"Overall","52.844214608920495","67.57777777777778","96.86018957345972","36.333333333333336"
"adversarial","52.58080077182827","67.23333333333333","95.11343804537522","36.333333333333336"
"random","53.170731707317074","68.0","99.0909090909091","36.333333333333336"
"popular","52.784503631961265","67.5","96.46017699115043","36.333333333333336"
