"split","Overall","AR","CP","FP-C","FP-S","LR","RR","action_recognition","attribute_comparison","attribute_recognition","celebrity_recognition","function_reasoning","future_prediction","identity_reasoning","image_emotion","image_quality","image_scene","image_style","image_topic","nature_relation","object_localization","ocr","physical_property_reasoning","physical_relation","social_relation","spatial_relationship","structuralized_imagetext_understanding"
"dev","0.5489690721649485","0.6532663316582915","0.652027027027027","0.38461538461538464","0.590443686006826","0.2457627118644068","0.5130434782608696","0.6851851851851852","0.22727272727272727","0.7972972972972973","0.6363636363636364","0.7088607594936709","0.175","0.8888888888888888","0.58","0.5094339622641509","0.7980769230769231","0.5283018867924528","0.7222222222222222","0.3125","0.3333333333333333","0.6153846153846154","0.4533333333333333","0.625","0.6744186046511628","0.17777777777777778","0.28205128205128205"
