"split","Overall","Instance Attributes","Instance Identity","Instance Interaction","Instance Location","Instances Counting","Scene Understanding","Spatial Relation","Text Understanding","Visual Reasoning"
"none","0.68929173693086","0.708324370832437","0.6968869470234844","0.7216494845360825","0.6083844580777096","0.6146301593788313","0.7561747941735275","0.5540334855403348","0.7857142857142857","0.7673716012084593"
