"split","Overall","acc","precision","recall"
"Overall","86.19199272065515","86.51111111111112","88.28052190121156","84.2"
"popular","86.21160409556315","86.53333333333333","88.32167832167832","84.2"
"adversarial","83.22899505766063","83.03333333333333","82.28013029315962","84.2"
"random","89.35267067562786","89.96666666666667","95.17709118311983","84.2"
