"Overall","choose","compare","logical","query","verify"
"45.53188106217205","57.57307351638619","43.12393887945671","64.66999445368829","33.049228508449666","62.522202486678516"
