"split","Overall","AR","CP","FP-C","FP-S","LR","RR","action_recognition","attribute_comparison","attribute_recognition","celebrity_recognition","function_reasoning","future_prediction","identity_reasoning","image_emotion","image_quality","image_scene","image_style","image_topic","nature_relation","object_localization","ocr","physical_property_reasoning","physical_relation","social_relation","spatial_relationship","structuralized_imagetext_understanding"
"dev","0.7508591065292096","0.8190954773869347","0.8108108108108109","0.6013986013986014","0.7952218430034129","0.6016949152542372","0.7043478260869566","0.8518518518518519","0.6590909090909091","0.9054054054054054","0.8484848484848485","0.8607594936708861","0.425","0.9555555555555556","0.7","0.7358490566037735","0.9711538461538461","0.6792452830188679","0.8055555555555556","0.5833333333333334","0.5802469135802469","0.8974358974358975","0.6933333333333334","0.7083333333333334","0.8372093023255814","0.24444444444444444","0.6923076923076923"
