"split","Overall","AR","CP","FP-C","FP-S","LR","RR","action_recognition","attribute_comparison","attribute_recognition","celebrity_recognition","function_reasoning","future_prediction","identity_reasoning","image_emotion","image_quality","image_scene","image_style","image_topic","nature_relation","object_localization","ocr","physical_property_reasoning","physical_relation","social_relation","spatial_relationship","structuralized_imagetext_understanding"
"dev","0.5042955326460481","0.5778894472361809","0.6385135135135135","0.4195804195804196","0.4812286689419795","0.288135593220339","0.41739130434782606","0.6666666666666666","0.4318181818181818","0.6216216216216216","0.5252525252525253","0.7215189873417721","0.25","0.5111111111111111","0.44","0.660377358490566","0.7788461538461539","0.4716981132075472","0.7222222222222222","0.25","0.4074074074074074","0.2564102564102564","0.4666666666666667","0.4583333333333333","0.5813953488372093","0.1111111111111111","0.3076923076923077"
