"split","Overall","acc","precision","recall"
"Overall","76.9734357295732","79.67777777777778","88.78884693581179","67.93333333333334"
"popular","77.40220281048234","80.16666666666666","89.93821712268314","67.93333333333334"
"random","79.578289730574","82.56666666666666","96.04147031102734","67.93333333333334"
"adversarial","74.13604947253548","76.3","81.58526821457166","67.93333333333334"
