"split","Overall","Instance Attributes","Instance Identity","Instance Interaction","Instance Location","Instances Counting","Scene Understanding","Spatial Relation","Text Understanding","Visual Reasoning"
"none","0.6227515458122541","0.6392772639277264","0.6215182960131076","0.5979381443298969","0.549079754601227","0.5435226808336738","0.7051931602279924","0.4977168949771689","0.6785714285714286","0.6555891238670695"
