"Overall","choose","compare","logical","query","verify"
"48.09985689298776","74.04782993799823","54.83870967741935","68.21963394342761","30.653930933137396","69.93783303730018"
