"split","Overall","AR","CP","FP-C","FP-S","LR","RR","action_recognition","attribute_comparison","attribute_recognition","celebrity_recognition","function_reasoning","future_prediction","identity_reasoning","image_emotion","image_quality","image_scene","image_style","image_topic","nature_relation","object_localization","ocr","physical_property_reasoning","physical_relation","social_relation","spatial_relationship","structuralized_imagetext_understanding"
"dev","0.7285223367697594","0.8241206030150754","0.8445945945945946","0.6433566433566433","0.7303754266211604","0.4067796610169492","0.6956521739130435","0.8518518518518519","0.6818181818181818","0.8648648648648649","0.8787878787878788","0.8481012658227848","0.475","0.9555555555555556","0.72","0.7169811320754716","0.9711538461538461","0.8490566037735849","0.8333333333333334","0.6041666666666666","0.49382716049382713","0.5897435897435898","0.72","0.5833333333333334","0.8604651162790697","0.35555555555555557","0.3717948717948718"
