"split","Overall","acc","precision","recall"
"Overall","79.56989247311829","82.26666666666667","93.84057971014492","69.06666666666666"
"popular","79.66166858900424","82.36666666666666","94.09627611262489","69.06666666666666"
"adversarial","78.12971342383108","80.66666666666666","89.93055555555556","69.06666666666666"
"random","80.96912856584602","83.76666666666667","97.82813975448536","69.06666666666666"
