{
    "Bleu": [
        15.665239260806455,
        9.191929158242257,
        4.935389711056693,
        2.6717872795376687
    ],
    "ROUGE_L": 15.986680878280662,
    "CIDEr": 0.0047879591484661895
}