"Overall","choose","compare","logical","query","verify"
"56.0740976307839","80.69087688219663","62.64855687606112","74.04326123128119","39.32402645113886","78.24156305506217"
