"split","Overall","Instance Attributes","Instance Identity","Instance Interaction","Instance Location","Instances Counting","Scene Understanding","Spatial Relation","Text Understanding","Visual Reasoning"
"none","0.7062254075323215","0.7278984727898473","0.7318405243036592","0.711340206185567","0.6349693251533742","0.631794033510421","0.7571247625079164","0.6027397260273972","0.6904761904761905","0.743202416918429"
