"split","Overall","acc","precision","recall"
"Overall","76.41089108910893","78.82222222222222","86.22905027932961","68.60000000000001"
"adversarial","74.29602888086644","76.26666666666667","81.02362204724409","68.60000000000001"
"random","79.73653622626888","82.56666666666666","95.18963922294172","68.60000000000001"
"popular","75.41223891535361","77.63333333333333","83.72660699755899","68.60000000000001"
