"Overall","choose","compare","logical","query","verify"
"51.343615837176024","76.08503100088573","58.91341256366724","70.93732667775929","33.82806759735489","74.20071047957371"
