"split","Overall","AR","CP","FP-C","FP-S","LR","RR","action_recognition","attribute_comparison","attribute_recognition","celebrity_recognition","function_reasoning","future_prediction","identity_reasoning","image_emotion","image_quality","image_scene","image_style","image_topic","nature_relation","object_localization","ocr","physical_property_reasoning","physical_relation","social_relation","spatial_relationship","structuralized_imagetext_understanding"
"dev","0.6847079037800687","0.7638190954773869","0.7635135135135135","0.5804195804195804","0.7098976109215017","0.5254237288135594","0.5739130434782609","0.8148148148148148","0.6136363636363636","0.7837837837837838","0.7777777777777778","0.7721518987341772","0.4","0.8888888888888888","0.56","0.7169811320754716","0.9038461538461539","0.6415094339622641","0.8888888888888888","0.6041666666666666","0.49382716049382713","0.8461538461538461","0.68","0.2916666666666667","0.6976744186046512","0.26666666666666666","0.5897435897435898"
