"split","Overall","Instance Attributes","Instance Identity","Instance Interaction","Instance Location","Instances Counting","Scene Understanding","Spatial Relation","Text Understanding","Visual Reasoning"
"none","0.6527543563799888","0.6799311679931168","0.6630256690333152","0.6701030927835051","0.5572597137014315","0.5639558643236616","0.708043065231159","0.5814307458143074","0.6904761904761905","0.7522658610271903"
