"split","Overall","AR","CP","FP-C","FP-S","LR","RR","action_recognition","attribute_comparison","attribute_recognition","celebrity_recognition","function_reasoning","future_prediction","identity_reasoning","image_emotion","image_quality","image_scene","image_style","image_topic","nature_relation","object_localization","ocr","physical_property_reasoning","physical_relation","social_relation","spatial_relationship","structuralized_imagetext_understanding"
"dev","0.5532646048109966","0.5125628140703518","0.7027027027027027","0.6713286713286714","0.6348122866894198","0.15254237288135594","0.2956521739130435","0.8888888888888888","0.5909090909090909","0.8108108108108109","0.5757575757575758","0.7468354430379747","0.25","0.8666666666666667","0.74","0.1320754716981132","0.8846153846153846","0.7924528301886793","0.8333333333333334","0.125","0.5061728395061729","0.717948717948718","0.05333333333333334","0.3333333333333333","0.46511627906976744","0.4888888888888889","0.10256410256410256"
