"split","Overall","acc","precision","recall"
"Overall","80.70086978444472","82.9888888888889","93.24206233614915","71.13333333333334"
"popular","80.55870139675349","82.83333333333334","92.86335944299391","71.13333333333334"
"random","82.55319148936171","84.96666666666667","98.3410138248848","71.13333333333334"
"adversarial","79.06632085957763","81.16666666666667","88.9908256880734","71.13333333333334"
