"Overall","choose","compare","logical","query","verify"
"57.13944983304182","85.20814880425155","62.81833616298812","75.4853022739878","40.05878030859662","78.50799289520425"
