"split","Overall","AR","CP","FP-C","FP-S","LR","RR","action_recognition","attribute_comparison","attribute_recognition","celebrity_recognition","function_reasoning","future_prediction","identity_reasoning","image_emotion","image_quality","image_scene","image_style","image_topic","nature_relation","object_localization","ocr","physical_property_reasoning","physical_relation","social_relation","spatial_relationship","structuralized_imagetext_understanding"
"dev","0.4690721649484536","0.457286432160804","0.597972972972973","0.5594405594405595","0.5187713310580204","0.1440677966101695","0.25217391304347825","0.7592592592592593","0.4772727272727273","0.6621621621621622","0.46464646464646464","0.620253164556962","0.3","0.8222222222222222","0.62","0.1509433962264151","0.7692307692307693","0.5660377358490566","0.7777777777777778","0.16666666666666666","0.41975308641975306","0.5897435897435898","0.06666666666666667","0.2916666666666667","0.32558139534883723","0.4","0.0641025641025641"
