"Overall","choose","compare","logical","query","verify"
"53.87183972014628","81.39946855624446","68.08149405772495","72.6012201885746","36.164584864070534","74.86678507992896"
