"split","Overall","AR","CP","FP-C","FP-S","LR","RR","action_recognition","attribute_comparison","attribute_recognition","celebrity_recognition","function_reasoning","future_prediction","identity_reasoning","image_emotion","image_quality","image_scene","image_style","image_topic","nature_relation","object_localization","ocr","physical_property_reasoning","physical_relation","social_relation","spatial_relationship","structuralized_imagetext_understanding"
"dev","0.6855670103092784","0.6934673366834171","0.7837837837837838","0.6363636363636364","0.7133105802047781","0.3728813559322034","0.7304347826086957","0.8148148148148148","0.6136363636363636","0.8378378378378378","0.8585858585858586","0.8481012658227848","0.45","0.9333333333333333","0.66","0.660377358490566","0.9615384615384616","0.6981132075471698","0.75","0.7291666666666666","0.5061728395061729","0.5384615384615384","0.38666666666666666","0.5833333333333334","0.813953488372093","0.4444444444444444","0.3333333333333333"
