"split","Overall","acc","precision","recall"
"Overall","74.36596673029725","79.11111111111111","96.22441778405081","60.6"
"adversarial","73.4842360549717","78.13333333333333","93.32648870636551","60.6"
"random","75.2483443708609","80.06666666666666","99.235807860262","60.6"
"popular","74.38625204582652","79.13333333333334","96.29237288135593","60.6"
