"Overall","choose","compare","logical","query","verify"
"51.84449038002862","77.94508414526129","56.02716468590832","71.43649473100389","34.2836149889787","75.04440497335702"
