"split","Overall","Instance Attributes","Instance Identity","Instance Interaction","Instance Location","Instances Counting","Scene Understanding","Spatial Relation","Text Understanding","Visual Reasoning"
"none","0.6767847105115233","0.705312970531297","0.6985253959584926","0.7010309278350515","0.5930470347648262","0.5954229668982427","0.7365421152628245","0.5144596651445966","0.7619047619047619","0.7280966767371602"
