"split","Overall","acc","precision","recall"
"Overall","84.90701001430615","85.93333333333332","91.5895061728395","79.13333333333334"
"popular","85.27298850574714","86.33333333333333","92.44548286604362","79.13333333333334"
"adversarial","82.40194376952448","83.1","85.95220854453295","79.13333333333334"
"random","87.18325376423063","88.36666666666667","97.05641864268193","79.13333333333334"
