"split","Overall","AR","CP","FP-C","FP-S","LR","RR","action_recognition","attribute_comparison","attribute_recognition","celebrity_recognition","function_reasoning","future_prediction","identity_reasoning","image_emotion","image_quality","image_scene","image_style","image_topic","nature_relation","object_localization","ocr","physical_property_reasoning","physical_relation","social_relation","spatial_relationship","structuralized_imagetext_understanding"
"dev","0.6597938144329897","0.7738693467336684","0.8006756756756757","0.4755244755244755","0.7167235494880546","0.3135593220338983","0.5391304347826087","0.8703703703703703","0.3409090909090909","0.8648648648648649","0.7575757575757576","0.8734177215189873","0.275","0.9555555555555556","0.7","0.6792452830188679","0.9423076923076923","0.6792452830188679","0.8888888888888888","0.3541666666666667","0.5925925925925926","0.5897435897435898","0.56","0.4583333333333333","0.7906976744186046","0.13333333333333333","0.3333333333333333"
