"split","Overall","Instance Attributes","Instance Identity","Instance Interaction","Instance Location","Instances Counting","Scene Understanding","Spatial Relation","Text Understanding","Visual Reasoning"
"none","0.6929454749859472","0.7156377715637772","0.7247405789186238","0.6804123711340206","0.6022494887525562","0.6068655496526358","0.7625079164027866","0.5266362252663622","0.7738095238095238","0.7522658610271903"
