"split","Overall","acc","precision","recall"
"Overall","87.44316194473592","88.03333333333333","91.97939661515821","83.33333333333334"
"adversarial","85.09189925119128","85.39999999999999","86.92628650904032","83.33333333333334"
"random","89.83111749910168","90.56666666666666","97.42790335151987","83.33333333333334"
"popular","87.53501400560224","88.13333333333333","92.18289085545722","83.33333333333334"
