"split","Overall","AR","CP","FP-C","FP-S","LR","RR","action_recognition","attribute_comparison","attribute_recognition","celebrity_recognition","function_reasoning","future_prediction","identity_reasoning","image_emotion","image_quality","image_scene","image_style","image_topic","nature_relation","object_localization","ocr","physical_property_reasoning","physical_relation","social_relation","spatial_relationship","structuralized_imagetext_understanding"
"dev","0.7079037800687286","0.7939698492462312","0.8378378378378378","0.5034965034965035","0.7713310580204779","0.4067796610169492","0.6260869565217392","0.9259259259259259","0.3181818181818182","0.918918918918919","0.7575757575757576","0.8354430379746836","0.325","0.9777777777777777","0.84","0.660377358490566","0.9711538461538461","0.7169811320754716","0.8888888888888888","0.4375","0.6666666666666666","0.7435897435897436","0.64","0.625","0.8372093023255814","0.17777777777777778","0.44871794871794873"
