"Overall","choose","compare","logical","query","verify"
"51.860391159166795","76.79362267493357","55.34804753820034","71.43649473100389","34.37178545187362","75.62166962699823"
