"split","Overall","AR","CP","FP-C","FP-S","LR","RR","action_recognition","attribute_comparison","attribute_recognition","celebrity_recognition","function_reasoning","future_prediction","identity_reasoning","image_emotion","image_quality","image_scene","image_style","image_topic","nature_relation","object_localization","ocr","physical_property_reasoning","physical_relation","social_relation","spatial_relationship","structuralized_imagetext_understanding"
"dev","0.552405498281787","0.6381909547738693","0.6047297297297297","0.5594405594405595","0.5392491467576792","0.3898305084745763","0.4608695652173913","0.7407407407407407","0.5227272727272727","0.7027027027027027","0.5858585858585859","0.759493670886076","0.4","0.8222222222222222","0.48","0.7358490566037735","0.6923076923076923","0.3584905660377358","0.6944444444444444","0.3958333333333333","0.345679012345679","0.5128205128205128","0.4","0.4583333333333333","0.5348837209302325","0.37777777777777777","0.38461538461538464"
