"split","Overall","acc","precision","recall"
"Overall","59.11205073995772","67.76666666666667","80.8092485549133","46.6"
"adversarial","57.98423890501866","66.23333333333333","76.72886937431394","46.6"
"random","61.885790172642764","71.3","92.09486166007905","46.6"
"popular","57.64948453608248","65.76666666666667","75.56756756756758","46.6"
