"Overall","choose","compare","logical","query","verify"
"44.90380028621402","71.2134632418069","60.78098471986417","68.05324459234609","26.730345334313004","63.94316163410302"
