"split","Overall","Instance Attributes","Instance Identity","Instance Interaction","Instance Location","Instances Counting","Scene Understanding","Spatial Relation","Text Understanding","Visual Reasoning"
"none","0.5810146149522204","0.605721660572166","0.559803386127799","0.6185567010309279","0.5306748466257669","0.49489170412750305","0.6418619379354021","0.5114155251141552","0.7261904761904762","0.6465256797583081"
