"split","Overall","AR","CP","FP-C","FP-S","LR","RR","action_recognition","attribute_comparison","attribute_recognition","celebrity_recognition","function_reasoning","future_prediction","identity_reasoning","image_emotion","image_quality","image_scene","image_style","image_topic","nature_relation","object_localization","ocr","physical_property_reasoning","physical_relation","social_relation","spatial_relationship","structuralized_imagetext_understanding"
"dev","0.584192439862543","0.7035175879396985","0.7195945945945946","0.4125874125874126","0.5733788395904437","0.3728813559322034","0.48695652173913045","0.6481481481481481","0.4318181818181818","0.7162162162162162","0.5454545454545454","0.7341772151898734","0.225","0.8666666666666667","0.7","0.7735849056603774","0.8365384615384616","0.41509433962264153","0.7777777777777778","0.3958333333333333","0.48148148148148145","0.5641025641025641","0.5733333333333334","0.5","0.5813953488372093","0.1111111111111111","0.44871794871794873"
