"split","Overall","acc","precision","recall"
"Overall","73.76543209876544","77.33333333333333","87.54578754578755","63.733333333333334"
"adversarial","71.53011597456042","74.63333333333333","81.50042625745951","63.733333333333334"
"popular","73.42549923195084","76.93333333333334","86.59420289855072","63.733333333333334"
"random","76.51060424169668","80.43333333333334","95.69569569569569","63.733333333333334"
