"split","Overall","Instance Attributes","Instance Identity","Instance Interaction","Instance Location","Instances Counting","Scene Understanding","Spatial Relation","Text Understanding","Visual Reasoning"
"none","0.5760961214165261","0.5624865562486556","0.596395412342982","0.6597938144329897","0.49591002044989774","0.5149162239476911","0.669094363521216","0.4733637747336377","0.5833333333333334","0.6344410876132931"
