"Overall","choose","compare","logical","query","verify"
"41.644140562887586","65.27900797165633","55.178268251273344","63.948973932334994","23.277002204261574","63.898756660746"
