"split","Overall","acc","precision","recall"
"Overall","77.22320749936661","80.02222222222221","89.80553918680023","67.73333333333333"
"adversarial","75.12014787430684","77.56666666666666","84.31535269709543","67.73333333333333"
"random","78.94327894327893","81.93333333333334","94.59962756052141","67.73333333333333"
"popular","77.7055449330784","80.56666666666666","91.12107623318386","67.73333333333333"
