"split","Overall","AR","CP","FP-C","FP-S","LR","RR","action_recognition","attribute_comparison","attribute_recognition","celebrity_recognition","function_reasoning","future_prediction","identity_reasoning","image_emotion","image_quality","image_scene","image_style","image_topic","nature_relation","object_localization","ocr","physical_property_reasoning","physical_relation","social_relation","spatial_relationship","structuralized_imagetext_understanding"
"dev","0.2869415807560137","0.24623115577889448","0.42567567567567566","0.25874125874125875","0.32081911262798635","0.1271186440677966","0.11304347826086956","0.5","0.18181818181818182","0.35135135135135137","0.5151515151515151","0.22784810126582278","0.15","0.4","0.24","0.05660377358490566","0.6346153846153846","0.41509433962264153","0.6388888888888888","0.020833333333333332","0.12345679012345678","0.1794871794871795","0.17333333333333334","0.20833333333333334","0.16279069767441862","0.044444444444444446","0.11538461538461539"
