"Overall","choose","compare","logical","query","verify"
"49.72968675465098","71.39061116031885","53.65025466893039","66.00110926234053","33.1373989713446","74.95559502664298"
