{
    "Bleu": [
        70.86044974869199,
        52.92795070648162,
        38.805209755601126,
        28.416999365290867
    ],
    "ROUGE_L": 50.89004337618404,
    "CIDEr": 79.63288430705725
}