"split","Overall","Instance Attributes","Instance Identity","Instance Interaction","Instance Location","Instances Counting","Scene Understanding","Spatial Relation","Text Understanding","Visual Reasoning"
"none","0.5144744238336144","0.5278554527855452","0.5614418350628072","0.5463917525773195","0.49591002044989774","0.3780138945647732","0.6101963267891071","0.3987823439878234","0.21428571428571427","0.513595166163142"
