"split","Overall","Accounting","Agriculture","Architecture_and_Engineering","Art","Art_Theory","Basic_Medical_Science","Biology","Chemistry","Clinical_Medicine","Computer_Science","Design","Diagnostics_and_Laboratory_Medicine","Economics","Electronics","Energy_and_Power","Finance","Geography","History","Literature","Manage","Marketing","Materials","Math","Mechanical_Engineering","Music","Pharmacy","Physics","Psychology","Public_Health","Sociology","Art & Design","Business","Health & Medicine","Humanities & Social Science","Science","Tech & Engineering"
"dev","0.24","0.2","0.0","0.4","0.4","0.0","0.4","0.2","0.4","0.0","0.4","0.8","0.0","0.0","0.2","0.2","0.0","0.2","0.4","0.6","0.0","0.0","0.2","0.0","0.4","0.4","0.0","0.0","0.8","0.2","0.4","0.4","0.04","0.12","0.55","0.16","0.2571428571428571"
"validation","0.23222222222222222","0.1","0.26666666666666666","0.16666666666666666","0.3333333333333333","0.43333333333333335","0.4666666666666667","0.13333333333333333","0.1","0.26666666666666666","0.1","0.5666666666666667","0.23333333333333334","0.16666666666666666","0.13333333333333333","0.23333333333333334","0.03333333333333333","0.13333333333333333","0.26666666666666666","0.8333333333333334","0.06666666666666667","0.13333333333333333","0.16666666666666666","0.13333333333333333","0.16666666666666666","0.2","0.16666666666666666","0.06666666666666667","0.2","0.3","0.4","0.38333333333333336","0.1","0.2866666666666667","0.425","0.11333333333333333","0.1761904761904762"
