"Overall","choose","compare","logical","query","verify"
"43.71124185085069","66.51904340124003","52.97113752122241","61.89683860232945","26.421748714180747","67.53996447602132"
