"split","Overall","acc","precision","recall"
"Overall","73.04929403022047","75.82222222222222","82.51259093452714","65.53333333333333"
"popular","72.97698589458055","75.73333333333333","82.32830820770519","65.53333333333333"
"adversarial","70.64319080129357","72.76666666666667","76.61730319563523","65.53333333333333"
"random","75.70273392375817","78.96666666666667","89.60802187784867","65.53333333333333"
