"split","Overall","AR","CP","FP-C","FP-S","LR","RR","action_recognition","attribute_comparison","attribute_recognition","celebrity_recognition","function_reasoning","future_prediction","identity_reasoning","image_emotion","image_quality","image_scene","image_style","image_topic","nature_relation","object_localization","ocr","physical_property_reasoning","physical_relation","social_relation","spatial_relationship","structuralized_imagetext_understanding"
"dev","0.26804123711340205","0.2562814070351759","0.40202702702702703","0.23776223776223776","0.29692832764505117","0.11016949152542373","0.06956521739130435","0.4444444444444444","0.18181818181818182","0.4189189189189189","0.36363636363636365","0.20253164556962025","0.175","0.4444444444444444","0.36","0.07547169811320754","0.6346153846153846","0.3018867924528302","0.4166666666666667","0.020833333333333332","0.1111111111111111","0.28205128205128205","0.2","0.125","0.09302325581395349","0.044444444444444446","0.07692307692307693"
