{
    "Bleu": [
        62.79037195622036,
        43.163553388873005,
        29.675871796944296,
        20.612230945647784
    ],
    "ROUGE_L": 44.48603989953271,
    "CIDEr": 53.10933737455164
}