"split","Overall","Instance Attributes","Instance Identity","Instance Interaction","Instance Location","Instances Counting","Scene Understanding","Spatial Relation","Text Understanding","Visual Reasoning"
"none","0.4324761101742552","0.4628952462895246","0.4440196613872201","0.5154639175257731","0.3997955010224949","0.3130363710666122","0.5148828372387587","0.3165905631659056","0.2261904761904762","0.39274924471299094"
