"split","Overall","acc","precision","recall"
"Overall","76.5922920892495","80.76666666666667","97.82383419689118","62.93333333333333"
"adversarial","76.00644122383252","80.13333333333334","95.9349593495935","62.93333333333333"
"popular","76.5922920892495","80.76666666666667","97.82383419689118","62.93333333333333"
"random","77.18724448078494","81.39999999999999","99.78858350951374","62.93333333333333"
