"split","Overall","AR","CP","FP-C","FP-S","LR","RR","action_recognition","attribute_comparison","attribute_recognition","celebrity_recognition","function_reasoning","future_prediction","identity_reasoning","image_emotion","image_quality","image_scene","image_style","image_topic","nature_relation","object_localization","ocr","physical_property_reasoning","physical_relation","social_relation","spatial_relationship","structuralized_imagetext_understanding"
"dev","0.6365979381443299","0.6834170854271356","0.7736486486486487","0.5314685314685315","0.6518771331058021","0.2627118644067797","0.6782608695652174","0.8888888888888888","0.36363636363636365","0.8918918918918919","0.696969696969697","0.7215189873417721","0.175","0.9111111111111111","0.62","0.5471698113207547","0.9134615384615384","0.8679245283018868","0.7777777777777778","0.5","0.4074074074074074","0.5897435897435898","0.5066666666666667","0.6666666666666666","0.8837209302325582","0.26666666666666666","0.3076923076923077"
