"split","Overall","Instance Attributes","Instance Identity","Instance Interaction","Instance Location","Instances Counting","Scene Understanding","Spatial Relation","Text Understanding","Visual Reasoning"
"none","0.6924536256323778","0.7276833727683373","0.7083560895685418","0.6804123711340206","0.6298568507157464","0.6007355946056395","0.7517416086130463","0.5403348554033486","0.5833333333333334","0.7401812688821753"
