"Overall","choose","compare","logical","query","verify"
"11.138495786293529","10.274579273693533","7.809847198641766","27.953410981697168","6.201322556943424","13.898756660746002"
