"split","Overall","acc","precision","recall"
"Overall","82.92919495635306","84.35555555555555","91.2486659551761","76.0"
"popular","83.0298616168973","84.46666666666667","91.49277688603532","76.0"
"adversarial","80.9659090909091","82.13333333333334","86.62613981762918","76.0"
"random","84.88458674609085","86.46666666666667","96.12141652613828","76.0"
