"Overall","choose","compare","logical","query","verify"
"52.01939895054858","74.31355181576616","54.66893039049236","68.99611758180811","35.37105069801616","76.86500888099467"
