"split","Overall","AR","CP","FP-C","FP-S","LR","RR","action_recognition","attribute_comparison","attribute_recognition","celebrity_recognition","function_reasoning","future_prediction","identity_reasoning","image_emotion","image_quality","image_scene","image_style","image_topic","nature_relation","object_localization","ocr","physical_property_reasoning","physical_relation","social_relation","spatial_relationship","structuralized_imagetext_understanding"
"dev","0.41323024054982815","0.36683417085427134","0.5709459459459459","0.36363636363636365","0.48464163822525597","0.16101694915254236","0.22608695652173913","0.7222222222222222","0.1590909090909091","0.4594594594594595","0.7878787878787878","0.3291139240506329","0.225","0.6888888888888889","0.5","0.07547169811320754","0.7692307692307693","0.6226415094339622","0.75","0.22916666666666666","0.16049382716049382","0.4358974358974359","0.21333333333333335","0.16666666666666666","0.2558139534883721","0.13333333333333333","0.1282051282051282"
