"split","Overall","Accounting","Agriculture","Architecture_and_Engineering","Art","Art_Theory","Basic_Medical_Science","Biology","Chemistry","Clinical_Medicine","Computer_Science","Design","Diagnostics_and_Laboratory_Medicine","Economics","Electronics","Energy_and_Power","Finance","Geography","History","Literature","Manage","Marketing","Materials","Math","Mechanical_Engineering","Music","Pharmacy","Physics","Psychology","Public_Health","Sociology","Art & Design","Business","Health & Medicine","Humanities & Social Science","Science","Tech & Engineering"
"dev","0.23333333333333334","0.2","0.2","0.2","0.4","0.4","0.4","0.4","0.0","0.0","0.2","0.4","0.2","0.2","0.2","0.2","0.0","0.0","0.6","0.6","0.4","0.0","0.2","0.0","0.0","0.2","0.2","0.0","0.4","0.2","0.6","0.35","0.16","0.2","0.55","0.08","0.17142857142857143"
"validation","0.26555555555555554","0.23333333333333334","0.26666666666666666","0.26666666666666666","0.43333333333333335","0.36666666666666664","0.36666666666666664","0.16666666666666666","0.2","0.26666666666666666","0.26666666666666666","0.6","0.2","0.2","0.1","0.2","0.13333333333333333","0.1","0.4","0.7666666666666667","0.2","0.23333333333333334","0.16666666666666666","0.16666666666666666","0.16666666666666666","0.23333333333333334","0.16666666666666666","0.13333333333333333","0.23333333333333334","0.3333333333333333","0.4","0.4083333333333333","0.2","0.26666666666666666","0.45","0.15333333333333332","0.20476190476190476"
