{
    "Bleu": [
        73.32389523713069,
        55.833679463248245,
        41.48217208853661,
        30.656172468021992
    ],
    "ROUGE_L": 52.51312608026117,
    "CIDEr": 87.92256805390487
}