"Overall","choose","compare","logical","query","verify"
"46.77214183494991","71.74490699734278","57.045840407470294","69.10704381586245","28.567229977957386","68.69449378330373"
