"split","Overall","Instance Attributes","Instance Identity","Instance Interaction","Instance Location","Instances Counting","Scene Understanding","Spatial Relation","Text Understanding","Visual Reasoning"
"none","0.5465851602023609","0.6022800602280061","0.539595849262698","0.5463917525773195","0.5102249488752556","0.4818144666939109","0.5430652311589613","0.558599695585997","0.6904761904761905","0.36253776435045315"
