"perception","reasoning","OCR","artwork","celebrity","code_reasoning","color","commonsense_reasoning","count","existence","landmark","numerical_calculation","position","posters","scene","text_translation"
"1139.0873349339736","614.6428571428571","152.5","69.25","93.23529411764706","167.5","141.66666666666666","132.14285714285714","91.66666666666666","123.33333333333333","86.25","115.0","93.33333333333333","155.10204081632654","132.75","200.0"
