"split","Overall","acc","precision","recall"
"Overall","78.71070433744528","82.16666666666667","97.63079960513326","65.93333333333334"
"popular","78.64811133200796","82.1","97.4384236453202","65.93333333333334"
"adversarial","78.15092848676412","81.56666666666666","95.92628516003879","65.93333333333334"
"random","79.34215804251905","82.83333333333334","99.59718026183283","65.93333333333334"
