"split","Overall","AR","CP","FP-C","FP-S","LR","RR","action_recognition","attribute_comparison","attribute_recognition","celebrity_recognition","function_reasoning","future_prediction","identity_reasoning","image_emotion","image_quality","image_scene","image_style","image_topic","nature_relation","object_localization","ocr","physical_property_reasoning","physical_relation","social_relation","spatial_relationship","structuralized_imagetext_understanding"
"dev","0.6554982817869416","0.6934673366834171","0.7905405405405406","0.5314685314685315","0.6928327645051194","0.288135593220339","0.6782608695652174","0.8888888888888888","0.4090909090909091","0.9054054054054054","0.7676767676767676","0.7088607594936709","0.2","0.9333333333333333","0.7","0.5471698113207547","0.9230769230769231","0.8867924528301887","0.75","0.5416666666666666","0.4444444444444444","0.6153846153846154","0.5333333333333333","0.625","0.8604651162790697","0.2222222222222222","0.3333333333333333"
