"split","Overall","Instance Attributes","Instance Identity","Instance Interaction","Instance Location","Instances Counting","Scene Understanding","Spatial Relation","Text Understanding","Visual Reasoning"
"none","0.7017987633501968","0.7388685738868573","0.7187329328235936","0.6391752577319587","0.6349693251533742","0.6060482223130363","0.7612412919569348","0.5540334855403348","0.5952380952380952","0.7643504531722054"
