"Overall","choose","compare","logical","query","verify"
"13.921132135474638","13.374667847652791","9.168081494057725","32.945091514143094","7.876561351947098","18.47246891651865"
