"Overall","choose","compare","logical","query","verify"
"56.733979965018285","80.33658104517272","61.96943972835314","73.82140876317249","40.308596620132256","79.48490230905861"
