"split","Overall","AR","CP","FP-C","FP-S","LR","RR","action_recognition","attribute_comparison","attribute_recognition","celebrity_recognition","function_reasoning","future_prediction","identity_reasoning","image_emotion","image_quality","image_scene","image_style","image_topic","nature_relation","object_localization","ocr","physical_property_reasoning","physical_relation","social_relation","spatial_relationship","structuralized_imagetext_understanding"
"dev","0.7723367697594502","0.8140703517587939","0.8817567567567568","0.6433566433566433","0.78839590443686","0.5677966101694916","0.7478260869565218","0.8333333333333334","0.6818181818181818","0.8918918918918919","0.9090909090909091","0.8481012658227848","0.45","0.9555555555555556","0.76","0.6981132075471698","0.9807692307692307","0.9245283018867925","0.9722222222222222","0.7083333333333334","0.5061728395061729","0.8717948717948718","0.6933333333333334","0.5","0.9302325581395349","0.37777777777777777","0.6282051282051282"
