"split","Overall","acc","precision","recall"
"Overall","81.92133131618759","84.06666666666666","94.66783216783216","72.2"
"adversarial","80.52044609665427","82.53333333333333","91.00840336134453","72.2"
"popular","81.98334595003784","84.13333333333334","94.8336252189142","72.2"
"random","83.30769230769232","85.53333333333333","98.45454545454545","72.2"
