"split","Overall","Instance Attributes","Instance Identity","Instance Interaction","Instance Location","Instances Counting","Scene Understanding","Spatial Relation","Text Understanding","Visual Reasoning"
"none","0.7112141652613828","0.7289739728973973","0.736209721463681","0.7010309278350515","0.6513292433537833","0.636697997548018","0.7625079164027866","0.6103500761035008","0.7142857142857143","0.7643504531722054"
