"split","Overall","acc","precision","recall"
"Overall","82.06412825651303","84.08888888888889","94.02985074626866","72.8"
"adversarial","81.03896103896103","82.96666666666667","91.3807531380753","72.8"
"popular","81.88976377952756","83.89999999999999","93.573264781491","72.8"
"random","83.29519450800915","85.39999999999999","97.32620320855615","72.8"
