"split","Overall","AR","CP","FP-C","FP-S","LR","RR","action_recognition","attribute_comparison","attribute_recognition","celebrity_recognition","function_reasoning","future_prediction","identity_reasoning","image_emotion","image_quality","image_scene","image_style","image_topic","nature_relation","object_localization","ocr","physical_property_reasoning","physical_relation","social_relation","spatial_relationship","structuralized_imagetext_understanding"
"dev","0.5627147766323024","0.6381909547738693","0.7263513513513513","0.44755244755244755","0.5870307167235495","0.22033898305084745","0.4434782608695652","0.7407407407407407","0.4318181818181818","0.7702702702702703","0.6161616161616161","0.7468354430379747","0.175","0.9111111111111111","0.66","0.49056603773584906","0.9326923076923077","0.6415094339622641","0.6944444444444444","0.2916666666666667","0.4074074074074074","0.5384615384615384","0.36","0.25","0.7209302325581395","0.1111111111111111","0.24358974358974358"
