"split","Overall","Instance Attributes","Instance Identity","Instance Interaction","Instance Location","Instances Counting","Scene Understanding","Spatial Relation","Text Understanding","Visual Reasoning"
"none","0.6554946599213041","0.696493869649387","0.6744948115783724","0.5463917525773195","0.5828220858895705","0.5480179812014712","0.7314756174794174","0.45662100456621","0.5714285714285714","0.7069486404833837"
