"Overall","choose","compare","logical","query","verify"
"10.407059945937352","18.24623560673162","5.942275042444821","35.60732113144759","1.4842027920646583","14.431616341030196"
