"split","Overall","Instance Attributes","Instance Identity","Instance Interaction","Instance Location","Instances Counting","Scene Understanding","Spatial Relation","Text Understanding","Visual Reasoning"
"none","0.713813940415964","0.7240266724026673","0.724194429273621","0.7216494845360825","0.6779141104294478","0.6309767061708215","0.7748575047498417","0.6438356164383562","0.7619047619047619","0.7734138972809668"
