"split","Overall","AR","CP","FP-C","FP-S","LR","RR","action_recognition","attribute_comparison","attribute_recognition","celebrity_recognition","function_reasoning","future_prediction","identity_reasoning","image_emotion","image_quality","image_scene","image_style","image_topic","nature_relation","object_localization","ocr","physical_property_reasoning","physical_relation","social_relation","spatial_relationship","structuralized_imagetext_understanding"
"dev","0.7689003436426117","0.8040201005025126","0.8243243243243243","0.6923076923076923","0.8054607508532423","0.5169491525423728","0.8260869565217391","0.8333333333333334","0.7045454545454546","0.9459459459459459","0.8383838383838383","0.8734177215189873","0.675","0.9555555555555556","0.76","0.7169811320754716","0.9711538461538461","0.6981132075471698","0.8333333333333334","0.7083333333333334","0.654320987654321","0.7692307692307693","0.64","0.875","0.9302325581395349","0.5111111111111111","0.4358974358974359"
