"Overall","choose","compare","logical","query","verify"
"47.567180791858796","51.28432240921169","56.02716468590832","72.3793677204659","33.299044819985305","66.74067495559503"
