"split","Overall","acc","precision","recall"
"Overall","84.28674873280232","85.53333333333333","92.23454833597464","77.60000000000001"
"random","86.44634236910508","87.83333333333333","97.56915339480302","77.60000000000001"
"popular","84.3783979702791","85.63333333333333","92.45432883240667","77.60000000000001"
"adversarial","82.1453775582216","83.13333333333334","87.25637181409296","77.60000000000001"
