"split","Overall","acc","precision","recall"
"Overall","82.18773096821877","83.93333333333334","92.2056384742952","74.13333333333333"
"random","84.05139833711263","85.93333333333332","97.03315881326353","74.13333333333333"
"popular","81.91528545119706","83.63333333333334","91.52263374485597","74.13333333333333"
"adversarial","80.66739209285456","82.23333333333333","88.46459824980111","74.13333333333333"
