"split","Overall","Instance Attributes","Instance Identity","Instance Interaction","Instance Location","Instances Counting","Scene Understanding","Spatial Relation","Text Understanding","Visual Reasoning"
"none","0.7054525014052838","0.7253172725317273","0.7231021299836156","0.7010309278350515","0.6431492842535788","0.6260727421332244","0.7618746041798606","0.6057838660578386","0.6785714285714286","0.7673716012084593"
