"Overall","choose","compare","logical","query","verify"
"55.30290984258228","79.00797165633304","61.96943972835314","73.26677759290072","38.66274797942689","77.57548845470693"
