"split","Overall","AR","CP","FP-C","FP-S","LR","RR","action_recognition","attribute_comparison","attribute_recognition","celebrity_recognition","function_reasoning","future_prediction","identity_reasoning","image_emotion","image_quality","image_scene","image_style","image_topic","nature_relation","object_localization","ocr","physical_property_reasoning","physical_relation","social_relation","spatial_relationship","structuralized_imagetext_understanding"
"dev","0.7620274914089347","0.8190954773869347","0.8243243243243243","0.6853146853146853","0.7747440273037542","0.635593220338983","0.6956521739130435","0.8888888888888888","0.7272727272727273","0.8513513513513513","0.898989898989899","0.8481012658227848","0.55","0.9777777777777777","0.74","0.660377358490566","0.9711538461538461","0.7169811320754716","0.9166666666666666","0.6875","0.5185185185185185","0.8461538461538461","0.6933333333333334","0.4166666666666667","0.8604651162790697","0.4","0.6794871794871795"
