"Overall","choose","compare","logical","query","verify"
"55.612975035776756","83.348095659876","66.893039049236","74.2651136993899","38.07494489346069","76.82060390763765"
