"split","Overall","Instance Attributes","Instance Identity","Instance Interaction","Instance Location","Instances Counting","Scene Understanding","Spatial Relation","Text Understanding","Visual Reasoning"
"none","0.7237211916807195","0.7403742740374274","0.7340251228836702","0.7628865979381443","0.6881390593047034","0.6485492439722109","0.7745408486383787","0.6164383561643836","0.7619047619047619","0.8006042296072508"
