"split","Overall","acc","precision","recall"
"Overall","86.51505838967424","87.8111111111111","96.80880330123797","78.2"
"popular","86.66420391577392","87.96666666666667","97.1830985915493","78.2"
"random","87.244328746746","88.56666666666668","98.65433137089991","78.2"
"adversarial","85.65169769989048","86.9","94.67312348668281","78.2"
