"Overall","choose","compare","logical","query","verify"
"52.53617427253936","80.33658104517272","60.78098471986417","69.99445368829728","35.59147685525349","73.66785079928952"
