"split","Overall","Instance Attributes","Instance Identity","Instance Interaction","Instance Location","Instances Counting","Scene Understanding","Spatial Relation","Text Understanding","Visual Reasoning"
"none","0.6091202922990444","0.6775650677565068","0.6122337520480612","0.5979381443298969","0.5961145194274029","0.5570085819370658","0.584863837872071","0.5905631659056316","0.6666666666666666","0.311178247734139"
