"split","Overall","acc","precision","recall"
"Overall","75.42113323124043","78.60000000000001","88.57913669064749","65.66666666666666"
"random","78.01980198019801","81.5","96.09756097560975","65.66666666666666"
"adversarial","73.83808095952024","76.73333333333333","84.33219178082192","65.66666666666666"
"popular","74.53651153991676","77.56666666666666","86.17672790901138","65.66666666666666"
