"split","Overall","Instance Attributes","Instance Identity","Instance Interaction","Instance Location","Instances Counting","Scene Understanding","Spatial Relation","Text Understanding","Visual Reasoning"
"none","0.6760820685778527","0.697569369756937","0.7132714363735664","0.6804123711340206","0.5695296523517382","0.5864323661626482","0.7495250158328056","0.512937595129376","0.7619047619047619","0.7462235649546828"
