"Overall","choose","compare","logical","query","verify"
"50.38161869931626","75.11071744906998","55.68760611205433","71.27010537992236","32.43203526818515","74.11190053285968"
