"split","Overall","acc","precision","recall"
"Overall","84.85642797569403","85.87777777777778","91.4718725918315","79.13333333333334"
"random","87.02346041055719","88.2","96.66123778501628","79.13333333333334"
"adversarial","82.92001397135871","83.7","87.08730741012472","79.13333333333334"
"popular","84.72519628836545","85.73333333333333","91.16743471582181","79.13333333333334"
