"split","Overall","AR","CP","FP-C","FP-S","LR","RR","action_recognition","attribute_comparison","attribute_recognition","celebrity_recognition","function_reasoning","future_prediction","identity_reasoning","image_emotion","image_quality","image_scene","image_style","image_topic","nature_relation","object_localization","ocr","physical_property_reasoning","physical_relation","social_relation","spatial_relationship","structuralized_imagetext_understanding"
"dev","0.6932989690721649","0.7989949748743719","0.8412162162162162","0.5034965034965035","0.7235494880546075","0.3898305084745763","0.6","0.8703703703703703","0.38636363636363635","0.8783783783783784","0.7272727272727273","0.8227848101265823","0.25","0.9555555555555556","0.82","0.6981132075471698","0.9807692307692307","0.6981132075471698","0.8888888888888888","0.4583333333333333","0.5925925925925926","0.6923076923076923","0.68","0.5","0.813953488372093","0.17777777777777778","0.46153846153846156"
