"Overall","choose","compare","logical","query","verify"
"43.86229925266338","70.23914968999114","59.9320882852292","64.94731003882418","25.951506245407792","63.676731793960926"
