"split","Overall","Instance Attributes","Instance Identity","Instance Interaction","Instance Location","Instances Counting","Scene Understanding","Spatial Relation","Text Understanding","Visual Reasoning"
"none","0.5482012366498032","0.5556033555603356","0.5472419442927362","0.5876288659793815","0.4948875255623722","0.4773191663261136","0.6086130462317922","0.5053272450532724","0.6666666666666666","0.5981873111782477"
