"split","Overall","acc","precision","recall"
"Overall","63.67809883877938","70.11111111111111","81.1424638678596","52.400000000000006"
"random","66.723259762309","73.86666666666667","91.82242990654206","52.400000000000006"
"popular","62.55471547950657","68.63333333333334","77.5913129318855","52.400000000000006"
"adversarial","61.962948364209694","67.83333333333333","75.79556412729026","52.400000000000006"
