"split","Overall","AR","CP","FP-C","FP-S","LR","RR","action_recognition","attribute_comparison","attribute_recognition","celebrity_recognition","function_reasoning","future_prediction","identity_reasoning","image_emotion","image_quality","image_scene","image_style","image_topic","nature_relation","object_localization","ocr","physical_property_reasoning","physical_relation","social_relation","spatial_relationship","structuralized_imagetext_understanding"
"dev","0.770618556701031","0.7135678391959799","0.8648648648648649","0.7412587412587412","0.8020477815699659","0.576271186440678","0.782608695652174","0.9074074074074074","0.7272727272727273","0.918918918918919","0.9292929292929293","0.8481012658227848","0.55","0.9777777777777777","0.78","0.6981132075471698","0.9711538461538461","0.8679245283018868","0.9166666666666666","0.7916666666666666","0.5802469135802469","0.717948717948718","0.41333333333333333","0.5833333333333334","0.8837209302325582","0.5555555555555556","0.5897435897435898"
