"split","Overall","Instance Attributes","Instance Identity","Instance Interaction","Instance Location","Instances Counting","Scene Understanding","Spatial Relation","Text Understanding","Visual Reasoning"
"none","0.7568858909499719","0.7773714777371478","0.7815401419989078","0.8041237113402062","0.7065439672801636","0.688189619942787","0.8017732742241925","0.6286149162861492","0.7857142857142857","0.7945619335347432"
