"Overall","choose","compare","logical","query","verify"
"58.538718397201464","84.76527900797166","71.30730050933785","76.4281752634498","41.14621601763409","80.28419182948491"
