"split","Overall","acc","precision","recall"
"Overall","82.46192893401015","84.64444444444445","96.12426035502959","72.2"
"adversarial","81.36739293764089","83.46666666666667","93.20137693631669","72.2"
"popular","82.5142857142857","84.7","96.26666666666667","72.2"
"random","83.53258773621288","85.76666666666667","99.08508691674291","72.2"
