"split","Overall","Instance Attributes","Instance Identity","Instance Interaction","Instance Location","Instances Counting","Scene Understanding","Spatial Relation","Text Understanding","Visual Reasoning"
"none","0.6644182124789207","0.702301570230157","0.6586564718732932","0.6494845360824743","0.5940695296523517","0.5590519002860646","0.740658644711843","0.532724505327245","0.6071428571428571","0.7039274924471299"
