"split","Overall","AR","CP","FP-C","FP-S","LR","RR","action_recognition","attribute_comparison","attribute_recognition","celebrity_recognition","function_reasoning","future_prediction","identity_reasoning","image_emotion","image_quality","image_scene","image_style","image_topic","nature_relation","object_localization","ocr","physical_property_reasoning","physical_relation","social_relation","spatial_relationship","structuralized_imagetext_understanding"
"dev","0.6048109965635738","0.6633165829145728","0.7263513513513513","0.4825174825174825","0.6382252559726962","0.2711864406779661","0.6","0.8148148148148148","0.36363636363636365","0.8918918918918919","0.6868686868686869","0.7215189873417721","0.175","0.9111111111111111","0.62","0.5471698113207547","0.8846153846153846","0.7547169811320755","0.6388888888888888","0.3958333333333333","0.38271604938271603","0.5641025641025641","0.4533333333333333","0.6666666666666666","0.7906976744186046","0.2","0.32051282051282054"
