"split","Overall","acc","precision","recall"
"Overall","72.61572783045176","78.17777777777778","97.45508982035929","57.86666666666667"
"random","73.18718381112986","78.8","99.54128440366972","57.86666666666667"
"adversarial","72.18295218295219","77.7","95.91160220994475","57.86666666666667"
"popular","72.48434237995825","78.03333333333333","96.98324022346368","57.86666666666667"
