"Overall","choose","compare","logical","query","verify"
"10.375258387660995","10.45172719220549","8.149405772495756","25.901275651691623","5.481263776634828","13.277087033747781"
