"split","Overall","acc","precision","recall"
"Overall","63.55353075170843","71.55555555555554","88.4310618066561","49.6"
"popular","63.29221607826456","71.23333333333333","87.42655699177439","49.6"
"random","65.23454625164402","73.56666666666666","95.26248399487837","49.6"
"adversarial","62.207357859531776","69.86666666666666","83.40807174887892","49.6"
