"split","Overall","Instance Attributes","Instance Identity","Instance Interaction","Instance Location","Instances Counting","Scene Understanding","Spatial Relation","Text Understanding","Visual Reasoning"
"none","0.6114390106801574","0.6360507636050764","0.6127799016930638","0.6288659793814433","0.556237218813906","0.5251328156926849","0.6697276757441418","0.532724505327245","0.6309523809523809","0.649546827794562"
