"split","Overall","AR","CP","FP-C","FP-S","LR","RR","action_recognition","attribute_comparison","attribute_recognition","celebrity_recognition","function_reasoning","future_prediction","identity_reasoning","image_emotion","image_quality","image_scene","image_style","image_topic","nature_relation","object_localization","ocr","physical_property_reasoning","physical_relation","social_relation","spatial_relationship","structuralized_imagetext_understanding"
"dev","0.6176975945017182","0.6231155778894473","0.6959459459459459","0.6503496503496503","0.6348122866894198","0.3813559322033898","0.5652173913043478","0.7592592592592593","0.6818181818181818","0.7837837837837838","0.7575757575757576","0.759493670886076","0.5","0.8444444444444444","0.54","0.7547169811320755","0.8846153846153846","0.4339622641509434","0.6666666666666666","0.5208333333333334","0.43209876543209874","0.46153846153846156","0.3466666666666667","0.5416666666666666","0.627906976744186","0.4888888888888889","0.32051282051282054"
