"Overall","choose","compare","logical","query","verify"
"47.32071871521705","75.28786536758193","62.30899830220713","66.22296173044924","29.977957384276266","66.65186500888099"
