"split","Overall","AR","CP","FP-C","FP-S","LR","RR","action_recognition","attribute_comparison","attribute_recognition","celebrity_recognition","function_reasoning","future_prediction","identity_reasoning","image_emotion","image_quality","image_scene","image_style","image_topic","nature_relation","object_localization","ocr","physical_property_reasoning","physical_relation","social_relation","spatial_relationship","structuralized_imagetext_understanding"
"dev","0.5738831615120275","0.6432160804020101","0.7263513513513513","0.45454545454545453","0.6040955631399317","0.2288135593220339","0.48695652173913045","0.7592592592592593","0.4318181818181818","0.8648648648648649","0.6262626262626263","0.759493670886076","0.175","0.9111111111111111","0.62","0.49056603773584906","0.9230769230769231","0.6981132075471698","0.6944444444444444","0.3333333333333333","0.35802469135802467","0.5641025641025641","0.36","0.375","0.7209302325581395","0.1111111111111111","0.2564102564102564"
