"split","Overall","acc","precision","recall"
"Overall","82.34410217881292","84.33333333333334","94.32013769363166","73.06666666666666"
"popular","82.40601503759399","84.39999999999999","94.48275862068965","73.06666666666666"
"adversarial","81.27549128661477","83.16666666666667","91.56223893065997","73.06666666666666"
"random","83.37771015595283","85.43333333333332","97.0770593445527","73.06666666666666"
