"Overall","choose","compare","logical","query","verify"
"10.256002544124662","18.777679362267495","6.112054329371817","34.71991125901276","1.4107274063188833","14.209591474245114"
