"split","Overall","Instance Attributes","Instance Identity","Instance Interaction","Instance Location","Instances Counting","Scene Understanding","Spatial Relation","Text Understanding","Visual Reasoning"
"none","0.65296514896009","0.695848569584857","0.6744948115783724","0.5567010309278351","0.5736196319018405","0.5439313445034737","0.7238758708043065","0.471841704718417","0.5952380952380952","0.6978851963746223"
