"split","Overall","acc","precision","recall"
"Overall","86.158452326117","86.64444444444445","89.41204588910135","83.13333333333334"
"random","89.03962870403429","89.76666666666667","95.84934665641815","83.13333333333334"
"adversarial","83.88832828792467","84.03333333333333","84.65716225390359","83.13333333333334"
"popular","85.70446735395188","86.13333333333333","88.43971631205673","83.13333333333334"
