"Overall","choose","compare","logical","query","verify"
"41.4851327715058","50.752878653675815","36.16298811544992","57.12701053799224","33.32843497428362","50.35523978685613"
