"split","Overall","Instance Attributes","Instance Identity","Instance Interaction","Instance Location","Instances Counting","Scene Understanding","Spatial Relation","Text Understanding","Visual Reasoning"
"none","0.7021500843170321","0.7195095719509572","0.7214636810486074","0.7628865979381443","0.621676891615542","0.6272987331426236","0.7682077264091197","0.5525114155251142","0.8095238095238095","0.7643504531722054"
