"split","Overall","AR","CP","FP-C","FP-S","LR","RR","action_recognition","attribute_comparison","attribute_recognition","celebrity_recognition","function_reasoning","future_prediction","identity_reasoning","image_emotion","image_quality","image_scene","image_style","image_topic","nature_relation","object_localization","ocr","physical_property_reasoning","physical_relation","social_relation","spatial_relationship","structuralized_imagetext_understanding"
"dev","0.7680412371134021","0.8492462311557789","0.831081081081081","0.6433566433566433","0.7952218430034129","0.5677966101694916","0.7565217391304347","0.8703703703703703","0.7727272727272727","0.918918918918919","0.8181818181818182","0.8734177215189873","0.4","1.0","0.72","0.7169811320754716","0.9807692307692307","0.7547169811320755","0.8333333333333334","0.6458333333333334","0.6172839506172839","0.8717948717948718","0.7333333333333333","0.7083333333333334","0.9069767441860465","0.24444444444444444","0.6538461538461539"
