"split","Overall","acc","precision","recall"
"Overall","88.963133640553","89.35555555555555","92.36842105263158","85.8"
"popular","88.81987577639751","89.2","92.06008583690986","85.8"
"adversarial","86.75429726996967","86.9","87.73006134969326","85.8"
"random","91.43872113676733","91.96666666666667","97.87072243346007","85.8"
