"split","Overall","acc","precision","recall"
"Overall","65.5512548383069","69.34444444444445","74.80763750356226","58.333333333333336"
"popular","64.36189775652814","67.7","71.78014766201805","58.333333333333336"
"adversarial","63.22254335260116","66.06666666666666","69.00630914826499","58.333333333333336"
"random","69.38937351308486","74.26666666666667","85.61643835616438","58.333333333333336"
