"Overall","choose","compare","logical","query","verify"
"44.10081093973604","68.64481842338353","57.215619694397276","67.16583471991126","25.71638501102131","65.45293072824157"
