"split","Overall","Instance Attributes","Instance Identity","Instance Interaction","Instance Location","Instances Counting","Scene Understanding","Spatial Relation","Text Understanding","Visual Reasoning"
"none","0.4931141090500281","0.5355990535599053","0.4751501911523758","0.4948453608247423","0.48261758691206547","0.44585206375153247","0.49430018999366687","0.5007610350076104","0.6428571428571429","0.311178247734139"
