"split","Overall","AR","CP","FP-C","FP-S","LR","RR","action_recognition","attribute_comparison","attribute_recognition","celebrity_recognition","function_reasoning","future_prediction","identity_reasoning","image_emotion","image_quality","image_scene","image_style","image_topic","nature_relation","object_localization","ocr","physical_property_reasoning","physical_relation","social_relation","spatial_relationship","structuralized_imagetext_understanding"
"dev","0.33419243986254293","0.3768844221105528","0.4155405405405405","0.4825174825174825","0.32764505119453924","0.11016949152542373","0.11304347826086956","0.6481481481481481","0.38636363636363635","0.4864864864864865","0.15151515151515152","0.5063291139240507","0.15","0.6222222222222222","0.48","0.07547169811320754","0.5576923076923077","0.2641509433962264","0.6388888888888888","0.14583333333333334","0.2716049382716049","0.5897435897435898","0.09333333333333334","0.08333333333333333","0.09302325581395349","0.37777777777777777","0.08974358974358974"
