"split","Overall","acc","precision","recall"
"Overall","75.2542372881356","78.91111111111111","91.0410094637224","64.13333333333333"
"popular","75.09758001561279","78.73333333333333","90.58380414312617","64.13333333333333"
"random","76.65338645418328","80.46666666666667","95.24752475247524","64.13333333333333"
"adversarial","74.05696689761355","77.53333333333333","87.61384335154827","64.13333333333333"
