"split","Overall","AR","CP","FP-C","FP-S","LR","RR","action_recognition","attribute_comparison","attribute_recognition","celebrity_recognition","function_reasoning","future_prediction","identity_reasoning","image_emotion","image_quality","image_scene","image_style","image_topic","nature_relation","object_localization","ocr","physical_property_reasoning","physical_relation","social_relation","spatial_relationship","structuralized_imagetext_understanding"
"dev","0.48109965635738833","0.5979899497487438","0.6114864864864865","0.3916083916083916","0.46075085324232085","0.2288135593220339","0.3652173913043478","0.5740740740740741","0.4090909090909091","0.6756756756756757","0.42424242424242425","0.7215189873417721","0.225","0.8444444444444444","0.5","0.4528301886792453","0.8653846153846154","0.39622641509433965","0.5833333333333334","0.14583333333333334","0.2839506172839506","0.5128205128205128","0.32","0.20833333333333334","0.6976744186046512","0.15555555555555556","0.23076923076923078"
