"split","Overall","acc","precision","recall"
"Overall","86.3013698630137","87.1111111111111","92.0866935483871","81.2"
"random","88.61404146962532","89.56666666666668","97.51801441152922","81.2"
"popular","86.59793814432992","87.43333333333332","92.76466108149276","81.2"
"adversarial","83.82656572608397","84.33333333333334","86.62873399715505","81.2"
