"split","Overall","AR","CP","FP-C","FP-S","LR","RR","action_recognition","attribute_comparison","attribute_recognition","celebrity_recognition","function_reasoning","future_prediction","identity_reasoning","image_emotion","image_quality","image_scene","image_style","image_topic","nature_relation","object_localization","ocr","physical_property_reasoning","physical_relation","social_relation","spatial_relationship","structuralized_imagetext_understanding"
"dev","0.7010309278350515","0.7839195979899497","0.831081081081081","0.5314685314685315","0.7542662116040956","0.3983050847457627","0.6086956521739131","0.9074074074074074","0.38636363636363635","0.918918918918919","0.7777777777777778","0.810126582278481","0.25","0.9555555555555556","0.82","0.660377358490566","0.9711538461538461","0.660377358490566","0.9444444444444444","0.4166666666666667","0.6172839506172839","0.6666666666666666","0.6533333333333333","0.5833333333333334","0.8372093023255814","0.2222222222222222","0.47435897435897434"
