"Overall","choose","compare","logical","query","verify"
"44.98330418190491","72.01062887511071","62.98811544991511","65.66833056017748","26.95077149155033","64.65364120781527"
