"split","Overall","Instance Attributes","Instance Identity","Instance Interaction","Instance Location","Instances Counting","Scene Understanding","Spatial Relation","Text Understanding","Visual Reasoning"
"none","0.5776419336706015","0.6052914605291461","0.5669033315128346","0.6597938144329897","0.5071574642126789","0.4822231303637107","0.6431285623812539","0.4901065449010654","0.7380952380952381","0.6465256797583081"
