"split","Overall","AR","CP","FP-C","FP-S","LR","RR","action_recognition","attribute_comparison","attribute_recognition","celebrity_recognition","function_reasoning","future_prediction","identity_reasoning","image_emotion","image_quality","image_scene","image_style","image_topic","nature_relation","object_localization","ocr","physical_property_reasoning","physical_relation","social_relation","spatial_relationship","structuralized_imagetext_understanding"
"dev","0.5541237113402062","0.5477386934673367","0.6858108108108109","0.5664335664335665","0.5460750853242321","0.3135593220338983","0.4782608695652174","0.7222222222222222","0.5681818181818182","0.6216216216216216","0.6363636363636364","0.7088607594936709","0.35","0.6888888888888889","0.64","0.6415094339622641","0.8269230769230769","0.4528301886792453","0.75","0.4166666666666667","0.41975308641975306","0.4358974358974359","0.29333333333333333","0.4583333333333333","0.5581395348837209","0.37777777777777777","0.2948717948717949"
