"split","Overall","acc","precision","recall"
"Overall","58.63077823288474","68.57777777777778","85.78767123287672","44.53333333333334"
"adversarial","57.48709122203097","67.06666666666666","81.06796116504854","44.53333333333334"
"random","60.343270099367665","70.73333333333333","93.55742296918767","44.53333333333334"
"popular","58.13751087902524","67.93333333333334","83.70927318295739","44.53333333333334"
