"split","Overall","acc","precision","recall"
"Overall","87.978772496539","88.42222222222222","91.4827255278311","84.73333333333333"
"random","90.55931599572497","91.16666666666666","97.24560061208875","84.73333333333333"
"popular","88.04987876688605","88.5","91.6366258111031","84.73333333333333"
"adversarial","85.47410894418293","85.6","86.22795115332428","84.73333333333333"
