"Overall","choose","compare","logical","query","verify"
"40.21307044045158","43.13551815766164","30.390492359932086","52.46810870770937","37.252020573108005","40.45293072824157"
