"split","Overall","AR","CP","FP-C","FP-S","LR","RR","action_recognition","attribute_comparison","attribute_recognition","celebrity_recognition","function_reasoning","future_prediction","identity_reasoning","image_emotion","image_quality","image_scene","image_style","image_topic","nature_relation","object_localization","ocr","physical_property_reasoning","physical_relation","social_relation","spatial_relationship","structuralized_imagetext_understanding"
"dev","0.7585910652920962","0.8291457286432161","0.8344594594594594","0.6503496503496503","0.7952218430034129","0.4745762711864407","0.7739130434782608","0.9074074074074074","0.7045454545454546","0.9594594594594594","0.8383838383838383","0.8860759493670886","0.425","0.9777777777777777","0.68","0.6792452830188679","0.9519230769230769","0.8679245283018868","0.8888888888888888","0.6666666666666666","0.6172839506172839","0.7435897435897436","0.68","0.75","0.9069767441860465","0.28888888888888886","0.5"
