"split","Overall","Instance Attributes","Instance Identity","Instance Interaction","Instance Location","Instances Counting","Scene Understanding","Spatial Relation","Text Understanding","Visual Reasoning"
"none","0.7296936481169196","0.7513443751344375","0.7542326597487712","0.7216494845360825","0.6748466257668712","0.6608091540662036","0.7783407219759342","0.5844748858447488","0.7976190476190477","0.770392749244713"
