"Overall","choose","compare","logical","query","verify"
"57.354110351407215","86.00531443755536","61.460101867572156","75.31891292290626","39.97060984570169","80.06216696269982"
