"split","Overall","AR","CP","FP-C","FP-S","LR","RR","action_recognition","attribute_comparison","attribute_recognition","celebrity_recognition","function_reasoning","future_prediction","identity_reasoning","image_emotion","image_quality","image_scene","image_style","image_topic","nature_relation","object_localization","ocr","physical_property_reasoning","physical_relation","social_relation","spatial_relationship","structuralized_imagetext_understanding"
"dev","0.5644329896907216","0.507537688442211","0.7263513513513513","0.7132867132867133","0.6484641638225256","0.16101694915254236","0.2608695652173913","0.9259259259259259","0.5909090909090909","0.8108108108108109","0.6464646464646465","0.7468354430379747","0.25","0.8888888888888888","0.8","0.16981132075471697","0.875","0.8113207547169812","0.8888888888888888","0.125","0.49382716049382713","0.6666666666666666","0.02666666666666667","0.25","0.4186046511627907","0.5777777777777777","0.11538461538461539"
