"split","Overall","acc","precision","recall"
"Overall","83.94849785407726","85.45555555555555","93.65253077975376","76.06666666666668"
"random","85.50018733608094","87.1","97.60479041916167","76.06666666666668"
"popular","83.77386196769457","85.26666666666667","93.21895424836602","76.06666666666668"
"adversarial","82.62128892107168","84.0","90.4120443740095","76.06666666666668"
