"split","Overall","Instance Attributes","Instance Identity","Instance Interaction","Instance Location","Instances Counting","Scene Understanding","Spatial Relation","Text Understanding","Visual Reasoning"
"none","0.6774170882518269","0.7457517745751775","0.6979792463134898","0.711340206185567","0.6758691206543967","0.6526358806702084","0.6263457884737176","0.6407914764079148","0.6785714285714286","0.3413897280966767"
