"split","Overall","Instance Attributes","Instance Identity","Instance Interaction","Instance Location","Instances Counting","Scene Understanding","Spatial Relation","Text Understanding","Visual Reasoning"
"none","0.684584035975267","0.700365670036567","0.7203713817586018","0.6907216494845361","0.5930470347648262","0.6060482223130363","0.7571247625079164","0.5159817351598174","0.7261904761904762","0.7462235649546828"
