"Overall","choose","compare","logical","query","verify"
"50.51677532199078","76.2621789193977","53.82003395585738","70.38269550748753","32.56429096252755","75.08880994671404"
