"split","Overall","Instance Attributes","Instance Identity","Instance Interaction","Instance Location","Instances Counting","Scene Understanding","Spatial Relation","Text Understanding","Visual Reasoning"
"none","0.6893620011242271","0.7580124758012475","0.7154560349535772","0.711340206185567","0.7034764826175869","0.6595831630568042","0.6314122862571248","0.6423135464231354","0.7142857142857143","0.39274924471299094"
