"split","Overall","acc","precision","recall"
"Overall","84.37268917919647","85.91111111111111","94.71499723298284","76.06666666666668"
"adversarial","83.04221251819506","84.46666666666667","91.42628205128204","76.06666666666668"
"popular","84.4559585492228","86.0","94.92512479201332","76.06666666666668"
"random","85.66066066066067","87.26666666666667","98.02405498281786","76.06666666666668"
