"Overall","choose","compare","logical","query","verify"
"58.30815709969789","85.3852967227635","63.3276740237691","76.65002773155851","41.0139603232917","80.99467140319716"
