"split","Overall","AR","CP","FP-C","FP-S","LR","RR","action_recognition","attribute_comparison","attribute_recognition","celebrity_recognition","function_reasoning","future_prediction","identity_reasoning","image_emotion","image_quality","image_scene","image_style","image_topic","nature_relation","object_localization","ocr","physical_property_reasoning","physical_relation","social_relation","spatial_relationship","structuralized_imagetext_understanding"
"dev","0.5592783505154639","0.5125628140703518","0.6993243243243243","0.6923076923076923","0.6382252559726962","0.17796610169491525","0.30434782608695654","0.9259259259259259","0.5681818181818182","0.7837837837837838","0.6060606060606061","0.7088607594936709","0.3","0.8666666666666667","0.76","0.09433962264150944","0.875","0.8301886792452831","0.8055555555555556","0.14583333333333334","0.5185185185185185","0.6923076923076923","0.09333333333333334","0.3333333333333333","0.46511627906976744","0.5333333333333333","0.11538461538461539"
