"split","Overall","acc","precision","recall"
"Overall","84.02447314751869","84.33333333333334","85.71428571428571","82.39999999999999"
"popular","83.85345997286296","84.13333333333334","85.35911602209944","82.39999999999999"
"adversarial","80.73154800783801","80.33333333333333","79.1293213828425","82.39999999999999"
"random","87.7840909090909","88.53333333333333","93.9209726443769","82.39999999999999"
