"split","Overall","AR","CP","FP-C","FP-S","LR","RR","action_recognition","attribute_comparison","attribute_recognition","celebrity_recognition","function_reasoning","future_prediction","identity_reasoning","image_emotion","image_quality","image_scene","image_style","image_topic","nature_relation","object_localization","ocr","physical_property_reasoning","physical_relation","social_relation","spatial_relationship","structuralized_imagetext_understanding"
"dev","0.7233676975945017","0.8040201005025126","0.7972972972972973","0.5734265734265734","0.7474402730375427","0.576271186440678","0.6695652173913044","0.7777777777777778","0.6818181818181818","0.8648648648648649","0.797979797979798","0.8354430379746836","0.4","0.9555555555555556","0.7","0.7169811320754716","0.9519230769230769","0.6226415094339622","0.8611111111111112","0.625","0.5185185185185185","0.8717948717948718","0.68","0.5416666666666666","0.7906976744186046","0.2222222222222222","0.6666666666666666"
