"split","Overall","acc","precision","recall"
"Overall","84.60710441334768","85.7","91.6083916083916","78.60000000000001"
"random","86.59566654425265","87.83333333333333","96.4022894521668","78.60000000000001"
"adversarial","82.24625043599582","83.03333333333333","86.24725676664228","78.60000000000001"
"popular","85.09563334536267","86.23333333333333","92.7616050354052","78.60000000000001"
