"split","Overall","AR","CP","FP-C","FP-S","LR","RR","action_recognition","attribute_comparison","attribute_recognition","celebrity_recognition","function_reasoning","future_prediction","identity_reasoning","image_emotion","image_quality","image_scene","image_style","image_topic","nature_relation","object_localization","ocr","physical_property_reasoning","physical_relation","social_relation","spatial_relationship","structuralized_imagetext_understanding"
"dev","0.42955326460481097","0.37185929648241206","0.5878378378378378","0.36363636363636365","0.5119453924914675","0.16101694915254236","0.26956521739130435","0.7407407407407407","0.18181818181818182","0.4594594594594595","0.8383838383838383","0.35443037974683544","0.2","0.6666666666666666","0.56","0.05660377358490566","0.7884615384615384","0.6981132075471698","0.6666666666666666","0.2708333333333333","0.16049382716049382","0.5128205128205128","0.21333333333333335","0.25","0.27906976744186046","0.08888888888888889","0.14102564102564102"
