{
    "Bleu": [
        74.82742659340951,
        57.77766558812035,
        43.49216510554597,
        32.58384112478912
    ],
    "ROUGE_L": 53.7265450059965,
    "CIDEr": 94.28887512536046
}