"split","Overall","Instance Attributes","Instance Identity","Instance Interaction","Instance Location","Instances Counting","Scene Understanding","Spatial Relation","Text Understanding","Visual Reasoning"
"none","0.5633783024170883","0.5777586577758658","0.6258874931731294","0.5567010309278351","0.5388548057259713","0.4241928892521455","0.6523115896136795","0.4322678843226788","0.23809523809523808","0.6132930513595166"
