"Overall","choose","compare","logical","query","verify"
"53.124503100651935","74.84499557130204","55.85738539898133","68.16417082640044","36.82586333578251","78.73001776198934"
