"split","Overall","acc","precision","recall"
"Overall","87.78962001853569","88.28888888888888","91.69893514036787","84.2"
"random","90.44038668098817","91.10000000000001","97.6798143851508","84.2"
"adversarial","85.56910569105692","85.8","86.98347107438018","84.2"
"popular","87.49567024593003","87.96666666666667","91.05984138428262","84.2"
