"split","Overall","Instance Attributes","Instance Identity","Instance Interaction","Instance Location","Instances Counting","Scene Understanding","Spatial Relation","Text Understanding","Visual Reasoning"
"none","0.7512647554806071","0.7618842761884276","0.7755324959038776","0.7422680412371134","0.6922290388548057","0.6885982836125868","0.8001899936668778","0.6514459665144596","0.8333333333333334","0.8187311178247734"
