"split","Overall","AR","CP","FP-C","FP-S","LR","RR","action_recognition","attribute_comparison","attribute_recognition","celebrity_recognition","function_reasoning","future_prediction","identity_reasoning","image_emotion","image_quality","image_scene","image_style","image_topic","nature_relation","object_localization","ocr","physical_property_reasoning","physical_relation","social_relation","spatial_relationship","structuralized_imagetext_understanding"
"dev","0.834192439862543","0.8492462311557789","0.8614864864864865","0.7482517482517482","0.8600682593856656","0.7542372881355932","0.8608695652173913","0.9444444444444444","0.75","0.9594594594594594","0.8787878787878788","0.8734177215189873","0.65","0.9777777777777777","0.84","0.660377358490566","0.9711538461538461","0.8301886792452831","0.9166666666666666","0.8125","0.7160493827160493","0.9230769230769231","0.7466666666666667","0.875","0.9069767441860465","0.5111111111111111","0.8076923076923077"
