"Overall","choose","compare","logical","query","verify"
"52.75878518047384","64.5704162976085","61.96943972835314","76.15085967831392","37.031594415870686","73.22380106571936"
