"split","Overall","acc","precision","recall"
"Overall","42.95348435068304","63.34444444444445","96.80436477007015","27.6"
"adversarial","42.768595041322314","63.06666666666667","94.95412844036697","27.6"
"popular","42.87933713102021","63.23333333333333","96.05568445475639","27.6"
"random","43.21503131524009","63.733333333333334","99.51923076923077","27.6"
