"Overall","choose","compare","logical","query","verify"
"4.682779456193353","3.3658104517271923","3.395585738539898","10.482529118136439","3.1300514327700224","5.728241563055062"
