"split","Overall","AR","CP","FP-C","FP-S","LR","RR","action_recognition","attribute_comparison","attribute_recognition","celebrity_recognition","function_reasoning","future_prediction","identity_reasoning","image_emotion","image_quality","image_scene","image_style","image_topic","nature_relation","object_localization","ocr","physical_property_reasoning","physical_relation","social_relation","spatial_relationship","structuralized_imagetext_understanding"
"dev","0.4690721649484536","0.6030150753768844","0.5405405405405406","0.2867132867132867","0.49146757679180886","0.2457627118644068","0.45217391304347826","0.48148148148148145","0.22727272727272727","0.7702702702702703","0.47474747474747475","0.6455696202531646","0.2","0.8444444444444444","0.4","0.5094339622641509","0.6730769230769231","0.4339622641509434","0.5555555555555556","0.2708333333333333","0.2716049382716049","0.46153846153846156","0.41333333333333333","0.5833333333333334","0.5813953488372093","0.1111111111111111","0.2692307692307692"
