"split","Overall","Instance Attributes","Instance Identity","Instance Interaction","Instance Location","Instances Counting","Scene Understanding","Spatial Relation","Text Understanding","Visual Reasoning"
"none","0.5824901630129287","0.6188427618842762","0.5510649918077554","0.6288659793814433","0.5398773006134969","0.4621986105435227","0.6627612412919569","0.5038051750380518","0.5833333333333334","0.6374622356495468"
