"split","Overall","AR","CP","FP-C","FP-S","LR","RR","action_recognition","attribute_comparison","attribute_recognition","celebrity_recognition","function_reasoning","future_prediction","identity_reasoning","image_emotion","image_quality","image_scene","image_style","image_topic","nature_relation","object_localization","ocr","physical_property_reasoning","physical_relation","social_relation","spatial_relationship","structuralized_imagetext_understanding"
"dev","0.5927835051546392","0.6633165829145728","0.7466216216216216","0.4825174825174825","0.6313993174061433","0.23728813559322035","0.4782608695652174","0.8148148148148148","0.45454545454545453","0.8513513513513513","0.6666666666666666","0.7721518987341772","0.2","0.9111111111111111","0.72","0.49056603773584906","0.9230769230769231","0.660377358490566","0.7777777777777778","0.3125","0.41975308641975306","0.5641025641025641","0.4","0.375","0.7209302325581395","0.1111111111111111","0.2564102564102564"
