"split","Overall","Instance Attributes","Instance Identity","Instance Interaction","Instance Location","Instances Counting","Scene Understanding","Spatial Relation","Text Understanding","Visual Reasoning"
"none","0.658867341202923","0.700150570015057","0.6837793555434188","0.5773195876288659","0.5756646216768916","0.55006129955047","0.733692210259658","0.4657534246575342","0.5476190476190477","0.7129909365558912"
