"split","Overall","acc","precision","recall"
"Overall","83.06542056074765","84.89999999999999","94.5531914893617","74.06666666666666"
"adversarial","81.90195355694803","83.63333333333334","91.59109645507007","74.06666666666666"
"popular","82.97236743838685","84.8","94.31239388794566","74.06666666666666"
"random","84.35839028094153","86.26666666666667","97.97178130511463","74.06666666666666"
