"Overall","choose","compare","logical","query","verify"
"10.98743838448084","19.486271036315323","7.979626485568761","38.15862451469773","1.2931667891256429","15.053285968028419"
