"split","Overall","acc","precision","recall"
"Overall","51.43419111621046","67.07777777777778","98.00124921923798","34.86666666666667"
"popular","51.32482826300294","66.93333333333334","97.21189591078067","34.86666666666667"
"random","51.6798418972332","67.4","99.80916030534351","34.86666666666667"
"adversarial","51.299656694458065","66.9","97.03153988868274","34.86666666666667"
