"split","Overall","AR","CP","FP-C","FP-S","LR","RR","action_recognition","attribute_comparison","attribute_recognition","celebrity_recognition","function_reasoning","future_prediction","identity_reasoning","image_emotion","image_quality","image_scene","image_style","image_topic","nature_relation","object_localization","ocr","physical_property_reasoning","physical_relation","social_relation","spatial_relationship","structuralized_imagetext_understanding"
"dev","0.5094501718213058","0.592964824120603","0.625","0.3076923076923077","0.5426621160409556","0.2711864406779661","0.4782608695652174","0.6111111111111112","0.09090909090909091","0.7972972972972973","0.5757575757575758","0.6329113924050633","0.15","0.8222222222222222","0.48","0.49056603773584906","0.8173076923076923","0.5283018867924528","0.6111111111111112","0.3333333333333333","0.2839506172839506","0.5128205128205128","0.41333333333333333","0.5416666666666666","0.6046511627906976","0.15555555555555556","0.3333333333333333"
