"Overall","choose","compare","logical","query","verify"
"2.575926220384799","1.6829052258635961","1.3582342954159592","6.932889628397115","1.836884643644379","2.0870337477797514"
