"split","Overall","Instance Attributes","Instance Identity","Instance Interaction","Instance Location","Instances Counting","Scene Understanding","Spatial Relation","Text Understanding","Visual Reasoning"
"none","0.6047639123102867","0.6087330608733061","0.6013107591480066","0.6701030927835051","0.5674846625766872","0.5145075602778912","0.6903103229892337","0.5068493150684932","0.6071428571428571","0.7039274924471299"
