"Overall","choose","compare","logical","query","verify"
"55.16775321990778","82.63950398582817","61.460101867572156","73.15585135884636","38.368846436443796","76.1101243339254"
