"split","Overall","AR","CP","FP-C","FP-S","LR","RR","action_recognition","attribute_comparison","attribute_recognition","celebrity_recognition","function_reasoning","future_prediction","identity_reasoning","image_emotion","image_quality","image_scene","image_style","image_topic","nature_relation","object_localization","ocr","physical_property_reasoning","physical_relation","social_relation","spatial_relationship","structuralized_imagetext_understanding"
"dev","0.5352233676975945","0.47738693467336685","0.6756756756756757","0.6713286713286714","0.6075085324232082","0.1694915254237288","0.2956521739130435","0.8333333333333334","0.5909090909090909","0.7432432432432432","0.5959595959595959","0.6582278481012658","0.225","0.9111111111111111","0.76","0.11320754716981132","0.875","0.660377358490566","0.8333333333333334","0.14583333333333334","0.4567901234567901","0.6923076923076923","0.02666666666666667","0.2916666666666667","0.46511627906976744","0.5555555555555556","0.14102564102564102"
