"split","Overall","Instance Attributes","Instance Identity","Instance Interaction","Instance Location","Instances Counting","Scene Understanding","Spatial Relation","Text Understanding","Visual Reasoning"
"none","0.6486790331646992","0.7173585717358572","0.6608410704533042","0.6288659793814433","0.6400817995910021","0.6068655496526358","0.61051298290057","0.6255707762557078","0.7261904761904762","0.3474320241691843"
