"split","Overall","acc","precision","recall"
"Overall","80.6816768254758","82.74444444444444","91.63605538287652","72.06666666666666"
"popular","80.19287833827893","82.19999999999999","90.38461538461539","72.06666666666666"
"adversarial","79.1651409740022","81.03333333333333","87.81478472786353","72.06666666666666"
"random","82.77182235834609","85.0","97.21223021582733","72.06666666666666"
