"split","Overall","Instance Attributes","Instance Identity","Instance Interaction","Instance Location","Instances Counting","Scene Understanding","Spatial Relation","Text Understanding","Visual Reasoning"
"none","0.6557054525014053","0.705743170574317","0.6646641179683234","0.5567010309278351","0.5746421267893661","0.5455659991826727","0.7260924635845472","0.4627092846270928","0.6309523809523809","0.7039274924471299"
