"split","Overall","acc","precision","recall"
"Overall","80.58103975535167","83.06666666666666","94.44444444444444","70.26666666666667"
"random","81.7371074059713","84.3","97.68303985171455","70.26666666666667"
"adversarial","79.45721824349793","81.83333333333334","91.41370338248048","70.26666666666667"
"popular","80.58103975535167","83.06666666666666","94.44444444444444","70.26666666666667"
