"Overall","choose","compare","logical","query","verify"
"10.820480203529973","17.0947741364039","8.828522920203735","36.7720465890183","1.322556943423953","16.119005328596803"
