"split","Overall","acc","precision","recall"
"Overall","76.76113360323886","80.86666666666666","97.73195876288659","63.2"
"random","77.3561811505508","81.5","99.6845425867508","63.2"
"adversarial","76.29778672032192","80.36666666666666","96.24365482233502","63.2"
"popular","76.63702506063056","80.73333333333333","97.3305954825462","63.2"
