"split","Overall","AR","CP","FP-C","FP-S","LR","RR","action_recognition","attribute_comparison","attribute_recognition","celebrity_recognition","function_reasoning","future_prediction","identity_reasoning","image_emotion","image_quality","image_scene","image_style","image_topic","nature_relation","object_localization","ocr","physical_property_reasoning","physical_relation","social_relation","spatial_relationship","structuralized_imagetext_understanding"
"dev","0.6099656357388317","0.6532663316582915","0.7601351351351351","0.4965034965034965","0.6348122866894198","0.2288135593220339","0.6173913043478261","0.8703703703703703","0.3181818181818182","0.8783783783783784","0.6666666666666666","0.6835443037974683","0.225","0.9333333333333333","0.64","0.5471698113207547","0.9230769230769231","0.8113207547169812","0.6944444444444444","0.4375","0.41975308641975306","0.5384615384615384","0.4533333333333333","0.6666666666666666","0.7906976744186046","0.2222222222222222","0.23076923076923078"
