"split","Overall","Instance Attributes","Instance Identity","Instance Interaction","Instance Location","Instances Counting","Scene Understanding","Spatial Relation","Text Understanding","Visual Reasoning"
"none","0.68929173693086","0.7235964723596472","0.693610049153468","0.6701030927835051","0.6278118609406953","0.5978749489170413","0.7511082963901203","0.5570776255707762","0.5476190476190477","0.7552870090634441"
