"Overall","choose","compare","logical","query","verify"
"10.764827476546351","9.743135518157661","7.130730050933787","26.6777592900721","6.039676708302719","13.765541740674955"
