"split","Overall","acc","precision","recall"
"Overall","79.7295540241841","82.67777777777778","96.08273268567848","68.13333333333334"
"adversarial","78.82761280370228","81.69999999999999","93.50411710887465","68.13333333333334"
"random","80.50413548641198","83.5","98.3638113570741","68.13333333333334"
"popular","79.87495115279405","82.83333333333334","96.50613786591123","68.13333333333334"
