"Overall","choose","compare","logical","query","verify"
"56.408013992685646","83.43666961913198","67.91171477079796","75.26344980587909","38.83908890521675","77.84191829484902"
