"split","Overall","AR","CP","FP-C","FP-S","LR","RR","action_recognition","attribute_comparison","attribute_recognition","celebrity_recognition","function_reasoning","future_prediction","identity_reasoning","image_emotion","image_quality","image_scene","image_style","image_topic","nature_relation","object_localization","ocr","physical_property_reasoning","physical_relation","social_relation","spatial_relationship","structuralized_imagetext_understanding"
"dev","0.7018900343642611","0.6834170854271356","0.8006756756756757","0.6923076923076923","0.7406143344709898","0.3898305084745763","0.7130434782608696","0.8703703703703703","0.6590909090909091","0.8108108108108109","0.9090909090909091","0.8607594936708861","0.5","0.9555555555555556","0.68","0.6415094339622641","0.9519230769230769","0.7924528301886793","0.7777777777777778","0.6666666666666666","0.5679012345679012","0.5384615384615384","0.3333333333333333","0.5833333333333334","0.8372093023255814","0.5111111111111111","0.3333333333333333"
