"split","Overall","Instance Attributes","Instance Identity","Instance Interaction","Instance Location","Instances Counting","Scene Understanding","Spatial Relation","Text Understanding","Visual Reasoning"
"none","0.7368605958403598","0.7547859754785975","0.744401966138722","0.7835051546391752","0.6942740286298569","0.6710257458111973","0.7878404053198227","0.6179604261796042","0.7738095238095238","0.7824773413897281"
