"split","Overall","acc","precision","recall"
"Overall","72.49937327651041","75.62222222222222","83.15123634272571","64.26666666666667"
"adversarial","70.26239067055394","72.8","77.491961414791","64.26666666666667"
"random","75.87563951200315","79.56666666666666","92.60326609029778","64.26666666666667"
"popular","71.59301893798738","74.5","80.80469404861694","64.26666666666667"
