"split","Overall","Instance Attributes","Instance Identity","Instance Interaction","Instance Location","Instances Counting","Scene Understanding","Spatial Relation","Text Understanding","Visual Reasoning"
"none","0.5636593591905565","0.6080877608087761","0.5767340251228836","0.5876288659793815","0.5439672801635992","0.5091949325704945","0.5604813172894236","0.5616438356164384","0.6309523809523809","0.338368580060423"
