"Overall","choose","compare","logical","query","verify"
"49.13340753696931","75.46501328609388","58.91341256366724","68.66333887964502","31.227038941954444","71.84724689165186"
