"split","Overall","AR","CP","FP-C","FP-S","LR","RR","action_recognition","attribute_comparison","attribute_recognition","celebrity_recognition","function_reasoning","future_prediction","identity_reasoning","image_emotion","image_quality","image_scene","image_style","image_topic","nature_relation","object_localization","ocr","physical_property_reasoning","physical_relation","social_relation","spatial_relationship","structuralized_imagetext_understanding"
"dev","0.4020618556701031","0.45226130653266333","0.5202702702702703","0.5104895104895105","0.4129692832764505","0.1271186440677966","0.13043478260869565","0.6666666666666666","0.36363636363636365","0.5405405405405406","0.32323232323232326","0.6075949367088608","0.175","0.7777777777777778","0.44","0.07547169811320754","0.75","0.4339622641509434","0.75","0.125","0.2962962962962963","0.6410256410256411","0.09333333333333334","0.20833333333333334","0.09302325581395349","0.4666666666666667","0.10256410256410256"
