"Overall","choose","compare","logical","query","verify"
"9.786929559548419","17.360496014171833","3.7351443123938877","33.11148086522462","1.4107274063188833","14.209591474245114"
