"split","Overall","AR","CP","FP-C","FP-S","LR","RR","action_recognition","attribute_comparison","attribute_recognition","celebrity_recognition","function_reasoning","future_prediction","identity_reasoning","image_emotion","image_quality","image_scene","image_style","image_topic","nature_relation","object_localization","ocr","physical_property_reasoning","physical_relation","social_relation","spatial_relationship","structuralized_imagetext_understanding"
"dev","0.5575601374570447","0.628140703517588","0.722972972972973","0.45454545454545453","0.5563139931740614","0.22033898305084745","0.48695652173913045","0.7407407407407407","0.45454545454545453","0.7567567567567568","0.5656565656565656","0.7341772151898734","0.175","0.8888888888888888","0.66","0.5283018867924528","0.9134615384615384","0.5849056603773585","0.75","0.3541666666666667","0.345679012345679","0.5897435897435898","0.36","0.2916666666666667","0.7441860465116279","0.1111111111111111","0.24358974358974358"
