"split","Overall","Instance Attributes","Instance Identity","Instance Interaction","Instance Location","Instances Counting","Scene Understanding","Spatial Relation","Text Understanding","Visual Reasoning"
"none","0.6422849915682968","0.6818670681867068","0.6564718732932824","0.5257731958762887","0.5593047034764826","0.5357580711074785","0.7207093096896771","0.4627092846270928","0.5595238095238095","0.7039274924471299"
