"split","Overall","acc","precision","recall"
"Overall","80.61289097125491","82.9888888888889","93.70032381513099","70.73333333333333"
"adversarial","79.5352323838081","81.8","90.83904109589042","70.73333333333333"
"popular","80.53130929791273","82.89999999999999","93.48017621145375","70.73333333333333"
"random","81.8041634541249","84.26666666666667","96.9835466179159","70.73333333333333"
