"Overall","choose","compare","logical","query","verify"
"56.44776594053108","84.85385296722764","60.95076400679117","74.15418746533555","39.58853783982366","77.797513321492"
