"split","Overall","acc","precision","recall"
"Overall","83.38658146964858","84.97777777777777","93.26553051126993","75.4"
"adversarial","82.01595358955764","83.46666666666667","89.90461049284578","75.4"
"random","85.19774011299435","86.9","97.92207792207792","75.4"
"popular","83.0091743119266","84.56666666666666","92.3265306122449","75.4"
