"split","Overall","Instance Attributes","Instance Identity","Instance Interaction","Instance Location","Instances Counting","Scene Understanding","Spatial Relation","Text Understanding","Visual Reasoning"
"none","0.6633642495784149","0.7315551731555173","0.6761332605133806","0.6701030927835051","0.6646216768916156","0.6223947691050266","0.6244458518049398","0.6316590563165906","0.7023809523809523","0.3564954682779456"
