"split","Overall","AR","CP","FP-C","FP-S","LR","RR","action_recognition","attribute_comparison","attribute_recognition","celebrity_recognition","function_reasoning","future_prediction","identity_reasoning","image_emotion","image_quality","image_scene","image_style","image_topic","nature_relation","object_localization","ocr","physical_property_reasoning","physical_relation","social_relation","spatial_relationship","structuralized_imagetext_understanding"
"dev","0.538659793814433","0.48743718592964824","0.6925675675675675","0.6643356643356644","0.621160409556314","0.13559322033898305","0.2782608695652174","0.8888888888888888","0.5227272727272727","0.7972972972972973","0.5959595959595959","0.6708860759493671","0.125","0.9333333333333333","0.76","0.16981132075471697","0.8461538461538461","0.7547169811320755","0.8333333333333334","0.125","0.4691358024691358","0.6666666666666666","0.02666666666666667","0.3333333333333333","0.4186046511627907","0.5333333333333333","0.14102564102564102"
