{
    "Bleu": [
        74.2052860970036,
        57.12471088174927,
        42.96736660778359,
        32.103418229839285
    ],
    "ROUGE_L": 53.549369498538525,
    "CIDEr": 91.74444887730273
}