"split","Overall","AR","CP","FP-C","FP-S","LR","RR","action_recognition","attribute_comparison","attribute_recognition","celebrity_recognition","function_reasoning","future_prediction","identity_reasoning","image_emotion","image_quality","image_scene","image_style","image_topic","nature_relation","object_localization","ocr","physical_property_reasoning","physical_relation","social_relation","spatial_relationship","structuralized_imagetext_understanding"
"dev","0.4020618556701031","0.3417085427135678","0.5675675675675675","0.32167832167832167","0.47440273037542663","0.15254237288135594","0.25217391304347825","0.6666666666666666","0.1590909090909091","0.4189189189189189","0.7575757575757576","0.34177215189873417","0.25","0.6444444444444445","0.38","0.1320754716981132","0.75","0.7358490566037735","0.6944444444444444","0.25","0.2345679012345679","0.358974358974359","0.16","0.20833333333333334","0.27906976744186046","0.06666666666666667","0.10256410256410256"
