"Overall","choose","compare","logical","query","verify"
"52.154555573223085","74.93356953055802","55.68760611205433","66.27842484747643","36.12049963262307","76.95381882770872"
