"split","Overall","acc","precision","recall"
"Overall","83.1978648550285","84.61111111111111","91.61100721346513","76.2"
"popular","83.55263157894738","85.0","92.47572815533981","76.2"
"random","85.23489932885904","86.8","96.7005076142132","76.2"
"adversarial","80.9203539823009","82.03333333333333","86.26415094339622","76.2"
