"split","Overall","Instance Attributes","Instance Identity","Instance Interaction","Instance Location","Instances Counting","Scene Understanding","Spatial Relation","Text Understanding","Visual Reasoning"
"none","0.5538223721191681","0.5734566573456658","0.602403058438012","0.5979381443298969","0.5071574642126789","0.4143849611769514","0.6478784040531982","0.4277016742770167","0.2857142857142857","0.5861027190332326"
