"split","Overall","Instance Attributes","Instance Identity","Instance Interaction","Instance Location","Instances Counting","Scene Understanding","Spatial Relation","Text Understanding","Visual Reasoning"
"none","0.4423130972456436","0.4530006453000645","0.4582195521572911","0.4639175257731959","0.3946830265848671","0.32161830813240705","0.5408486383787207","0.3698630136986301","0.2261904761904762","0.48942598187311176"
