{
    "Bleu": [
        63.68918810611398,
        44.30520329443505,
        30.596054883490126,
        21.180793137449967
    ],
    "ROUGE_L": 44.97088548319654,
    "CIDEr": 56.37443262035605
}