"split","Overall","acc","precision","recall"
"Overall","75.69015725101922","76.8111111111111","79.53488372093022","72.2"
"adversarial","73.29949238578679","73.7","74.43298969072166","72.2"
"popular","77.05442902881536","78.5","82.6086956521739","72.2"
"random","76.83575736076624","78.23333333333333","82.10765731614859","72.2"
