"Overall","choose","compare","logical","query","verify"
"41.93035458737478","63.950398582816646","53.98981324278438","57.237936772046595","24.893460690668626","66.96269982238012"
