"split","Overall","AR","CP","FP-C","FP-S","LR","RR","action_recognition","attribute_comparison","attribute_recognition","celebrity_recognition","function_reasoning","future_prediction","identity_reasoning","image_emotion","image_quality","image_scene","image_style","image_topic","nature_relation","object_localization","ocr","physical_property_reasoning","physical_relation","social_relation","spatial_relationship","structuralized_imagetext_understanding"
"dev","0.2766323024054983","0.3316582914572864","0.3581081081081081","0.2097902097902098","0.3037542662116041","0.16101694915254236","0.10434782608695652","0.4074074074074074","0.11363636363636363","0.35135135135135137","0.42424242424242425","0.3037974683544304","0.25","0.5555555555555556","0.26","0.018867924528301886","0.5865384615384616","0.33962264150943394","0.3611111111111111","0.08333333333333333","0.08641975308641975","0.358974358974359","0.22666666666666666","0.125","0.11627906976744186","0.06666666666666667","0.11538461538461539"
