"split","Overall","acc","precision","recall"
"Overall","73.76526818906001","78.04444444444445","91.62269129287598","61.73333333333333"
"popular","72.99960583366179","77.16666666666666","89.2960462873674","61.73333333333333"
"random","75.62270314414046","80.10000000000001","97.57639620653319","61.73333333333333"
"adversarial","72.74155538098978","76.86666666666667","88.52772466539197","61.73333333333333"
