"split","Overall","AR","CP","FP-C","FP-S","LR","RR","action_recognition","attribute_comparison","attribute_recognition","celebrity_recognition","function_reasoning","future_prediction","identity_reasoning","image_emotion","image_quality","image_scene","image_style","image_topic","nature_relation","object_localization","ocr","physical_property_reasoning","physical_relation","social_relation","spatial_relationship","structuralized_imagetext_understanding"
"dev","0.7070446735395189","0.6984924623115578","0.7905405405405406","0.6503496503496503","0.7201365187713311","0.5423728813559322","0.7130434782608696","0.8333333333333334","0.6136363636363636","0.8108108108108109","0.7878787878787878","0.8481012658227848","0.55","0.9777777777777777","0.7","0.6981132075471698","0.9326923076923077","0.6226415094339622","0.8888888888888888","0.75","0.5185185185185185","0.7948717948717948","0.37333333333333335","0.5833333333333334","0.7441860465116279","0.4666666666666667","0.5384615384615384"
