"split","Overall","Instance Attributes","Instance Identity","Instance Interaction","Instance Location","Instances Counting","Scene Understanding","Spatial Relation","Text Understanding","Visual Reasoning"
"none","0.6866919617762788","0.705312970531297","0.6979792463134898","0.7422680412371134","0.6339468302658486","0.601552921945239","0.7444585180493983","0.5829528158295282","0.7857142857142857","0.7613293051359517"
