"Overall","choose","compare","logical","query","verify"
"51.717284146923205","81.22232063773251","63.83701188455009","69.99445368829728","34.15135929463629","72.202486678508"
