"split","Overall","AR","CP","FP-C","FP-S","LR","RR","action_recognition","attribute_comparison","attribute_recognition","celebrity_recognition","function_reasoning","future_prediction","identity_reasoning","image_emotion","image_quality","image_scene","image_style","image_topic","nature_relation","object_localization","ocr","physical_property_reasoning","physical_relation","social_relation","spatial_relationship","structuralized_imagetext_understanding"
"dev","0.5687285223367697","0.6130653266331658","0.722972972972973","0.43356643356643354","0.5665529010238908","0.23728813559322035","0.6086956521739131","0.8148148148148148","0.25","0.8108108108108109","0.6060606060606061","0.6329113924050633","0.2","0.9111111111111111","0.56","0.5283018867924528","0.8942307692307693","0.7547169811320755","0.6944444444444444","0.4583333333333333","0.3950617283950617","0.358974358974359","0.41333333333333333","0.7083333333333334","0.7209302325581395","0.15555555555555556","0.2564102564102564"
