"split","Overall","acc","precision","recall"
"Overall","70.67328136073708","77.0111111111111","97.573385518591","55.400000000000006"
"popular","70.69332199064227","77.03333333333333","97.64982373678026","55.400000000000006"
"adversarial","70.06745362563238","76.33333333333333","95.29816513761467","55.400000000000006"
"random","71.26929674099486","77.66666666666666","99.8798076923077","55.400000000000006"
