"Overall","choose","compare","logical","query","verify"
"9.84258228653204","9.21169176262179","5.432937181663837","23.84914032168608","5.760470242468773","12.433392539964476"
