"split","Overall","Instance Attributes","Instance Identity","Instance Interaction","Instance Location","Instances Counting","Scene Understanding","Spatial Relation","Text Understanding","Visual Reasoning"
"none","0.6678611579539067","0.706388470638847","0.6482796286182414","0.6804123711340206","0.5940695296523517","0.5692684920310584","0.7444585180493983","0.5388127853881278","0.5952380952380952","0.7220543806646526"
