"split","Overall","acc","precision","recall"
"Overall","82.41676942046855","84.15555555555555","92.57617728531856","74.26666666666667"
"random","84.20256991685562","86.06666666666666","97.20767888307155","74.26666666666667"
"adversarial","80.95930232558139","82.53333333333333","88.9776357827476","74.26666666666667"
"popular","82.15339233038348","83.86666666666667","91.91419141914191","74.26666666666667"
