"split","Overall","Instance Attributes","Instance Identity","Instance Interaction","Instance Location","Instances Counting","Scene Understanding","Spatial Relation","Text Understanding","Visual Reasoning"
"none","0.7120573355817875","0.7339212733921273","0.7471327143637356","0.6701030927835051","0.6319018404907976","0.6358806702084184","0.765991133628879","0.5966514459665144","0.6666666666666666","0.7492447129909365"
