"split","Overall","AR","CP","FP-C","FP-S","LR","RR","action_recognition","attribute_comparison","attribute_recognition","celebrity_recognition","function_reasoning","future_prediction","identity_reasoning","image_emotion","image_quality","image_scene","image_style","image_topic","nature_relation","object_localization","ocr","physical_property_reasoning","physical_relation","social_relation","spatial_relationship","structuralized_imagetext_understanding"
"dev","0.761168384879725","0.8291457286432161","0.8277027027027027","0.6433566433566433","0.7815699658703071","0.5932203389830508","0.7391304347826086","0.8703703703703703","0.6363636363636364","0.8513513513513513","0.9090909090909091","0.8734177215189873","0.45","0.9777777777777777","0.74","0.6981132075471698","0.9711538461538461","0.7169811320754716","0.8888888888888888","0.6875","0.5308641975308642","0.8461538461538461","0.6933333333333334","0.5416666666666666","0.9069767441860465","0.37777777777777777","0.6666666666666666"
