"Overall","choose","compare","logical","query","verify"
"55.835585943711244","80.8680248007086","61.96943972835314","74.7642817526345","39.03012490815577","77.30905861456483"
