"Overall","choose","compare","logical","query","verify"
"47.88519637462236","55.18157661647476","53.98981324278438","72.82307265668331","33.84276267450404","65.09769094138544"
