"split","Overall","acc","precision","recall"
"Overall","84.54643241305128","85.63333333333333","91.46625290923195","78.60000000000001"
"adversarial","82.1602787456446","82.93333333333334","86.05839416058394","78.60000000000001"
"random","87.13968957871397","88.4","97.76119402985076","78.60000000000001"
"popular","84.48584736653528","85.56666666666666","91.32455460883037","78.60000000000001"
