"split","Overall","Instance Attributes","Instance Identity","Instance Interaction","Instance Location","Instances Counting","Scene Understanding","Spatial Relation","Text Understanding","Visual Reasoning"
"none","0.721964586846543","0.7349967734996774","0.732386673948662","0.7216494845360825","0.6738241308793456","0.6424192889252145","0.7834072197593414","0.6316590563165906","0.7976190476190477","0.7854984894259819"
