"split","Overall","AR","CP","FP-C","FP-S","LR","RR","action_recognition","attribute_comparison","attribute_recognition","celebrity_recognition","function_reasoning","future_prediction","identity_reasoning","image_emotion","image_quality","image_scene","image_style","image_topic","nature_relation","object_localization","ocr","physical_property_reasoning","physical_relation","social_relation","spatial_relationship","structuralized_imagetext_understanding"
"dev","0.761168384879725","0.8190954773869347","0.8547297297297297","0.6993006993006993","0.7747440273037542","0.4745762711864407","0.7565217391304347","0.8888888888888888","0.7272727272727273","0.9054054054054054","0.7878787878787878","0.8734177215189873","0.625","0.9555555555555556","0.7","0.6981132075471698","1.0","0.8867924528301887","0.8333333333333334","0.6666666666666666","0.7160493827160493","0.6153846153846154","0.68","0.7916666666666666","0.8372093023255814","0.4444444444444444","0.3974358974358974"
