"split","Overall","AR","CP","FP-C","FP-S","LR","RR","action_recognition","attribute_comparison","attribute_recognition","celebrity_recognition","function_reasoning","future_prediction","identity_reasoning","image_emotion","image_quality","image_scene","image_style","image_topic","nature_relation","object_localization","ocr","physical_property_reasoning","physical_relation","social_relation","spatial_relationship","structuralized_imagetext_understanding"
"dev","0.8015463917525774","0.7386934673366834","0.8851351351351351","0.7692307692307693","0.856655290102389","0.5847457627118644","0.8173913043478261","0.9444444444444444","0.8181818181818182","0.918918918918919","0.9191919191919192","0.8860759493670886","0.525","0.9777777777777777","0.82","0.7358490566037735","0.9807692307692307","0.8867924528301887","0.9166666666666666","0.875","0.6790123456790124","0.9487179487179487","0.44","0.5833333333333334","0.8837209302325582","0.5111111111111111","0.6153846153846154"
