{
    "Bleu": [
        15.07683066336285,
        8.873848748794016,
        4.7899435148565495,
        2.5901233984771945
    ],
    "ROUGE_L": 14.671341704236141,
    "CIDEr": 4.727739831960437e-06
}