"Overall","choose","compare","logical","query","verify"
"60.39115916679917","84.32240921169176","73.85398981324278","78.70216306156405","43.02718589272594","82.68206039076377"
