"split","Overall","Accounting","Agriculture","Architecture_and_Engineering","Art","Art_Theory","Basic_Medical_Science","Biology","Chemistry","Clinical_Medicine","Computer_Science","Design","Diagnostics_and_Laboratory_Medicine","Economics","Electronics","Energy_and_Power","Finance","Geography","History","Literature","Manage","Marketing","Materials","Math","Mechanical_Engineering","Music","Pharmacy","Physics","Psychology","Public_Health","Sociology","Art & Design","Business","Health & Medicine","Humanities & Social Science","Science","Tech & Engineering"
"dev","0.21333333333333335","0.2","0.2","0.0","0.2","0.2","0.6","0.4","0.2","0.0","0.2","0.4","0.0","0.6","0.2","0.0","0.0","0.0","0.6","0.2","0.4","0.2","0.4","0.2","0.0","0.0","0.2","0.2","0.2","0.2","0.2","0.2","0.28","0.2","0.3","0.2","0.14285714285714285"
"validation","0.18","0.23333333333333334","0.23333333333333334","0.1","0.2","0.36666666666666664","0.3333333333333333","0.06666666666666667","0.13333333333333333","0.13333333333333333","0.16666666666666666","0.2","0.03333333333333333","0.26666666666666666","0.03333333333333333","0.13333333333333333","0.23333333333333334","0.1","0.23333333333333334","0.1","0.1","0.26666666666666666","0.0","0.13333333333333333","0.13333333333333333","0.16666666666666666","0.2","0.23333333333333334","0.43333333333333335","0.36666666666666664","0.06666666666666667","0.23333333333333334","0.22","0.21333333333333335","0.20833333333333334","0.13333333333333333","0.11428571428571428"
