"perception","reasoning","OCR","artwork","celebrity","code_reasoning","color","commonsense_reasoning","count","existence","landmark","numerical_calculation","position","posters","scene","text_translation"
"1119.9750900360145","348.57142857142856","100.0","103.75","78.23529411764706","47.5","131.66666666666666","123.57142857142858","108.33333333333334","133.33333333333334","114.5","75.0","103.33333333333331","107.82312925170068","139.0","102.5"
