"split","Overall","AR","CP","FP-C","FP-S","LR","RR","action_recognition","attribute_comparison","attribute_recognition","celebrity_recognition","function_reasoning","future_prediction","identity_reasoning","image_emotion","image_quality","image_scene","image_style","image_topic","nature_relation","object_localization","ocr","physical_property_reasoning","physical_relation","social_relation","spatial_relationship","structuralized_imagetext_understanding"
"dev","0.3857388316151203","0.39195979899497485","0.5135135135135135","0.48951048951048953","0.3890784982935154","0.1271186440677966","0.17391304347826086","0.6111111111111112","0.45454545454545453","0.5945945945945946","0.25252525252525254","0.569620253164557","0.3","0.6222222222222222","0.52","0.09433962264150944","0.6538461538461539","0.5094339622641509","0.7222222222222222","0.041666666666666664","0.37037037037037035","0.38461538461538464","0.06666666666666667","0.20833333333333334","0.3023255813953488","0.37777777777777777","0.038461538461538464"
