"Overall","choose","compare","logical","query","verify"
"44.29957067896327","73.07351638618246","58.74363327674024","65.1136993899057","26.568699485672298","63.01065719360568"
