"split","Overall","acc","precision","recall"
"Overall","60.6931530008453","69.0","82.90993071593533","47.86666666666667"
"popular","59.833333333333336","67.86666666666666","79.77777777777779","47.86666666666667"
"adversarial","59.11897900370523","66.9","77.28740581270182","47.86666666666667"
"random","63.287791978845306","72.23333333333333","93.36801040312093","47.86666666666667"
