"split","Overall","Instance Attributes","Instance Identity","Instance Interaction","Instance Location","Instances Counting","Scene Understanding","Spatial Relation","Text Understanding","Visual Reasoning"
"none","0.5158094435075885","0.5702301570230157","0.5040961223375204","0.6082474226804123","0.4897750511247444","0.46669391091132","0.5022165927802407","0.5159817351598174","0.6547619047619048","0.32326283987915405"
