"split","Overall","acc","precision","recall"
"Overall","81.32875143184421","83.7","95.17426273458445","71.0"
"random","82.43034055727554","84.86666666666667","98.24723247232473","71.0"
"adversarial","80.1354401805869","82.39999999999999","91.96891191709845","71.0"
"popular","81.45315487571702","83.83333333333334","95.51569506726457","71.0"
