"Overall","choose","compare","logical","query","verify"
"57.250755287009056","79.98228520814881","62.30899830220713","75.37437603993344","40.940484937545925","79.30728241563055"
