"split","Overall","AR","CP","FP-C","FP-S","LR","RR","action_recognition","attribute_comparison","attribute_recognition","celebrity_recognition","function_reasoning","future_prediction","identity_reasoning","image_emotion","image_quality","image_scene","image_style","image_topic","nature_relation","object_localization","ocr","physical_property_reasoning","physical_relation","social_relation","spatial_relationship","structuralized_imagetext_understanding"
"dev","0.743127147766323","0.8190954773869347","0.8614864864864865","0.6293706293706294","0.7474402730375427","0.4152542372881356","0.7739130434782608","0.8333333333333334","0.6363636363636364","0.8783783783783784","0.8686868686868687","0.8607594936708861","0.425","0.9777777777777777","0.76","0.6981132075471698","0.9711538461538461","0.8679245283018868","0.9166666666666666","0.7291666666666666","0.4691358024691358","0.7692307692307693","0.68","0.5833333333333334","0.9302325581395349","0.37777777777777777","0.41025641025641024"
