"split","Overall","Instance Attributes","Instance Identity","Instance Interaction","Instance Location","Instances Counting","Scene Understanding","Spatial Relation","Text Understanding","Visual Reasoning"
"none","0.7227374929735807","0.7341363734136374","0.7498634625887494","0.711340206185567","0.6625766871165644","0.6554965263588067","0.77897403419886","0.6179604261796042","0.6547619047619048","0.7794561933534743"
