"split","Overall","AR","CP","FP-C","FP-S","LR","RR","action_recognition","attribute_comparison","attribute_recognition","celebrity_recognition","function_reasoning","future_prediction","identity_reasoning","image_emotion","image_quality","image_scene","image_style","image_topic","nature_relation","object_localization","ocr","physical_property_reasoning","physical_relation","social_relation","spatial_relationship","structuralized_imagetext_understanding"
"dev","0.4115120274914089","0.36683417085427134","0.5878378378378378","0.34965034965034963","0.49829351535836175","0.11016949152542373","0.2","0.6481481481481481","0.18181818181818182","0.47297297297297297","0.7777777777777778","0.3670886075949367","0.225","0.6888888888888889","0.42","0.1320754716981132","0.8076923076923077","0.7169811320754716","0.6666666666666666","0.1875","0.20987654320987653","0.4358974358974359","0.17333333333333334","0.16666666666666666","0.23255813953488372","0.15555555555555556","0.05128205128205128"
