"Overall","choose","compare","logical","query","verify"
"52.830338686595645","76.52790079716564","55.178268251273344","65.28008874098724","36.94342395297575","78.37477797513321"
