{
    "Bleu": [
        74.7869914796577,
        57.89590434327414,
        43.66290374391728,
        32.72166648154336
    ],
    "ROUGE_L": 54.067655445294385,
    "CIDEr": 94.61430601106206
}