"split","Overall","acc","precision","recall"
"Overall","83.81873111782478","85.12222222222222","91.86754966887418","77.06666666666668"
"adversarial","81.4945364821995","82.5","86.46222887060584","77.06666666666668"
"popular","84.13391557496361","85.46666666666667","92.62820512820514","77.06666666666668"
"random","85.94795539033457","87.4","97.14285714285714","77.06666666666668"
