"split","Overall","Accounting","Agriculture","Architecture_and_Engineering","Art","Art_Theory","Basic_Medical_Science","Biology","Chemistry","Clinical_Medicine","Computer_Science","Design","Diagnostics_and_Laboratory_Medicine","Economics","Electronics","Energy_and_Power","Finance","Geography","History","Literature","Manage","Marketing","Materials","Math","Mechanical_Engineering","Music","Pharmacy","Physics","Psychology","Public_Health","Sociology","Art & Design","Business","Health & Medicine","Humanities & Social Science","Science","Tech & Engineering"
"validation","0.26","0.16666666666666666","0.3","0.23333333333333334","0.4666666666666667","0.5","0.36666666666666664","0.13333333333333333","0.1","0.23333333333333334","0.2","0.5666666666666667","0.3","0.23333333333333334","0.06666666666666667","0.1","0.06666666666666667","0.13333333333333333","0.3333333333333333","0.8333333333333334","0.13333333333333333","0.26666666666666666","0.23333333333333334","0.23333333333333334","0.2","0.23333333333333334","0.23333333333333334","0.1","0.2","0.26666666666666666","0.36666666666666664","0.44166666666666665","0.17333333333333334","0.28","0.43333333333333335","0.14","0.19047619047619047"
"dev","0.16666666666666666","0.2","0.2","0.0","0.2","0.0","0.2","0.2","0.2","0.0","0.4","0.4","0.0","0.0","0.0","0.2","0.0","0.0","0.6","0.4","0.0","0.0","0.2","0.2","0.2","0.2","0.0","0.0","0.4","0.0","0.6","0.2","0.04","0.04","0.5","0.12","0.17142857142857143"
