"split","Overall","Instance Attributes","Instance Identity","Instance Interaction","Instance Location","Instances Counting","Scene Understanding","Spatial Relation","Text Understanding","Visual Reasoning"
"none","0.5594435075885329","0.5764680576468058","0.618787547788094","0.5979381443298969","0.5173824130879345","0.428279525950143","0.6519949335022166","0.4185692541856925","0.17857142857142858","0.56797583081571"
