"split","Overall","Instance Attributes","Instance Identity","Instance Interaction","Instance Location","Instances Counting","Scene Understanding","Spatial Relation","Text Understanding","Visual Reasoning"
"none","0.729061270376616","0.7436007743600774","0.756417258328782","0.7628865979381443","0.6595092024539877","0.6628524724152023","0.7891070297656745","0.563165905631659","0.7857142857142857","0.8006042296072508"
