"split","Overall","AR","CP","FP-C","FP-S","LR","RR","action_recognition","attribute_comparison","attribute_recognition","celebrity_recognition","function_reasoning","future_prediction","identity_reasoning","image_emotion","image_quality","image_scene","image_style","image_topic","nature_relation","object_localization","ocr","physical_property_reasoning","physical_relation","social_relation","spatial_relationship","structuralized_imagetext_understanding"
"dev","0.7963917525773195","0.8442211055276382","0.8648648648648649","0.6713286713286714","0.8532423208191127","0.5847457627118644","0.7652173913043478","0.9259259259259259","0.7954545454545454","0.972972972972973","0.8888888888888888","0.8860759493670886","0.4","1.0","0.8","0.7169811320754716","0.9807692307692307","0.8490566037735849","0.8611111111111112","0.6666666666666666","0.6790123456790124","0.8974358974358975","0.7066666666666667","0.7083333333333334","0.9069767441860465","0.24444444444444444","0.6794871794871795"
