"Overall","choose","compare","logical","query","verify"
"43.965654317061535","53.23294951284322","38.030560271646856","60.12201885745979","35.53269654665687","53.41918294849023"
