"split","Overall","acc","precision","recall"
"Overall","88.72901678657074","89.03333333333333","91.26145172656801","86.33333333333333"
"popular","88.78985258827562","89.1","91.39026111503176","86.33333333333333"
"adversarial","86.27581612258494","86.26666666666667","86.21837549933421","86.33333333333333"
"random","91.261451726568","91.73333333333333","96.78624813153961","86.33333333333333"
