"split","Overall","acc","precision","recall"
"Overall","84.64846019755954","85.32222222222222","88.721071863581","80.93333333333334"
"adversarial","82.08248816768086","82.33333333333334","83.26474622770918","80.93333333333334"
"popular","84.01384083044982","84.6","87.33812949640289","80.93333333333334"
"random","88.06673920928546","89.03333333333333","96.57915672235481","80.93333333333334"
