"split","Overall","AR","CP","FP-C","FP-S","LR","RR","action_recognition","attribute_comparison","attribute_recognition","celebrity_recognition","function_reasoning","future_prediction","identity_reasoning","image_emotion","image_quality","image_scene","image_style","image_topic","nature_relation","object_localization","ocr","physical_property_reasoning","physical_relation","social_relation","spatial_relationship","structuralized_imagetext_understanding"
"dev","0.770618556701031","0.8090452261306532","0.8175675675675675","0.6713286713286714","0.7815699658703071","0.6864406779661016","0.7652173913043478","0.8518518518518519","0.6590909090909091","0.9054054054054054","0.8181818181818182","0.8227848101265823","0.575","0.9777777777777777","0.72","0.7547169811320755","0.9615384615384616","0.660377358490566","0.8611111111111112","0.6875","0.5802469135802469","0.8717948717948718","0.6933333333333334","0.7916666666666666","0.8372093023255814","0.4666666666666667","0.7435897435897436"
