"split","Overall","Instance Attributes","Instance Identity","Instance Interaction","Instance Location","Instances Counting","Scene Understanding","Spatial Relation","Text Understanding","Visual Reasoning"
"none","0.5629567172568859","0.5863626586362659","0.5614418350628072","0.6185567010309279","0.4539877300613497","0.48058847568451163","0.642811906269791","0.4322678843226788","0.5833333333333334","0.649546827794562"
