"split","Overall","AR","CP","FP-C","FP-S","LR","RR","action_recognition","attribute_comparison","attribute_recognition","celebrity_recognition","function_reasoning","future_prediction","identity_reasoning","image_emotion","image_quality","image_scene","image_style","image_topic","nature_relation","object_localization","ocr","physical_property_reasoning","physical_relation","social_relation","spatial_relationship","structuralized_imagetext_understanding"
"dev","0.5438144329896907","0.6381909547738693","0.6858108108108109","0.4195804195804196","0.5324232081911263","0.3305084745762712","0.41739130434782606","0.6481481481481481","0.4772727272727273","0.7162162162162162","0.5050505050505051","0.6329113924050633","0.275","0.8444444444444444","0.52","0.7735849056603774","0.8173076923076923","0.4339622641509434","0.7777777777777778","0.3333333333333333","0.4074074074074074","0.5128205128205128","0.52","0.5","0.46511627906976744","0.08888888888888889","0.358974358974359"
