"split","Overall","acc","precision","recall"
"Overall","69.95831162063575","74.37777777777778","84.54030226700252","59.66666666666667"
"adversarial","67.57266893167233","71.36666666666667","77.89382071366406","59.66666666666667"
"random","73.66255144032922","78.66666666666666","96.23655913978494","59.66666666666667"
"popular","68.92568348093954","73.1","81.58614402917046","59.66666666666667"
