"Overall","choose","compare","logical","query","verify"
"41.83494991254572","68.64481842338353","54.32937181663837","64.94731003882418","22.850844966936076","63.98756660746003"
