"split","Overall","acc","precision","recall"
"Overall","72.22533632286995","77.97777777777777","97.7617602427921","57.266666666666666"
"random","72.73497036409823","78.53333333333333","99.65197215777262","57.266666666666666"
"adversarial","71.73277661795407","77.43333333333334","95.97765363128492","57.266666666666666"
"popular","72.21521647751156","77.96666666666667","97.72468714448237","57.266666666666666"
