"split","Overall","AR","CP","FP-C","FP-S","LR","RR","action_recognition","attribute_comparison","attribute_recognition","celebrity_recognition","function_reasoning","future_prediction","identity_reasoning","image_emotion","image_quality","image_scene","image_style","image_topic","nature_relation","object_localization","ocr","physical_property_reasoning","physical_relation","social_relation","spatial_relationship","structuralized_imagetext_understanding"
"dev","0.6365979381443299","0.6834170854271356","0.7601351351351351","0.5244755244755245","0.6655290102389079","0.288135593220339","0.6608695652173913","0.8333333333333334","0.4772727272727273","0.9324324324324325","0.7171717171717171","0.6962025316455697","0.2","0.9555555555555556","0.68","0.5471698113207547","0.9134615384615384","0.7735849056603774","0.7222222222222222","0.5208333333333334","0.3950617283950617","0.5897435897435898","0.5066666666666667","0.6666666666666666","0.813953488372093","0.2","0.3333333333333333"
