"split","Overall","Instance Attributes","Instance Identity","Instance Interaction","Instance Location","Instances Counting","Scene Understanding","Spatial Relation","Text Understanding","Visual Reasoning"
"none","0.6870432827431141","0.7238115723811572","0.6952484980884762","0.6597938144329897","0.6247443762781186","0.576624438087454","0.7583913869537682","0.5418569254185692","0.5714285714285714","0.770392749244713"
