"Overall","choose","compare","logical","query","verify"
"7.338209572269042","6.111603188662533","3.7351443123938877","18.912922906267333","4.217487141807495","9.058614564831261"
