"split","Overall","acc","precision","recall"
"Overall","79.70588235294119","81.6","88.85245901639345","72.26666666666667"
"adversarial","77.37330478229836","78.86666666666666","83.25652841781874","72.26666666666667"
"random","82.27703984819735","84.43333333333334","95.50660792951543","72.26666666666667"
"popular","79.61806830701433","81.5","88.63450531479967","72.26666666666667"
