"split","Overall","Instance Attributes","Instance Identity","Instance Interaction","Instance Location","Instances Counting","Scene Understanding","Spatial Relation","Text Understanding","Visual Reasoning"
"none","0.6650505902192243","0.6870294687029469","0.6810486073184052","0.6391752577319587","0.5869120654396728","0.5839803841438496","0.7260924635845472","0.5722983257229832","0.6309523809523809","0.716012084592145"
