"split","Overall","AR","CP","FP-C","FP-S","LR","RR","action_recognition","attribute_comparison","attribute_recognition","celebrity_recognition","function_reasoning","future_prediction","identity_reasoning","image_emotion","image_quality","image_scene","image_style","image_topic","nature_relation","object_localization","ocr","physical_property_reasoning","physical_relation","social_relation","spatial_relationship","structuralized_imagetext_understanding"
"dev","0.6958762886597938","0.7839195979899497","0.7533783783783784","0.5944055944055944","0.7167235494880546","0.5508474576271186","0.6173913043478261","0.7777777777777778","0.5909090909090909","0.7837837837837838","0.8181818181818182","0.8227848101265823","0.425","0.9555555555555556","0.6","0.7169811320754716","0.9423076923076923","0.5283018867924528","0.8055555555555556","0.5625","0.5185185185185185","0.7435897435897436","0.64","0.4583333333333333","0.7674418604651163","0.37777777777777777","0.6153846153846154"
