"Overall","choose","compare","logical","query","verify"
"51.90809349658133","75.99645704162977","59.9320882852292","71.32556849694953","34.68038207200588","74.24511545293073"
