"split","Overall","acc","precision","recall"
"Overall","70.37722419928826","76.87777777777778","97.9009900990099","54.93333333333334"
"adversarial","69.8601102161933","76.3","95.92549476135041","54.93333333333334"
"popular","70.39726612558735","76.9","97.97859690844233","54.93333333333334"
"random","70.88172043010753","77.43333333333334","99.87878787878788","54.93333333333334"
