"Overall","choose","compare","logical","query","verify"
"52.504372714263006","74.40212577502214","56.196943972835314","69.21797004991681","35.944158706833214","77.2202486678508"
