{
    "Bleu": [
        73.5348226018382,
        55.856959434365294,
        41.43610348755833,
        30.523273709345624
    ],
    "ROUGE_L": 52.506760908704486,
    "CIDEr": 87.81617599571561
}