"split","Overall","acc","precision","recall"
"Overall","83.92514395393475","85.11111111111111","91.18873826903024","77.73333333333333"
"random","85.82995951417004","87.16666666666667","95.80936729663107","77.73333333333333"
"popular","84.37047756874095","85.6","92.24683544303798","77.73333333333333"
"adversarial","81.68126094570928","82.56666666666666","86.05166051660517","77.73333333333333"
