"split","Overall","AR","CP","FP-C","FP-S","LR","RR","action_recognition","attribute_comparison","attribute_recognition","celebrity_recognition","function_reasoning","future_prediction","identity_reasoning","image_emotion","image_quality","image_scene","image_style","image_topic","nature_relation","object_localization","ocr","physical_property_reasoning","physical_relation","social_relation","spatial_relationship","structuralized_imagetext_understanding"
"dev","0.40807560137457044","0.36683417085427134","0.5574324324324325","0.36363636363636365","0.48464163822525597","0.1440677966101695","0.22608695652173913","0.6851851851851852","0.25","0.4594594594594595","0.8080808080808081","0.3291139240506329","0.2","0.6666666666666666","0.54","0.018867924528301886","0.7980769230769231","0.5471698113207547","0.6944444444444444","0.25","0.12345679012345678","0.46153846153846156","0.22666666666666666","0.20833333333333334","0.20930232558139536","0.08888888888888889","0.11538461538461539"
