"split","Overall","Instance Attributes","Instance Identity","Instance Interaction","Instance Location","Instances Counting","Scene Understanding","Spatial Relation","Text Understanding","Visual Reasoning"
"none","0.552557616638561","0.5741019574101958","0.6029492080830148","0.5670103092783505","0.5112474437627812","0.41070698814875356","0.6481950601646612","0.4185692541856925","0.2857142857142857","0.5589123867069486"
