"split","Overall","Instance Attributes","Instance Identity","Instance Interaction","Instance Location","Instances Counting","Scene Understanding","Spatial Relation","Text Understanding","Visual Reasoning"
"none","0.757026419336706","0.7702731770273177","0.7853631895139268","0.711340206185567","0.6942740286298569","0.6975888843481814","0.7998733375554148","0.6590563165905632","0.8333333333333334","0.8187311178247734"
