"split","Overall","acc","precision","recall"
"Overall","89.05495516210622","89.42222222222223","92.25821819914245","86.06666666666666"
"random","91.39823008849558","91.9","97.43396226415094","86.06666666666666"
"adversarial","86.93602693602693","87.06666666666666","87.82312925170068","86.06666666666666"
"popular","88.94247330347918","89.3","92.01710620099787","86.06666666666666"
