"split","Overall","AR","CP","FP-C","FP-S","LR","RR","action_recognition","attribute_comparison","attribute_recognition","celebrity_recognition","function_reasoning","future_prediction","identity_reasoning","image_emotion","image_quality","image_scene","image_style","image_topic","nature_relation","object_localization","ocr","physical_property_reasoning","physical_relation","social_relation","spatial_relationship","structuralized_imagetext_understanding"
"dev","0.8384879725085911","0.8492462311557789","0.8783783783783784","0.7482517482517482","0.856655290102389","0.7627118644067796","0.8608695652173913","0.9074074074074074","0.7272727272727273","0.9594594594594594","0.8787878787878788","0.8734177215189873","0.65","1.0","0.84","0.6792452830188679","0.9807692307692307","0.8867924528301887","0.9166666666666666","0.7916666666666666","0.691358024691358","0.9487179487179487","0.7333333333333333","0.8333333333333334","0.9534883720930233","0.5777777777777777","0.8205128205128205"
