"Overall","choose","compare","logical","query","verify"
"51.69343297821594","63.330380868024804","58.91341256366724","76.2063227953411","36.41440117560617","70.51509769094139"
