"split","Overall","acc","precision","recall"
"Overall","81.18936625929193","83.41111111111111","93.7445446610416","71.6"
"adversarial","79.88099665303085","81.96666666666667","90.32800672834314","71.6"
"popular","81.30204390613171","83.53333333333333","94.04553415061297","71.6"
"random","82.42517267843438","84.73333333333333","97.10669077757686","71.6"
