"split","Overall","Instance Attributes","Instance Identity","Instance Interaction","Instance Location","Instances Counting","Scene Understanding","Spatial Relation","Text Understanding","Visual Reasoning"
"none","0.6534569983136593","0.694773069477307","0.6684871654833424","0.5670103092783505","0.5674846625766872","0.5455659991826727","0.7295756808106396","0.4733637747336377","0.6428571428571429","0.7009063444108762"
