"split","Overall","AR","CP","FP-C","FP-S","LR","RR","action_recognition","attribute_comparison","attribute_recognition","celebrity_recognition","function_reasoning","future_prediction","identity_reasoning","image_emotion","image_quality","image_scene","image_style","image_topic","nature_relation","object_localization","ocr","physical_property_reasoning","physical_relation","social_relation","spatial_relationship","structuralized_imagetext_understanding"
"dev","0.5592783505154639","0.6582914572864321","0.7162162162162162","0.48951048951048953","0.5494880546075085","0.19491525423728814","0.46956521739130436","0.7962962962962963","0.45454545454545453","0.7702702702702703","0.5353535353535354","0.759493670886076","0.175","0.9111111111111111","0.62","0.4716981132075472","0.9134615384615384","0.660377358490566","0.7222222222222222","0.2708333333333333","0.37037037037037035","0.5384615384615384","0.4","0.2916666666666667","0.7906976744186046","0.15555555555555556","0.20512820512820512"
