"Overall","choose","compare","logical","query","verify"
"11.20209890284624","19.22054915854739","7.979626485568761","37.93677204658902","1.2196914033798678","16.785079928952044"
