"split","Overall","acc","precision","recall"
"Overall","81.82130978323204","82.38888888888889","84.54610097179427","79.26666666666667"
"random","85.72458543619321","86.8","93.32810047095761","79.26666666666667"
"popular","81.27136021872865","81.73333333333333","83.38008415147266","79.26666666666667"
"adversarial","78.767803908579","78.63333333333333","78.275181040158","79.26666666666667"
