"split","Overall","AR","CP","FP-C","FP-S","LR","RR","action_recognition","attribute_comparison","attribute_recognition","celebrity_recognition","function_reasoning","future_prediction","identity_reasoning","image_emotion","image_quality","image_scene","image_style","image_topic","nature_relation","object_localization","ocr","physical_property_reasoning","physical_relation","social_relation","spatial_relationship","structuralized_imagetext_understanding"
"dev","0.686426116838488","0.7839195979899497","0.7871621621621622","0.5524475524475524","0.6928327645051194","0.5084745762711864","0.591304347826087","0.7407407407407407","0.6818181818181818","0.8783783783783784","0.7070707070707071","0.7974683544303798","0.4","0.9111111111111111","0.64","0.7358490566037735","0.9423076923076923","0.6037735849056604","0.8888888888888888","0.4791666666666667","0.49382716049382713","0.717948717948718","0.6933333333333334","0.625","0.6976744186046512","0.2","0.5641025641025641"
