"Overall","choose","compare","logical","query","verify"
"48.584830656702174","71.74490699734278","58.40407470288624","71.3810316139767","30.389419544452608","71.13676731793961"
