"perception","reasoning","OCR","artwork","celebrity","code_reasoning","color","commonsense_reasoning","count","existence","landmark","numerical_calculation","position","posters","scene","text_translation"
"1393.3702480992397","591.0714285714286","170.0","117.75","116.47058823529412","155.0","128.33333333333334","118.57142857142857","141.66666666666666","168.33333333333331","129.25","117.5","118.33333333333334","157.48299319727892","145.75","200.0"
