"split","Overall","acc","precision","recall"
"Overall","79.75575387505872","80.84444444444443","84.56175298804781","75.46666666666667"
"popular","79.05027932960894","80.0","82.99120234604106","75.46666666666667"
"adversarial","76.8760611205433","77.3","78.33910034602076","75.46666666666667"
"random","83.63502031769487","85.23333333333333","93.78624689312345","75.46666666666667"
