"split","Overall","Instance Attributes","Instance Identity","Instance Interaction","Instance Location","Instances Counting","Scene Understanding","Spatial Relation","Text Understanding","Visual Reasoning"
"none","0.6375070264193367","0.6179823617982362","0.632987438558165","0.6907216494845361","0.5950920245398773","0.5815284021250511","0.7175427485750475","0.604261796042618","0.6904761904761905","0.7492447129909365"
