"split","Overall","AR","CP","FP-C","FP-S","LR","RR","action_recognition","attribute_comparison","attribute_recognition","celebrity_recognition","function_reasoning","future_prediction","identity_reasoning","image_emotion","image_quality","image_scene","image_style","image_topic","nature_relation","object_localization","ocr","physical_property_reasoning","physical_relation","social_relation","spatial_relationship","structuralized_imagetext_understanding"
"dev","0.6907216494845361","0.7587939698492462","0.7736486486486487","0.5944055944055944","0.6621160409556314","0.635593220338983","0.6086956521739131","0.7407407407407407","0.5454545454545454","0.7972972972972973","0.6060606060606061","0.7848101265822784","0.5","0.9111111111111111","0.7","0.7735849056603774","0.9038461538461539","0.5283018867924528","0.8611111111111112","0.5208333333333334","0.5555555555555556","0.7692307692307693","0.64","0.75","0.627906976744186","0.4666666666666667","0.7051282051282052"
