"split","Overall","acc","precision","recall"
"Overall","64.47587354409319","71.53333333333333","85.73008849557522","51.66666666666667"
"random","66.46655231560892","73.93333333333332","93.14903846153845","51.66666666666667"
"popular","64.39551308683009","71.43333333333334","85.44652701212789","51.66666666666667"
"adversarial","62.676910634856455","69.23333333333333","79.65056526207606","51.66666666666667"
