"split","Overall","AR","CP","FP-C","FP-S","LR","RR","action_recognition","attribute_comparison","attribute_recognition","celebrity_recognition","function_reasoning","future_prediction","identity_reasoning","image_emotion","image_quality","image_scene","image_style","image_topic","nature_relation","object_localization","ocr","physical_property_reasoning","physical_relation","social_relation","spatial_relationship","structuralized_imagetext_understanding"
"dev","0.5859106529209622","0.6934673366834171","0.6655405405405406","0.5104895104895105","0.5870307167235495","0.3813559322033898","0.4956521739130435","0.6851851851851852","0.5","0.7432432432432432","0.6363636363636364","0.7088607594936709","0.4","0.8222222222222222","0.52","0.5660377358490566","0.8269230769230769","0.5094339622641509","0.7777777777777778","0.4375","0.3950617283950617","0.5641025641025641","0.6","0.3333333333333333","0.6511627906976745","0.3111111111111111","0.3717948717948718"
