"split","Overall","Instance Attributes","Instance Identity","Instance Interaction","Instance Location","Instances Counting","Scene Understanding","Spatial Relation","Text Understanding","Visual Reasoning"
"none","0.5867060146149522","0.6052914605291461","0.5936646641179684","0.6185567010309279","0.5214723926380368","0.4997956681651001","0.6424952501583281","0.5372907153729072","0.5595238095238095","0.6858006042296072"
