"Overall","choose","compare","logical","query","verify"
"46.02480521545556","71.03631532329496","57.555178268251275","65.83471991125901","28.81704628949302","66.60746003552399"
