"split","Overall","Instance Attributes","Instance Identity","Instance Interaction","Instance Location","Instances Counting","Scene Understanding","Spatial Relation","Text Understanding","Visual Reasoning"
"none","0.5550871275997752","0.5764680576468058","0.6013107591480066","0.5773195876288659","0.5173824130879345","0.41070698814875356","0.6554781507283091","0.4155251141552511","0.30952380952380953","0.552870090634441"
