{
    "Bleu": [
        71.53119245634126,
        53.48671798749276,
        39.16867477219451,
        28.642484844679927
    ],
    "ROUGE_L": 50.844520509592705,
    "CIDEr": 81.55804874182824
}