"split","Overall","AR","CP","FP-C","FP-S","LR","RR","action_recognition","attribute_comparison","attribute_recognition","celebrity_recognition","function_reasoning","future_prediction","identity_reasoning","image_emotion","image_quality","image_scene","image_style","image_topic","nature_relation","object_localization","ocr","physical_property_reasoning","physical_relation","social_relation","spatial_relationship","structuralized_imagetext_understanding"
"dev","0.37628865979381443","0.35175879396984927","0.5168918918918919","0.3146853146853147","0.4402730375426621","0.1271186440677966","0.22608695652173913","0.5925925925925926","0.18181818181818182","0.44594594594594594","0.6868686868686869","0.34177215189873417","0.2","0.6","0.48","0.05660377358490566","0.75","0.49056603773584906","0.6111111111111112","0.2916666666666667","0.09876543209876543","0.5128205128205128","0.21333333333333335","0.16666666666666666","0.18604651162790697","0.1111111111111111","0.08974358974358974"
