"split","Overall","acc","precision","recall"
"Overall","82.09995194617973","83.44444444444444","89.35669456066945","75.93333333333334"
"popular","82.3869801084991","83.76666666666667","90.03952569169961","75.93333333333334"
"adversarial","79.81779957953748","80.80000000000001","84.12112259970458","75.93333333333334"
"random","84.2144177449168","85.76666666666667","94.52282157676348","75.93333333333334"
