"Overall","choose","compare","logical","query","verify"
"52.31356336460487","74.2249778565102","55.85738539898133","65.55740432612312","36.39970609845702","77.88632326820604"
