"split","Overall","Instance Attributes","Instance Identity","Instance Interaction","Instance Location","Instances Counting","Scene Understanding","Spatial Relation","Text Understanding","Visual Reasoning"
"none","0.5867060146149522","0.6147558614755861","0.576187875477881","0.6185567010309279","0.5265848670756647","0.5055169595422967","0.636162127929069","0.5235920852359208","0.6904761904761905","0.6465256797583081"
