"Overall","choose","compare","logical","query","verify"
"46.12816027985372","73.07351638618246","60.78098471986417","68.4969495285635","27.86186627479794","66.07460035523978"
