"Overall","choose","compare","logical","query","verify"
"57.55287009063444","84.32240921169176","71.64685908319186","76.31724902939546","39.73548861131521","79.26287744227353"
