"split","Overall","AR","CP","FP-C","FP-S","LR","RR","action_recognition","attribute_comparison","attribute_recognition","celebrity_recognition","function_reasoning","future_prediction","identity_reasoning","image_emotion","image_quality","image_scene","image_style","image_topic","nature_relation","object_localization","ocr","physical_property_reasoning","physical_relation","social_relation","spatial_relationship","structuralized_imagetext_understanding"
"dev","0.7491408934707904","0.7236180904522613","0.8445945945945946","0.6923076923076923","0.8054607508532423","0.4661016949152542","0.7652173913043478","0.8703703703703703","0.6590909090909091","0.9324324324324325","0.9292929292929293","0.8860759493670886","0.475","0.9777777777777777","0.74","0.6415094339622641","0.9711538461538461","0.8867924528301887","0.8611111111111112","0.75","0.5432098765432098","0.7948717948717948","0.4","0.5833333333333334","0.8837209302325582","0.5111111111111111","0.46153846153846156"
