"split","Overall","acc","precision","recall"
"Overall","80.9849168492974","83.61111111111111","96.43844028246853","69.8"
"popular","81.00580270793037","83.63333333333334","96.49769585253456","69.8"
"adversarial","80.1071155317521","82.66666666666667","93.98563734290843","69.8"
"random","81.86082877247848","84.53333333333333","98.96030245746692","69.8"
