"split","Overall","AR","CP","FP-C","FP-S","LR","RR","action_recognition","attribute_comparison","attribute_recognition","celebrity_recognition","function_reasoning","future_prediction","identity_reasoning","image_emotion","image_quality","image_scene","image_style","image_topic","nature_relation","object_localization","ocr","physical_property_reasoning","physical_relation","social_relation","spatial_relationship","structuralized_imagetext_understanding"
"dev","0.7156357388316151","0.7185929648241206","0.7837837837837838","0.6713286713286714","0.7372013651877133","0.576271186440678","0.6782608695652174","0.8148148148148148","0.6590909090909091","0.7837837837837838","0.8686868686868687","0.8481012658227848","0.525","0.9777777777777777","0.62","0.7169811320754716","0.9326923076923077","0.660377358490566","0.8611111111111112","0.5833333333333334","0.49382716049382713","0.8205128205128205","0.4266666666666667","0.625","0.813953488372093","0.5111111111111111","0.6025641025641025"
