"split","Overall","Instance Attributes","Instance Identity","Instance Interaction","Instance Location","Instances Counting","Scene Understanding","Spatial Relation","Text Understanding","Visual Reasoning"
"none","0.6883080382237212","0.705312970531297","0.701802293828509","0.7216494845360825","0.630879345603272","0.6113608500204332","0.7479417352754908","0.5768645357686454","0.7023809523809523","0.7522658610271903"
