"Overall","choose","compare","logical","query","verify"
"52.9336937509938","80.15943312666076","64.68590831918506","73.43316694398226","35.238795003673765","73.26820603907638"
