"split","Overall","acc","precision","recall"
"Overall","76.61394866476535","79.95555555555556","91.9415059116366","65.66666666666666"
"popular","76.14998067259373","79.43333333333334","90.6163753449862","65.66666666666666"
"adversarial","75.39226942212017","78.56666666666666","88.4995507637017","65.66666666666666"
"random","78.36117740652345","81.86666666666666","97.14003944773175","65.66666666666666"
