"split","Overall","acc","precision","recall"
"Overall","64.89111241907005","73.4888888888889","96.03658536585365","49.0"
"random","65.50802139037432","74.2","98.79032258064517","49.0"
"popular","64.81481481481481","73.4","95.703125","49.0"
"adversarial","64.36077057793345","72.86666666666667","93.75","49.0"
