"Overall","choose","compare","logical","query","verify"
"9.492765145492129","9.565987599645705","6.112054329371817","22.51802551303383","5.657604702424688","11.50088809946714"
