"split","Overall","Instance Attributes","Instance Identity","Instance Interaction","Instance Location","Instances Counting","Scene Understanding","Spatial Relation","Text Understanding","Visual Reasoning"
"none","0.6162169758291175","0.6379866637986664","0.5947569634079738","0.6185567010309279","0.5633946830265849","0.5247241520228851","0.6985433818872704","0.5098934550989346","0.5833333333333334","0.6948640483383686"
