"split","Overall","AR","CP","FP-C","FP-S","LR","RR","action_recognition","attribute_comparison","attribute_recognition","celebrity_recognition","function_reasoning","future_prediction","identity_reasoning","image_emotion","image_quality","image_scene","image_style","image_topic","nature_relation","object_localization","ocr","physical_property_reasoning","physical_relation","social_relation","spatial_relationship","structuralized_imagetext_understanding"
"dev","0.44501718213058417","0.507537688442211","0.5540540540540541","0.34965034965034963","0.45733788395904434","0.211864406779661","0.3826086956521739","0.6666666666666666","0.22727272727272727","0.6891891891891891","0.5050505050505051","0.6075949367088608","0.175","0.5555555555555556","0.42","0.4716981132075472","0.7307692307692307","0.4339622641509434","0.5277777777777778","0.10416666666666667","0.30864197530864196","0.20512820512820512","0.37333333333333335","0.5833333333333334","0.5813953488372093","0.08888888888888889","0.23076923076923078"
