"split","Overall","acc","precision","recall"
"Overall","81.80854821617804","82.83333333333334","87.00225394440271","77.2"
"adversarial","79.0174002047083","79.5","80.92243186582809","77.2"
"popular","81.2061711079944","82.13333333333334","85.6508875739645","77.2"
"random","85.46125461254613","86.86666666666667","95.70247933884298","77.2"
