"split","Overall","AR","CP","FP-C","FP-S","LR","RR","action_recognition","attribute_comparison","attribute_recognition","celebrity_recognition","function_reasoning","future_prediction","identity_reasoning","image_emotion","image_quality","image_scene","image_style","image_topic","nature_relation","object_localization","ocr","physical_property_reasoning","physical_relation","social_relation","spatial_relationship","structuralized_imagetext_understanding"
"dev","0.7319587628865979","0.7738693467336684","0.7972972972972973","0.6573426573426573","0.7372013651877133","0.6271186440677966","0.6782608695652174","0.8518518518518519","0.6590909090909091","0.8378378378378378","0.7272727272727273","0.8227848101265823","0.55","0.9333333333333333","0.68","0.7735849056603774","0.9519230769230769","0.5849056603773585","0.8611111111111112","0.5416666666666666","0.5925925925925926","0.8717948717948718","0.6266666666666667","0.75","0.7906976744186046","0.4222222222222222","0.6666666666666666"
