{
    "Bleu": [
        74.82483788721217,
        57.716770762933336,
        43.43342947835566,
        32.523985689486054
    ],
    "ROUGE_L": 53.674990635951204,
    "CIDEr": 93.58418585743527
}