"split","Overall","AR","CP","FP-C","FP-S","LR","RR","action_recognition","attribute_comparison","attribute_recognition","celebrity_recognition","function_reasoning","future_prediction","identity_reasoning","image_emotion","image_quality","image_scene","image_style","image_topic","nature_relation","object_localization","ocr","physical_property_reasoning","physical_relation","social_relation","spatial_relationship","structuralized_imagetext_understanding"
"dev","0.4415807560137457","0.38190954773869346","0.597972972972973","0.38461538461538464","0.5460750853242321","0.1864406779661017","0.20869565217391303","0.7592592592592593","0.20454545454545456","0.5","0.8585858585858586","0.35443037974683544","0.25","0.6666666666666666","0.54","0.09433962264150944","0.7980769230769231","0.6792452830188679","0.7222222222222222","0.22916666666666666","0.2222222222222222","0.5128205128205128","0.24","0.16666666666666666","0.20930232558139536","0.1111111111111111","0.15384615384615385"
