"split","Overall","acc","precision","recall"
"Overall","83.92317912791401","85.21111111111111","91.9290817676634","77.2"
"random","85.87319243604003","87.3","96.74185463659147","77.2"
"adversarial","81.80854821617804","82.83333333333334","87.00225394440271","77.2"
"popular","84.18756815703381","85.5","92.56594724220624","77.2"
