"split","Overall","acc","precision","recall"
"Overall","83.2579185520362","85.2","95.83333333333334","73.6"
"adversarial","82.17342761443989","84.03333333333333","93.00758213984835","73.6"
"popular","83.28932478310072","85.23333333333333","95.91659426585578","73.6"
"random","84.33919022154316","86.33333333333333","98.74776386404294","73.6"
