"split","Overall","AR","CP","FP-C","FP-S","LR","RR","action_recognition","attribute_comparison","attribute_recognition","celebrity_recognition","function_reasoning","future_prediction","identity_reasoning","image_emotion","image_quality","image_scene","image_style","image_topic","nature_relation","object_localization","ocr","physical_property_reasoning","physical_relation","social_relation","spatial_relationship","structuralized_imagetext_understanding"
"dev","0.7903780068728522","0.7236180904522613","0.8682432432432432","0.7552447552447552","0.825938566552901","0.635593220338983","0.8173913043478261","0.9259259259259259","0.75","0.918918918918919","0.9191919191919192","0.8860759493670886","0.625","0.9777777777777777","0.82","0.7358490566037735","0.9711538461538461","0.8301886792452831","0.8888888888888888","0.8333333333333334","0.6049382716049383","0.8717948717948718","0.4","0.625","0.9069767441860465","0.5555555555555556","0.6410256410256411"
