"Overall","choose","compare","logical","query","verify"
"56.97249165209095","82.9052258635961","70.62818336162988","76.2063227953411","39.32402645113886","78.3303730017762"
