"Overall","choose","compare","logical","query","verify"
"56.48751788837652","83.79096545615589","70.11884550084889","74.65335551858014","39.015429831006614","77.48667850799289"
