"split","Overall","Instance Attributes","Instance Identity","Instance Interaction","Instance Location","Instances Counting","Scene Understanding","Spatial Relation","Text Understanding","Visual Reasoning"
"none","0.7407251264755481","0.7586577758657775","0.7575095576187876","0.7422680412371134","0.6973415132924335","0.6681651001225991","0.791956934768841","0.6179604261796042","0.8095238095238095","0.797583081570997"
