"split","Overall","AR","CP","FP-C","FP-S","LR","RR","action_recognition","attribute_comparison","attribute_recognition","celebrity_recognition","function_reasoning","future_prediction","identity_reasoning","image_emotion","image_quality","image_scene","image_style","image_topic","nature_relation","object_localization","ocr","physical_property_reasoning","physical_relation","social_relation","spatial_relationship","structuralized_imagetext_understanding"
"dev","0.7714776632302406","0.7386934673366834","0.8547297297297297","0.7412587412587412","0.78839590443686","0.6016949152542372","0.782608695652174","0.8703703703703703","0.75","0.9054054054054054","0.9090909090909091","0.8734177215189873","0.6","0.9777777777777777","0.8","0.7358490566037735","0.9519230769230769","0.8113207547169812","0.8888888888888888","0.8125","0.5185185185185185","0.8205128205128205","0.4533333333333333","0.5833333333333334","0.8604651162790697","0.5777777777777777","0.6025641025641025"
