"split","Overall","acc","precision","recall"
"Overall","81.42966166369881","83.77777777777777","95.21118381915527","71.13333333333334"
"adversarial","80.34638554216868","82.6","92.30103806228374","71.13333333333334"
"popular","81.38825324180014","83.73333333333333","95.09803921568627","71.13333333333334"
"random","82.58513931888545","85.0","98.43173431734317","71.13333333333334"
