"split","Overall","acc","precision","recall"
"Overall","82.80015054572826","84.76666666666667","95.0734658599827","73.33333333333333"
"random","83.77760853008377","85.8","97.69094138543517","73.33333333333333"
"adversarial","81.9366852886406","83.83333333333334","92.82700421940928","73.33333333333333"
"popular","82.70676691729324","84.66666666666667","94.82758620689656","73.33333333333333"
