"split","Overall","AR","CP","FP-C","FP-S","LR","RR","action_recognition","attribute_comparison","attribute_recognition","celebrity_recognition","function_reasoning","future_prediction","identity_reasoning","image_emotion","image_quality","image_scene","image_style","image_topic","nature_relation","object_localization","ocr","physical_property_reasoning","physical_relation","social_relation","spatial_relationship","structuralized_imagetext_understanding"
"dev","0.5833333333333334","0.6633165829145728","0.7466216216216216","0.4965034965034965","0.6040955631399317","0.211864406779661","0.4608695652173913","0.8148148148148148","0.45454545454545453","0.8243243243243243","0.6262626262626263","0.7468354430379747","0.175","0.9333333333333333","0.7","0.4716981132075472","0.9134615384615384","0.7547169811320755","0.7222222222222222","0.2916666666666667","0.3950617283950617","0.5641025641025641","0.41333333333333333","0.16666666666666666","0.813953488372093","0.15555555555555556","0.23076923076923078"
