"split","Overall","Instance Attributes","Instance Identity","Instance Interaction","Instance Location","Instances Counting","Scene Understanding","Spatial Relation","Text Understanding","Visual Reasoning"
"none","0.6611157953906689","0.7035921703592171","0.6766794101583834","0.5773195876288659","0.5736196319018405","0.5557825909276666","0.7343255224825839","0.4748858447488584","0.5595238095238095","0.7371601208459214"
