"Overall","choose","compare","logical","query","verify"
"12.450310065193195","21.87776793622675","10.0169779286927","40.59900166389351","1.6605437178545186","18.428063943161636"
