"Overall","choose","compare","logical","query","verify"
"7.894736842105263","14.083259521700619","0.8488964346349746","27.121464226289515","1.0139603232916972","12.033747779751332"
