"split","Overall","acc","precision","recall"
"Overall","69.33546837469977","74.46666666666667","86.77354709418837","57.733333333333334"
"adversarial","67.92156862745098","72.73333333333333","82.47619047619048","57.733333333333334"
"popular","69.00398406374502","74.06666666666666","85.74257425742574","57.733333333333334"
"random","71.15858668857847","76.6","92.71948608137045","57.733333333333334"
