"split","Overall","Instance Attributes","Instance Identity","Instance Interaction","Instance Location","Instances Counting","Scene Understanding","Spatial Relation","Text Understanding","Visual Reasoning"
"none","0.5468662169758292","0.5889438588943859","0.5264882577826324","0.4948453608247423","0.46830265848670755","0.4511646914589293","0.6174794173527549","0.4033485540334855","0.6428571428571429","0.6102719033232629"
