"split","Overall","AR","CP","FP-C","FP-S","LR","RR","action_recognition","attribute_comparison","attribute_recognition","celebrity_recognition","function_reasoning","future_prediction","identity_reasoning","image_emotion","image_quality","image_scene","image_style","image_topic","nature_relation","object_localization","ocr","physical_property_reasoning","physical_relation","social_relation","spatial_relationship","structuralized_imagetext_understanding"
"dev","0.43127147766323026","0.5527638190954773","0.5540540540540541","0.35664335664335667","0.4061433447098976","0.23728813559322035","0.2608695652173913","0.5555555555555556","0.38636363636363635","0.6081081081081081","0.37373737373737376","0.6329113924050633","0.275","0.7555555555555555","0.56","0.39622641509433965","0.7692307692307693","0.32075471698113206","0.5","0.1875","0.24691358024691357","0.4358974358974359","0.3466666666666667","0.16666666666666666","0.3953488372093023","0.08888888888888889","0.21794871794871795"
