"Overall","choose","compare","logical","query","verify"
"40.25282238829703","46.76705048715677","30.89983022071307","54.24292845257903","34.88611315209405","44.449378330373"
