"split","Overall","acc","precision","recall"
"Overall","84.05968735196588","85.04444444444445","89.98478701825557","78.86666666666666"
"popular","83.99006034788782","84.96666666666667","89.82536066818527","78.86666666666666"
"random","86.57153311379436","87.76666666666667","95.9448499594485","78.86666666666666"
"adversarial","81.75535590877678","82.39999999999999","84.86370157819225","78.86666666666666"
