"split","Overall","Instance Attributes","Instance Identity","Instance Interaction","Instance Location","Instances Counting","Scene Understanding","Spatial Relation","Text Understanding","Visual Reasoning"
"none","0.6996205733558178","0.7195095719509572","0.7023484434735118","0.7319587628865979","0.6513292433537833","0.6309767061708215","0.7618746041798606","0.5388127853881278","0.7857142857142857","0.7492447129909365"
