"Overall","choose","compare","logical","query","verify"
"6.8532358085546194","5.048715677590788","4.074702886247878","18.857459789240156","3.9235855988243937","7.726465364120781"
