"split","Overall","acc","precision","recall"
"Overall","68.83266244968372","75.91111111111111","97.47557003257329","53.2"
"adversarial","68.49785407725322","75.53333333333333","96.14457831325302","53.2"
"popular","68.67469879518072","75.73333333333333","96.84466019417476","53.2"
"random","69.33101650738487","76.46666666666667","99.50124688279301","53.2"
