"split","Overall","AR","CP","FP-C","FP-S","LR","RR","action_recognition","attribute_comparison","attribute_recognition","celebrity_recognition","function_reasoning","future_prediction","identity_reasoning","image_emotion","image_quality","image_scene","image_style","image_topic","nature_relation","object_localization","ocr","physical_property_reasoning","physical_relation","social_relation","spatial_relationship","structuralized_imagetext_understanding"
"dev","0.6099656357388317","0.6884422110552764","0.7398648648648649","0.5034965034965035","0.6040955631399317","0.2966101694915254","0.6086956521739131","0.8518518518518519","0.4090909090909091","0.8513513513513513","0.6363636363636364","0.6962025316455697","0.175","0.9777777777777777","0.64","0.5283018867924528","0.8942307692307693","0.7358490566037735","0.75","0.4791666666666667","0.35802469135802467","0.5641025641025641","0.5066666666666667","0.5833333333333334","0.7674418604651163","0.17777777777777778","0.358974358974359"
