"split","Overall","Instance Attributes","Instance Identity","Instance Interaction","Instance Location","Instances Counting","Scene Understanding","Spatial Relation","Text Understanding","Visual Reasoning"
"none","0.6781197301854974","0.7152075715207572","0.6821409066084108","0.6701030927835051","0.6226993865030674","0.5655905190028606","0.7476250791640279","0.5525114155251142","0.5952380952380952","0.7401812688821753"
