"split","Overall","acc","precision","recall"
"Overall","86.84950773558367","87.53333333333333","91.88988095238095","82.33333333333334"
"adversarial","84.44444444444446","84.83333333333334","86.66666666666667","82.33333333333334"
"popular","87.03312191684284","87.73333333333333","92.30194319880418","82.33333333333334"
"random","89.2018779342723","90.03333333333333","97.32072498029945","82.33333333333334"
