"split","Overall","AR","CP","FP-C","FP-S","LR","RR","action_recognition","attribute_comparison","attribute_recognition","celebrity_recognition","function_reasoning","future_prediction","identity_reasoning","image_emotion","image_quality","image_scene","image_style","image_topic","nature_relation","object_localization","ocr","physical_property_reasoning","physical_relation","social_relation","spatial_relationship","structuralized_imagetext_understanding"
"dev","0.6855670103092784","0.7788944723618091","0.831081081081081","0.5034965034965035","0.7337883959044369","0.3305084745762712","0.6173913043478261","0.9074074074074074","0.3409090909090909","0.8783783783783784","0.7676767676767676","0.8481012658227848","0.275","0.9555555555555556","0.78","0.6792452830188679","0.9903846153846154","0.7169811320754716","0.8333333333333334","0.4166666666666667","0.6419753086419753","0.5641025641025641","0.6","0.5416666666666666","0.8837209302325582","0.17777777777777778","0.358974358974359"
