"Overall","choose","compare","logical","query","verify"
"53.38686595643186","77.76793622674933","56.536502546689306","73.59955629506378","36.10580455547392","76.3765541740675"
