"Overall","choose","compare","logical","query","verify"
"56.03434568293847","83.7023914968999","61.79966044142614","74.09872434830838","38.9860396767083","77.70870337477798"
