"split","Overall","Instance Attributes","Instance Identity","Instance Interaction","Instance Location","Instances Counting","Scene Understanding","Spatial Relation","Text Understanding","Visual Reasoning"
"none","0.6620994940978078","0.7268229726822972","0.6870562534134352","0.6804123711340206","0.6605316973415133","0.61667347772783","0.6269791006966434","0.619482496194825","0.7380952380952381","0.3504531722054381"
