"split","Overall","acc","precision","recall"
"Overall","78.18299805321222","81.32222222222222","93.97815912636506","66.93333333333334"
"random","79.65093216977391","82.89999999999999","98.33496571988248","66.93333333333334"
"adversarial","77.0529547198772","80.06666666666666","90.77757685352623","66.93333333333334"
"popular","77.88983708301008","81.0","93.13543599257885","66.93333333333334"
