"split","Overall","AR","CP","FP-C","FP-S","LR","RR","action_recognition","attribute_comparison","attribute_recognition","celebrity_recognition","function_reasoning","future_prediction","identity_reasoning","image_emotion","image_quality","image_scene","image_style","image_topic","nature_relation","object_localization","ocr","physical_property_reasoning","physical_relation","social_relation","spatial_relationship","structuralized_imagetext_understanding"
"dev","0.7362542955326461","0.7035175879396985","0.8209459459459459","0.6853146853146853","0.757679180887372","0.5932203389830508","0.7304347826086957","0.8518518518518519","0.6136363636363636","0.8378378378378378","0.898989898989899","0.8354430379746836","0.575","0.9777777777777777","0.66","0.7547169811320755","0.9423076923076923","0.7358490566037735","0.9166666666666666","0.7291666666666666","0.5061728395061729","0.7692307692307693","0.4","0.625","0.7906976744186046","0.5555555555555556","0.6025641025641025"
