"Overall","choose","compare","logical","query","verify"
"53.87979010971537","80.8680248007086","67.23259762308999","73.10038824181919","36.443791329904485","74.1563055062167"
