"split","Overall","Instance Attributes","Instance Identity","Instance Interaction","Instance Location","Instances Counting","Scene Understanding","Spatial Relation","Text Understanding","Visual Reasoning"
"none","0.7076306913996627","0.7203699720369972","0.7198252321135992","0.7422680412371134","0.6503067484662577","0.6326113608500205","0.7678910702976568","0.6133942161339422","0.7380952380952381","0.7794561933534743"
