"split","Overall","AR","CP","FP-C","FP-S","LR","RR","action_recognition","attribute_comparison","attribute_recognition","celebrity_recognition","function_reasoning","future_prediction","identity_reasoning","image_emotion","image_quality","image_scene","image_style","image_topic","nature_relation","object_localization","ocr","physical_property_reasoning","physical_relation","social_relation","spatial_relationship","structuralized_imagetext_understanding"
"dev","0.7199312714776632","0.8090452261306532","0.8040540540540541","0.6153846153846154","0.7474402730375427","0.423728813559322","0.7130434782608696","0.8148148148148148","0.75","0.8918918918918919","0.8282828282828283","0.8860759493670886","0.475","0.9333333333333333","0.64","0.660377358490566","0.9519230769230769","0.7924528301886793","0.8333333333333334","0.625","0.5308641975308642","0.717948717948718","0.6533333333333333","0.625","0.8604651162790697","0.24444444444444444","0.3974358974358974"
