"Overall","choose","compare","logical","query","verify"
"45.4205756082048","58.19309123117803","43.463497453310694","62.61785912368275","34.70977222630419","58.12611012433393"
