"split","Overall","Instance Attributes","Instance Identity","Instance Interaction","Instance Location","Instances Counting","Scene Understanding","Spatial Relation","Text Understanding","Visual Reasoning"
"none","0.6852866779089376","0.707679070767907","0.6892408519934462","0.6804123711340206","0.6411042944785276","0.6117695136902329","0.7457251424952501","0.5342465753424658","0.7380952380952381","0.7341389728096677"
