"split","Overall","acc","precision","recall"
"Overall","84.4391971664699","85.35555555555555","90.07556675062972","79.46666666666667"
"popular","84.41926345609065","85.33333333333334","90.03021148036254","79.46666666666667"
"random","86.84881602914389","87.96666666666667","95.7429718875502","79.46666666666667"
"adversarial","82.17855911754567","82.76666666666667","85.08208422555317","79.46666666666667"
