"Overall","choose","compare","logical","query","verify"
"14.024487199872793","13.374667847652791","8.488964346349745","32.889628397115914","8.4643644379133","17.4955595026643"
