"split","Overall","Instance Attributes","Instance Identity","Instance Interaction","Instance Location","Instances Counting","Scene Understanding","Spatial Relation","Text Understanding","Visual Reasoning"
"none","0.6921725688589095","0.7276833727683373","0.7045330420535226","0.6597938144329897","0.6226993865030674","0.5978749489170413","0.7577580747308423","0.5388127853881278","0.5595238095238095","0.7492447129909365"
