"split","Overall","acc","precision","recall"
"Overall","77.27883839741865","81.22222222222221","97.8216473791695","63.866666666666674"
"random","77.791311408851","81.76666666666667","99.48078920041536","63.866666666666674"
"popular","77.25806451612904","81.2","97.75510204081633","63.866666666666674"
"adversarial","76.79358717434872","80.7","96.28140703517587","63.866666666666674"
