"split","Overall","AR","CP","FP-C","FP-S","LR","RR","action_recognition","attribute_comparison","attribute_recognition","celebrity_recognition","function_reasoning","future_prediction","identity_reasoning","image_emotion","image_quality","image_scene","image_style","image_topic","nature_relation","object_localization","ocr","physical_property_reasoning","physical_relation","social_relation","spatial_relationship","structuralized_imagetext_understanding"
"dev","0.634020618556701","0.6733668341708543","0.7736486486486487","0.5034965034965035","0.658703071672355","0.2711864406779661","0.6782608695652174","0.8518518518518519","0.38636363636363635","0.9054054054054054","0.7272727272727273","0.6835443037974683","0.2","0.9333333333333333","0.64","0.5660377358490566","0.9038461538461539","0.8679245283018868","0.75","0.5208333333333334","0.38271604938271603","0.5897435897435898","0.5066666666666667","0.6666666666666666","0.8604651162790697","0.2","0.3076923076923077"
