"split","Overall","acc","precision","recall"
"Overall","80.17883755588674","82.26666666666667","90.87837837837837","71.73333333333333"
"popular","79.58579881656804","81.6","89.3687707641196","71.73333333333333"
"random","82.38897396630934","84.66666666666667","96.76258992805755","71.73333333333333"
"adversarial","78.65497076023392","80.53333333333333","87.05501618122977","71.73333333333333"
