"split","Overall","Instance Attributes","Instance Identity","Instance Interaction","Instance Location","Instances Counting","Scene Understanding","Spatial Relation","Text Understanding","Visual Reasoning"
"none","0.6403878583473862","0.7061733706173371","0.6559257236482796","0.6804123711340206","0.6257668711656442","0.6007355946056395","0.6025965801139962","0.6179604261796042","0.7142857142857143","0.3413897280966767"
