"Overall","choose","compare","logical","query","verify"
"54.57942439179519","81.48804251550045","60.441426146010194","72.82307265668331","37.707567964731815","75.93250444049734"
