"split","Overall","AR","CP","FP-C","FP-S","LR","RR","action_recognition","attribute_comparison","attribute_recognition","celebrity_recognition","function_reasoning","future_prediction","identity_reasoning","image_emotion","image_quality","image_scene","image_style","image_topic","nature_relation","object_localization","ocr","physical_property_reasoning","physical_relation","social_relation","spatial_relationship","structuralized_imagetext_understanding"
"dev","0.5128865979381443","0.457286432160804","0.6756756756756757","0.6293706293706294","0.5767918088737202","0.16101694915254236","0.24347826086956523","0.8333333333333334","0.5454545454545454","0.7297297297297297","0.5555555555555556","0.620253164556962","0.2","0.8666666666666667","0.76","0.1509433962264151","0.8557692307692307","0.6415094339622641","0.8611111111111112","0.08333333333333333","0.4444444444444444","0.6153846153846154","0.04","0.2916666666666667","0.3953488372093023","0.4666666666666667","0.14102564102564102"
