"Overall","choose","compare","logical","query","verify"
"42.50278263634918","54.38441098317095","39.21901528013582","60.732113144758735","32.578986039676714","52.797513321492005"
