"split","Overall","acc","precision","recall"
"Overall","81.89696677900818","83.28888888888889","89.33823529411765","75.6"
"adversarial","79.66280295047419","80.7","84.18708240534521","75.6"
"popular","81.78867652362062","83.16666666666667","89.08091123330715","75.6"
"random","84.375","86.0","95.45454545454545","75.6"
