"split","Overall","AR","CP","FP-C","FP-S","LR","RR","action_recognition","attribute_comparison","attribute_recognition","celebrity_recognition","function_reasoning","future_prediction","identity_reasoning","image_emotion","image_quality","image_scene","image_style","image_topic","nature_relation","object_localization","ocr","physical_property_reasoning","physical_relation","social_relation","spatial_relationship","structuralized_imagetext_understanding"
"dev","0.6993127147766323","0.8140703517587939","0.8108108108108109","0.5944055944055944","0.7133105802047781","0.3305084745762712","0.6869565217391305","0.8148148148148148","0.6590909090909091","0.9054054054054054","0.7575757575757576","0.8987341772151899","0.4","0.9555555555555556","0.56","0.7547169811320755","0.9807692307692307","0.7735849056603774","0.8055555555555556","0.5625","0.5679012345679012","0.5384615384615384","0.64","0.75","0.7906976744186046","0.26666666666666666","0.2948717948717949"
