"Overall","choose","compare","logical","query","verify"
"52.71108284305931","73.87068201948627","55.178268251273344","69.27343316694399","36.38501102130786","77.53108348134991"
