"split","Overall","AR","CP","FP-C","FP-S","LR","RR","action_recognition","attribute_comparison","attribute_recognition","celebrity_recognition","function_reasoning","future_prediction","identity_reasoning","image_emotion","image_quality","image_scene","image_style","image_topic","nature_relation","object_localization","ocr","physical_property_reasoning","physical_relation","social_relation","spatial_relationship","structuralized_imagetext_understanding"
"dev","0.4261168384879725","0.38190954773869346","0.5945945945945946","0.35664335664335667","0.4880546075085324","0.2033898305084746","0.22608695652173913","0.6851851851851852","0.18181818181818182","0.4594594594594595","0.7777777777777778","0.379746835443038","0.25","0.6666666666666666","0.6","0.03773584905660377","0.8076923076923077","0.660377358490566","0.6944444444444444","0.20833333333333334","0.14814814814814814","0.5128205128205128","0.21333333333333335","0.16666666666666666","0.27906976744186046","0.13333333333333333","0.1794871794871795"
