"split","Overall","acc","precision","recall"
"Overall","84.13842826243692","85.33333333333334","91.60125588697016","77.8"
"random","86.22090875507944","87.56666666666668","96.68599834299917","77.8"
"popular","84.47339847991314","85.7","92.39904988123516","77.8"
"adversarial","81.83730715287518","82.73333333333333","86.31656804733728","77.8"
