"split","Overall","Instance Attributes","Instance Identity","Instance Interaction","Instance Location","Instances Counting","Scene Understanding","Spatial Relation","Text Understanding","Visual Reasoning"
"none","0.5590219224283305","0.5760378576037858","0.6215182960131076","0.5670103092783505","0.5276073619631901","0.4139762975071516","0.6542115262824573","0.4185692541856925","0.2976190476190476","0.5740181268882175"
