{
    "Bleu": [
        74.17895139070302,
        56.875547612519526,
        42.477963446886754,
        31.578547772853028
    ],
    "ROUGE_L": 53.37509416412593,
    "CIDEr": 91.85203979078146
}