"split","Overall","Instance Attributes","Instance Identity","Instance Interaction","Instance Location","Instances Counting","Scene Understanding","Spatial Relation","Text Understanding","Visual Reasoning"
"none","0.7131112984822934","0.7315551731555173","0.7400327689787002","0.8041237113402062","0.6359918200408998","0.638332652227217","0.772957568081064","0.5509893455098934","0.8214285714285714","0.7824773413897281"
