"split","Overall","acc","precision","recall"
"Overall","87.0577388498329","87.52222222222223","90.42374910222648","83.93333333333334"
"adversarial","84.86686889113584","85.03333333333333","85.8214042263122","83.93333333333334"
"popular","87.007601935038","87.46666666666667","90.31563845050215","83.93333333333334"
"random","89.41761363636364","90.06666666666666","95.66869300911854","83.93333333333334"
