"Overall","choose","compare","logical","query","verify"
"43.361424709810784","53.055801594331264","38.539898132427844","60.89850249584027","33.87215282880235","54.39609236234458"
