"split","Overall","Instance Attributes","Instance Identity","Instance Interaction","Instance Location","Instances Counting","Scene Understanding","Spatial Relation","Text Understanding","Visual Reasoning"
"none","0.6902051714446318","0.7102602710260271","0.7231021299836156","0.7010309278350515","0.6114519427402862","0.6146301593788313","0.7545915136162128","0.5053272450532724","0.7261904761904762","0.7583081570996979"
