"Overall","choose","compare","logical","query","verify"
"51.2879631101924","78.29937998228522","54.83870967741935","70.21630615640599","33.60764144011756","75.08880994671404"
