"split","Overall","AR","CP","FP-C","FP-S","LR","RR","action_recognition","attribute_comparison","attribute_recognition","celebrity_recognition","function_reasoning","future_prediction","identity_reasoning","image_emotion","image_quality","image_scene","image_style","image_topic","nature_relation","object_localization","ocr","physical_property_reasoning","physical_relation","social_relation","spatial_relationship","structuralized_imagetext_understanding"
"dev","0.697594501718213","0.7939698492462312","0.8378378378378378","0.5174825174825175","0.726962457337884","0.3898305084745763","0.6347826086956522","0.9259259259259259","0.36363636363636365","0.8918918918918919","0.7676767676767676","0.8354430379746836","0.25","0.9777777777777777","0.84","0.6981132075471698","0.9711538461538461","0.6981132075471698","0.8611111111111112","0.4583333333333333","0.5679012345679012","0.6410256410256411","0.64","0.5833333333333334","0.8604651162790697","0.17777777777777778","0.46153846153846156"
