"split","Overall","acc","precision","recall"
"Overall","87.08659576954541","87.72222222222223","91.84126201626817","82.8"
"adversarial","84.72032742155524","85.06666666666666","86.73184357541899","82.8"
"random","89.61038961038962","90.4","97.64150943396226","82.8"
"popular","87.06624605678233","87.7","91.7960088691796","82.8"
