"split","Overall","acc","precision","recall"
"Overall","89.1696336281153","89.52222222222223","92.2747801283575","86.26666666666667"
"random","91.80560482440582","92.30000000000001","98.10462471569372","86.26666666666667"
"popular","89.11845730027548","89.46666666666667","92.16524216524216","86.26666666666667"
"adversarial","86.72922252010724","86.8","87.1967654986523","86.26666666666667"
