"split","Overall","Instance Attributes","Instance Identity","Instance Interaction","Instance Location","Instances Counting","Scene Understanding","Spatial Relation","Text Understanding","Visual Reasoning"
"none","0.7563237774030354","0.7730694773069477","0.7760786455488804","0.7422680412371134","0.7014314928425358","0.6963628933387822","0.7995566814439519","0.649923896499239","0.7738095238095238","0.8157099697885196"
