"Overall","choose","compare","logical","query","verify"
"49.61838130068374","52.524357838795396","56.36672325976231","73.76594564614531","35.988243938280675","68.25044404973357"
