"split","Overall","AR","CP","FP-C","FP-S","LR","RR","action_recognition","attribute_comparison","attribute_recognition","celebrity_recognition","function_reasoning","future_prediction","identity_reasoning","image_emotion","image_quality","image_scene","image_style","image_topic","nature_relation","object_localization","ocr","physical_property_reasoning","physical_relation","social_relation","spatial_relationship","structuralized_imagetext_understanding"
"dev","0.8436426116838488","0.8442211055276382","0.8918918918918919","0.7552447552447552","0.8771331058020477","0.7372881355932204","0.8521739130434782","0.9259259259259259","0.75","0.9594594594594594","0.8888888888888888","0.8607594936708861","0.6","0.9777777777777777","0.84","0.660377358490566","0.9807692307692307","0.9811320754716981","0.9166666666666666","0.75","0.7530864197530864","0.9487179487179487","0.7466666666666667","0.875","0.9534883720930233","0.5555555555555556","0.8076923076923077"
