"split","Overall","acc","precision","recall"
"Overall","70.78053725291434","74.37777777777778","82.34080188679245","62.06666666666667"
"adversarial","68.43072399852997","71.36666666666667","76.24897624897625","62.06666666666667"
"popular","70.58377558756634","74.13333333333333","81.81019332161688","62.06666666666667"
"random","73.50967232530596","77.63333333333333","90.12584704743466","62.06666666666667"
