"Overall","choose","compare","logical","query","verify"
"46.18381300683734","69.1762621789194","58.57385398981324","65.61286744315031","28.038207200587806","70.69271758436945"
