"split","Overall","AR","CP","FP-C","FP-S","LR","RR","action_recognition","attribute_comparison","attribute_recognition","celebrity_recognition","function_reasoning","future_prediction","identity_reasoning","image_emotion","image_quality","image_scene","image_style","image_topic","nature_relation","object_localization","ocr","physical_property_reasoning","physical_relation","social_relation","spatial_relationship","structuralized_imagetext_understanding"
"dev","0.5549828178694158","0.6934673366834171","0.6047297297297297","0.4405594405594406","0.5426621160409556","0.5254237288135594","0.391304347826087","0.5925925925925926","0.4090909090909091","0.7027027027027027","0.48484848484848486","0.7088607594936709","0.4","0.8","0.48","0.6037735849056604","0.6826923076923077","0.4528301886792453","0.7777777777777778","0.4375","0.38271604938271603","0.717948717948718","0.6133333333333333","0.25","0.4186046511627907","0.28888888888888886","0.5897435897435898"
