"split","Overall","Instance Attributes","Instance Identity","Instance Interaction","Instance Location","Instances Counting","Scene Understanding","Spatial Relation","Text Understanding","Visual Reasoning"
"none","0.5701236649803261","0.5796945579694558","0.5636264336428182","0.5670103092783505","0.5368098159509203","0.49203105843890477","0.6323622545915136","0.5190258751902588","0.6190476190476191","0.6435045317220544"
