"Overall","choose","compare","logical","query","verify"
"51.367467005883285","74.75642161204605","54.159592529711375","66.61120354963948","35.00367376928729","76.15452930728242"
