"split","Overall","Instance Attributes","Instance Identity","Instance Interaction","Instance Location","Instances Counting","Scene Understanding","Spatial Relation","Text Understanding","Visual Reasoning"
"none","0.5387858347386172","0.5618412561841256","0.5794647733478974","0.5257731958762887","0.5071574642126789","0.3914997956681651","0.6374287523749208","0.4124809741248097","0.23809523809523808","0.5619335347432024"
