{
    "Bleu": [
        73.13510589272329,
        55.628315848044686,
        41.33166251728583,
        30.563130731302916
    ],
    "ROUGE_L": 52.46303343144032,
    "CIDEr": 87.14431017649356
}