"split","Overall","acc","precision","recall"
"Overall","81.22690317812268","83.06666666666666","91.12769485903814","73.26666666666667"
"popular","81.46775389177168","83.33333333333334","91.73622704507513","73.26666666666667"
"adversarial","78.83787661406026","80.33333333333333","85.32608695652173","73.26666666666667"
"random","83.51063829787235","85.53333333333333","97.08480565371025","73.26666666666667"
