"split","Overall","AR","CP","FP-C","FP-S","LR","RR","action_recognition","attribute_comparison","attribute_recognition","celebrity_recognition","function_reasoning","future_prediction","identity_reasoning","image_emotion","image_quality","image_scene","image_style","image_topic","nature_relation","object_localization","ocr","physical_property_reasoning","physical_relation","social_relation","spatial_relationship","structuralized_imagetext_understanding"
"dev","0.3857388316151203","0.3316582914572864","0.543918918918919","0.34965034965034963","0.4539249146757679","0.1271186440677966","0.20869565217391303","0.6111111111111112","0.22727272727272727","0.4189189189189189","0.7171717171717171","0.31645569620253167","0.2","0.6","0.4","0.1509433962264151","0.75","0.6415094339622641","0.5833333333333334","0.20833333333333334","0.2345679012345679","0.3076923076923077","0.18666666666666668","0.20833333333333334","0.20930232558139536","0.15555555555555556","0.08974358974358974"
