"split","Overall","acc","precision","recall"
"Overall","86.48202710665882","87.25555555555556","92.0702634880803","81.53333333333333"
"random","88.84852887758808","89.76666666666667","97.60574620909817","81.53333333333333"
"popular","86.55343241330502","87.33333333333333","92.23227752639518","81.53333333333333"
"adversarial","84.17068134893324","84.66666666666667","86.98435277382646","81.53333333333333"
