"split","Overall","AR","CP","FP-C","FP-S","LR","RR","action_recognition","attribute_comparison","attribute_recognition","celebrity_recognition","function_reasoning","future_prediction","identity_reasoning","image_emotion","image_quality","image_scene","image_style","image_topic","nature_relation","object_localization","ocr","physical_property_reasoning","physical_relation","social_relation","spatial_relationship","structuralized_imagetext_understanding"
"dev","0.6898625429553265","0.7889447236180904","0.8344594594594594","0.4965034965034965","0.7201365187713311","0.3983050847457627","0.6086956521739131","0.8888888888888888","0.36363636363636365","0.8783783783783784","0.7373737373737373","0.8227848101265823","0.275","0.9555555555555556","0.86","0.6792452830188679","0.9615384615384616","0.7169811320754716","0.8333333333333334","0.4375","0.5802469135802469","0.6666666666666666","0.6533333333333333","0.5416666666666666","0.8372093023255814","0.15555555555555556","0.46153846153846156"
