"split","Overall","Instance Attributes","Instance Identity","Instance Interaction","Instance Location","Instances Counting","Scene Understanding","Spatial Relation","Text Understanding","Visual Reasoning"
"none","0.6851461495222035","0.7078941707894171","0.7252867285636264","0.6701030927835051","0.5971370143149284","0.5986922762566408","0.7479417352754908","0.5220700152207002","0.7738095238095238","0.7492447129909365"
