"Overall","choose","compare","logical","query","verify"
"50.977897916997925","77.67936226749336","53.65025466893039","71.32556849694953","33.10800881704629","74.60035523978685"
