"Overall","choose","compare","logical","query","verify"
"55.05644776594053","79.80513728963685","56.36672325976231","71.8801996672213","38.750918442321826","78.10834813499112"
