"split","Overall","acc","precision","recall"
"Overall","89.6559633027523","89.97777777777777","92.6303317535545","86.86666666666667"
"random","92.14992927864213","92.60000000000001","98.11746987951807","86.86666666666667"
"popular","89.86206896551724","90.2","93.07142857142857","86.86666666666667"
"adversarial","87.09893048128343","87.13333333333333","87.33243967828417","86.86666666666667"
