"split","Overall","Instance Attributes","Instance Identity","Instance Interaction","Instance Location","Instances Counting","Scene Understanding","Spatial Relation","Text Understanding","Visual Reasoning"
"none","0.7119870713884204","0.7485480748548075","0.744401966138722","0.711340206185567","0.6196319018404908","0.6264814058030241","0.7678910702976568","0.5312024353120244","0.7023809523809523","0.7522658610271903"
