"split","Overall","AR","CP","FP-C","FP-S","LR","RR","action_recognition","attribute_comparison","attribute_recognition","celebrity_recognition","function_reasoning","future_prediction","identity_reasoning","image_emotion","image_quality","image_scene","image_style","image_topic","nature_relation","object_localization","ocr","physical_property_reasoning","physical_relation","social_relation","spatial_relationship","structuralized_imagetext_understanding"
"dev","0.7310996563573883","0.7989949748743719","0.8445945945945946","0.5594405594405595","0.78839590443686","0.4406779661016949","0.6869565217391305","0.9444444444444444","0.38636363636363635","0.9459459459459459","0.7878787878787878","0.8607594936708861","0.325","0.9777777777777777","0.86","0.660377358490566","0.9807692307692307","0.7169811320754716","0.8888888888888888","0.5208333333333334","0.6666666666666666","0.7435897435897436","0.6266666666666667","0.625","0.9069767441860465","0.26666666666666666","0.5"
