"split","Overall","Instance Attributes","Instance Identity","Instance Interaction","Instance Location","Instances Counting","Scene Understanding","Spatial Relation","Text Understanding","Visual Reasoning"
"none","0.758080382237212","0.7741449774144977","0.784817039868924","0.7216494845360825","0.6850715746421268","0.6988148753575807","0.8001899936668778","0.6681887366818874","0.8214285714285714","0.8096676737160121"
