"split","Overall","acc","precision","recall"
"Overall","88.6829607320746","89.14444444444445","92.62037261069442","85.06666666666666"
"popular","88.36565096952909","88.8","91.93083573487031","85.06666666666666"
"adversarial","86.71423717295276","86.96666666666667","88.42688842688842","85.06666666666666"
"random","91.07780157030693","91.66666666666666","98.0030721966206","85.06666666666666"
