"split","Overall","AR","CP","FP-C","FP-S","LR","RR","action_recognition","attribute_comparison","attribute_recognition","celebrity_recognition","function_reasoning","future_prediction","identity_reasoning","image_emotion","image_quality","image_scene","image_style","image_topic","nature_relation","object_localization","ocr","physical_property_reasoning","physical_relation","social_relation","spatial_relationship","structuralized_imagetext_understanding"
"dev","0.8427835051546392","0.8542713567839196","0.8682432432432432","0.7552447552447552","0.8668941979522184","0.7711864406779662","0.8782608695652174","0.9074074074074074","0.7727272727272727","0.9459459459459459","0.898989898989899","0.8734177215189873","0.65","1.0","0.82","0.660377358490566","0.9807692307692307","0.8867924528301887","0.8888888888888888","0.8125","0.7160493827160493","0.9487179487179487","0.7466666666666667","0.875","0.9534883720930233","0.5555555555555556","0.8333333333333334"
