"Overall","choose","compare","logical","query","verify"
"52.01144856097949","61.91319751992914","60.441426146010194","76.2063227953411","36.76708302718589","71.53641207815275"
