"split","Overall","acc","precision","recall"
"Overall","88.46725340038863","88.78888888888888","91.08025417745353","86.0"
"random","90.94113500176243","91.43333333333334","96.48466716529543","86.0"
"popular","88.50771869639793","88.83333333333333","91.16607773851591","86.0"
"adversarial","86.08608608608608","86.1","86.17234468937876","86.0"
