"Overall","choose","compare","logical","query","verify"
"43.1308634123072","52.34720992028343","37.011884550084886","59.78924015529673","35.18001469507715","50.799289520426285"
