"split","Overall","AR","CP","FP-C","FP-S","LR","RR","action_recognition","attribute_comparison","attribute_recognition","celebrity_recognition","function_reasoning","future_prediction","identity_reasoning","image_emotion","image_quality","image_scene","image_style","image_topic","nature_relation","object_localization","ocr","physical_property_reasoning","physical_relation","social_relation","spatial_relationship","structuralized_imagetext_understanding"
"dev","0.7835051546391752","0.8542713567839196","0.8547297297297297","0.6433566433566433","0.8225255972696246","0.5932203389830508","0.7478260869565218","0.9074074074074074","0.75","0.9459459459459459","0.8383838383838383","0.8860759493670886","0.375","0.9777777777777777","0.78","0.6981132075471698","0.9711538461538461","0.8301886792452831","0.8888888888888888","0.625","0.6419753086419753","0.9230769230769231","0.7466666666666667","0.7083333333333334","0.9069767441860465","0.2222222222222222","0.7051282051282052"
