"Overall","choose","compare","logical","query","verify"
"48.07600572428049","50.93002657218778","55.00848896434635","72.21297836938436","34.79794268919912","65.63055062166963"
