"split","Overall","Instance Attributes","Instance Identity","Instance Interaction","Instance Location","Instances Counting","Scene Understanding","Spatial Relation","Text Understanding","Visual Reasoning"
"none","0.7459246767847105","0.7597332759733276","0.7575095576187876","0.711340206185567","0.7014314928425358","0.681651001225991","0.7957568081063965","0.6468797564687976","0.8095238095238095","0.8096676737160121"
