"split","Overall","acc","precision","recall"
"Overall","87.146529562982","87.77777777777777","91.89255791030064","82.86666666666666"
"random","89.87707881417208","90.66666666666666","98.18325434439178","82.86666666666666"
"adversarial","84.67302452316076","85.0","86.55988857938719","82.86666666666666"
"popular","87.04481792717087","87.66666666666667","91.66666666666666","82.86666666666666"
