"split","Overall","Instance Attributes","Instance Identity","Instance Interaction","Instance Location","Instances Counting","Scene Understanding","Spatial Relation","Text Understanding","Visual Reasoning"
"none","0.5414558740865655","0.5624865562486556","0.5832878208629164","0.6082474226804123","0.5081799591002045","0.39558643236616264","0.6377454084863838","0.4170471841704718","0.27380952380952384","0.56797583081571"
