"split","Overall","AR","CP","FP-C","FP-S","LR","RR","action_recognition","attribute_comparison","attribute_recognition","celebrity_recognition","function_reasoning","future_prediction","identity_reasoning","image_emotion","image_quality","image_scene","image_style","image_topic","nature_relation","object_localization","ocr","physical_property_reasoning","physical_relation","social_relation","spatial_relationship","structuralized_imagetext_understanding"
"dev","0.3960481099656357","0.36683417085427134","0.5304054054054054","0.3706293706293706","0.4812286689419795","0.11016949152542373","0.20869565217391303","0.7037037037037037","0.1590909090909091","0.4864864864864865","0.7878787878787878","0.31645569620253167","0.175","0.6444444444444445","0.5","0.07547169811320754","0.8076923076923077","0.41509433962264153","0.6111111111111112","0.25","0.1111111111111111","0.46153846153846156","0.25333333333333335","0.16666666666666666","0.18604651162790697","0.17777777777777778","0.07692307692307693"
