"Overall","choose","compare","logical","query","verify"
"51.47082207028144","72.71922054915855","55.178268251273344","68.7742651136994","34.7391623806025","76.55417406749557"
