"split","Overall","acc","precision","recall"
"Overall","83.0990990990991","84.36666666666667","90.43137254901961","76.86666666666667"
"random","85.1865533801256","86.63333333333333","95.52609776304888","76.86666666666667"
"popular","83.24909747292418","84.53333333333333","90.78740157480316","76.86666666666667"
"adversarial","80.9691011235955","81.93333333333334","85.53412462908013","76.86666666666667"
