{
    "Bleu": [
        72.61735995787451,
        54.93240318105812,
        40.62133790685953,
        29.948689384870114
    ],
    "ROUGE_L": 51.94664137687188,
    "CIDEr": 85.36059414550142
}