"split","Overall","acc","precision","recall"
"Overall","83.31363743795794","84.31111111111112","88.97021706208986","78.33333333333333"
"popular","83.3628946434906","84.36666666666667","89.08263836239576","78.33333333333333"
"adversarial","80.86717136958018","81.46666666666667","83.57041251778094","78.33333333333333"
"random","85.86043112897332","87.1","94.98787388843978","78.33333333333333"
