"split","Overall","AR","CP","FP-C","FP-S","LR","RR","action_recognition","attribute_comparison","attribute_recognition","celebrity_recognition","function_reasoning","future_prediction","identity_reasoning","image_emotion","image_quality","image_scene","image_style","image_topic","nature_relation","object_localization","ocr","physical_property_reasoning","physical_relation","social_relation","spatial_relationship","structuralized_imagetext_understanding"
"dev","0.7087628865979382","0.8241206030150754","0.8006756756756757","0.6223776223776224","0.7303754266211604","0.3728813559322034","0.6695652173913044","0.8518518518518519","0.75","0.8918918918918919","0.7777777777777778","0.8860759493670886","0.4","0.9777777777777777","0.64","0.6792452830188679","0.9711538461538461","0.7547169811320755","0.7777777777777778","0.5625","0.5432098765432098","0.6923076923076923","0.6666666666666666","0.5416666666666666","0.8604651162790697","0.2222222222222222","0.358974358974359"
