"Overall","choose","compare","logical","query","verify"
"44.60168548258865","58.28166519043402","42.444821731748725","62.506932889628395","33.81337252020573","56.57193605683837"
