"Overall","choose","compare","logical","query","verify"
"50.15900779138178","71.74490699734278","55.00848896434635","68.38602329450914","33.049228508449666","75.17761989342806"
