"split","Overall","Instance Attributes","Instance Identity","Instance Interaction","Instance Location","Instances Counting","Scene Understanding","Spatial Relation","Text Understanding","Visual Reasoning"
"none","0.5191118605958404","0.5418369541836954","0.5707263790278536","0.5670103092783505","0.4662576687116564","0.380057212913772","0.6143128562381254","0.3729071537290715","0.27380952380952384","0.5287009063444109"
