"split","Overall","AR","CP","FP-C","FP-S","LR","RR","action_recognition","attribute_comparison","attribute_recognition","celebrity_recognition","function_reasoning","future_prediction","identity_reasoning","image_emotion","image_quality","image_scene","image_style","image_topic","nature_relation","object_localization","ocr","physical_property_reasoning","physical_relation","social_relation","spatial_relationship","structuralized_imagetext_understanding"
"dev","0.5884879725085911","0.6532663316582915","0.7297297297297297","0.4195804195804196","0.6177474402730375","0.2542372881355932","0.591304347826087","0.7962962962962963","0.22727272727272727","0.8783783783783784","0.6565656565656566","0.6835443037974683","0.15","0.9111111111111111","0.6","0.5471698113207547","0.8942307692307693","0.6981132075471698","0.75","0.4166666666666667","0.345679012345679","0.5897435897435898","0.4666666666666667","0.5416666666666666","0.813953488372093","0.15555555555555556","0.3076923076923077"
