"Overall","choose","compare","logical","query","verify"
"3.3391636190173317","2.0372010628875112","2.5466893039049237","8.208541320022185","2.292432035268185","3.463587921847247"
