"split","Overall","acc","precision","recall"
"Overall","61.179361179361166","71.91111111111111","99.00596421471172","44.266666666666666"
"random","61.339491916859124","72.1","99.84962406015038","44.266666666666666"
"adversarial","60.97337006427915","71.66666666666667","97.93510324483776","44.266666666666666"
"popular","61.22637159981558","71.96666666666667","99.2526158445441","44.266666666666666"
