"split","Overall","Instance Attributes","Instance Identity","Instance Interaction","Instance Location","Instances Counting","Scene Understanding","Spatial Relation","Text Understanding","Visual Reasoning"
"none","0.6584457560427206","0.6790707679070768","0.6586564718732932","0.6701030927835051","0.5930470347648262","0.5696771557008582","0.7371754274857505","0.532724505327245","0.5595238095238095","0.7371601208459214"
