"split","Overall","Instance Attributes","Instance Identity","Instance Interaction","Instance Location","Instances Counting","Scene Understanding","Spatial Relation","Text Understanding","Visual Reasoning"
"none","0.7279370432827431","0.7494084749408475","0.750409612233752","0.7525773195876289","0.6676891615541922","0.6571311810380057","0.77897403419886","0.573820395738204","0.7738095238095238","0.8036253776435045"
