"split","Overall","acc","precision","recall"
"Overall","88.12348807741043","88.54444444444445","91.48529060033485","85.0"
"adversarial","85.6567013772254","85.76666666666667","86.32362897765742","85.0"
"random","90.77963688145249","91.36666666666666","97.40259740259741","85.0"
"popular","88.08290155440415","88.5","91.39784946236558","85.0"
