"Overall","choose","compare","logical","query","verify"
"45.547781841310226","55.0044286979628","39.04923599320883","61.952301719356626","37.26671565025717","54.39609236234458"
