"split","Overall","AR","CP","FP-C","FP-S","LR","RR","action_recognition","attribute_comparison","attribute_recognition","celebrity_recognition","function_reasoning","future_prediction","identity_reasoning","image_emotion","image_quality","image_scene","image_style","image_topic","nature_relation","object_localization","ocr","physical_property_reasoning","physical_relation","social_relation","spatial_relationship","structuralized_imagetext_understanding"
"dev","0.7920962199312714","0.8542713567839196","0.8614864864864865","0.6573426573426573","0.8327645051194539","0.5847457627118644","0.782608695652174","0.9259259259259259","0.7272727272727273","0.9459459459459459","0.8686868686868687","0.8987341772151899","0.425","0.9777777777777777","0.78","0.7169811320754716","0.9711538461538461","0.8867924528301887","0.8333333333333334","0.6666666666666666","0.654320987654321","0.8974358974358975","0.7333333333333333","0.75","0.9302325581395349","0.26666666666666666","0.6666666666666666"
