"split","Overall","AR","CP","FP-C","FP-S","LR","RR","action_recognition","attribute_comparison","attribute_recognition","celebrity_recognition","function_reasoning","future_prediction","identity_reasoning","image_emotion","image_quality","image_scene","image_style","image_topic","nature_relation","object_localization","ocr","physical_property_reasoning","physical_relation","social_relation","spatial_relationship","structuralized_imagetext_understanding"
"dev","0.34192439862542956","0.31155778894472363","0.4797297297297297","0.3076923076923077","0.3822525597269625","0.15254237288135594","0.17391304347826086","0.5555555555555556","0.1590909090909091","0.36486486486486486","0.6262626262626263","0.27848101265822783","0.25","0.5555555555555556","0.5","0.05660377358490566","0.7019230769230769","0.37735849056603776","0.5833333333333334","0.16666666666666666","0.1111111111111111","0.358974358974359","0.2","0.25","0.13953488372093023","0.15555555555555556","0.10256410256410256"
