"split","Overall","acc","precision","recall"
"Overall","79.3053545586107","80.93333333333334","86.70886075949366","73.06666666666666"
"adversarial","76.83140553803015","77.96666666666667","81.00517368810051","73.06666666666666"
"random","82.00523756079312","83.96666666666667","93.43563512361467","73.06666666666666"
"popular","79.24801156905279","80.86666666666666","86.57187993680886","73.06666666666666"
