{
    "Bleu": [
        68.82049825529359,
        50.0672603315208,
        35.7102881401744,
        25.52797858891214
    ],
    "ROUGE_L": 48.733714644659834,
    "CIDEr": 72.3162806510054
}