"split","Overall","acc","precision","recall"
"Overall","84.98210781484474","85.54444444444445","88.42181119385059","81.8"
"popular","84.91349480968859","85.46666666666667","88.27338129496403","81.8"
"adversarial","82.48739495798318","82.63333333333334","83.1864406779661","81.8"
"random","87.70550393137955","88.53333333333333","94.53004622496148","81.8"
