"Overall","choose","compare","logical","query","verify"
"42.22451900143107","50.044286979628","39.21901528013582","59.73377703826955","32.255694342395294","55.19538188277087"
