"split","Overall","Instance Attributes","Instance Identity","Instance Interaction","Instance Location","Instances Counting","Scene Understanding","Spatial Relation","Text Understanding","Visual Reasoning"
"none","0.6887998875772906","0.7066035706603571","0.7061714909885308","0.7731958762886598","0.6288343558282209","0.6072742133224356","0.7523749208359721","0.5449010654490106","0.8095238095238095","0.7462235649546828"
