"split","Overall","AR","CP","FP-C","FP-S","LR","RR","action_recognition","attribute_comparison","attribute_recognition","celebrity_recognition","function_reasoning","future_prediction","identity_reasoning","image_emotion","image_quality","image_scene","image_style","image_topic","nature_relation","object_localization","ocr","physical_property_reasoning","physical_relation","social_relation","spatial_relationship","structuralized_imagetext_understanding"
"dev","0.75","0.8341708542713567","0.8277027027027027","0.6293706293706294","0.7610921501706485","0.559322033898305","0.7217391304347827","0.8148148148148148","0.75","0.8783783783783784","0.8080808080808081","0.8481012658227848","0.4","0.9777777777777777","0.72","0.7358490566037735","0.9711538461538461","0.6981132075471698","0.8888888888888888","0.5833333333333334","0.5679012345679012","0.8205128205128205","0.7333333333333333","0.7083333333333334","0.8837209302325582","0.28888888888888886","0.6410256410256411"
