"split","Overall","Instance Attributes","Instance Identity","Instance Interaction","Instance Location","Instances Counting","Scene Understanding","Spatial Relation","Text Understanding","Visual Reasoning"
"none","0.6190275435637999","0.604431060443106","0.6149645002730748","0.6494845360824743","0.5664621676891616","0.5553739272578668","0.7045598480050665","0.5829528158295282","0.6309523809523809","0.716012084592145"
