"split","Overall","AR","CP","FP-C","FP-S","LR","RR","action_recognition","attribute_comparison","attribute_recognition","celebrity_recognition","function_reasoning","future_prediction","identity_reasoning","image_emotion","image_quality","image_scene","image_style","image_topic","nature_relation","object_localization","ocr","physical_property_reasoning","physical_relation","social_relation","spatial_relationship","structuralized_imagetext_understanding"
"dev","0.654639175257732","0.7286432160804021","0.7331081081081081","0.5734265734265734","0.6177474402730375","0.5677966101694916","0.6086956521739131","0.7037037037037037","0.5454545454545454","0.7972972972972973","0.5050505050505051","0.7341772151898734","0.475","0.8888888888888888","0.64","0.7547169811320755","0.8653846153846154","0.49056603773584906","0.8055555555555556","0.5416666666666666","0.5185185185185185","0.7692307692307693","0.6266666666666667","0.8333333333333334","0.5581395348837209","0.4444444444444444","0.6153846153846154"
