"split","Overall","acc","precision","recall"
"Overall","78.84030862754267","79.88888888888889","83.17710902812038","74.93333333333332"
"adversarial","75.79231287929872","76.06666666666668","76.67121418826738","74.93333333333332"
"random","82.92143120619697","84.56666666666666","92.81585466556564","74.93333333333332"
"popular","78.13694820994091","79.03333333333333","81.62672476397967","74.93333333333332"
