"Overall","choose","compare","logical","query","verify"
"47.368421052631575","70.94774136403898","58.40407470288624","71.27010537992236","28.596620132255694","70.24866785079928"
