"split","Overall","acc","precision","recall"
"Overall","88.40297653119634","88.74444444444445","91.16883116883116","85.8"
"random","91.05058365758755","91.56666666666666","96.98568198944989","85.8"
"popular","88.3321894303363","88.66666666666667","91.01838755304101","85.8"
"adversarial","85.97194388777555","86.0","86.14457831325302","85.8"
