"split","Overall","AR","CP","FP-C","FP-S","LR","RR","action_recognition","attribute_comparison","attribute_recognition","celebrity_recognition","function_reasoning","future_prediction","identity_reasoning","image_emotion","image_quality","image_scene","image_style","image_topic","nature_relation","object_localization","ocr","physical_property_reasoning","physical_relation","social_relation","spatial_relationship","structuralized_imagetext_understanding"
"dev","0.7920962199312714","0.8442211055276382","0.8547297297297297","0.6503496503496503","0.8464163822525598","0.5932203389830508","0.782608695652174","0.9259259259259259","0.7272727272727273","0.9324324324324325","0.8686868686868687","0.8607594936708861","0.375","1.0","0.76","0.7547169811320755","0.9711538461538461","0.8490566037735849","0.8055555555555556","0.6666666666666666","0.691358024691358","0.9487179487179487","0.7333333333333333","0.7083333333333334","0.9534883720930233","0.24444444444444444","0.7051282051282052"
