"split","Overall","Instance Attributes","Instance Identity","Instance Interaction","Instance Location","Instances Counting","Scene Understanding","Spatial Relation","Text Understanding","Visual Reasoning"
"none","0.7147273749297358","0.7399440739944074","0.72801747678864","0.7938144329896907","0.6605316973415133","0.6289333878218226","0.7707409753008233","0.593607305936073","0.7619047619047619","0.7522658610271903"
