"split","Overall","AR","CP","FP-C","FP-S","LR","RR","action_recognition","attribute_comparison","attribute_recognition","celebrity_recognition","function_reasoning","future_prediction","identity_reasoning","image_emotion","image_quality","image_scene","image_style","image_topic","nature_relation","object_localization","ocr","physical_property_reasoning","physical_relation","social_relation","spatial_relationship","structuralized_imagetext_understanding"
"dev","0.7379725085910653","0.6984924623115578","0.8209459459459459","0.6643356643356644","0.7952218430034129","0.5084745762711864","0.7739130434782608","0.8333333333333334","0.6136363636363636","0.8918918918918919","0.9191919191919192","0.8481012658227848","0.525","0.9555555555555556","0.72","0.6792452830188679","0.9519230769230769","0.7735849056603774","0.8611111111111112","0.7916666666666666","0.5679012345679012","0.7692307692307693","0.38666666666666666","0.5833333333333334","0.8604651162790697","0.5111111111111111","0.5"
