"split","Overall","acc","precision","recall"
"Overall","76.66314677930306","80.35555555555555","94.40832249674902","64.53333333333333"
"adversarial","75.59547051932839","79.16666666666666","91.23468426013194","64.53333333333333"
"random","77.71979124849457","81.5","97.67911200807265","64.53333333333333"
"popular","76.70364500792392","80.4","94.53125","64.53333333333333"
