"Overall","choose","compare","logical","query","verify"
"54.80998568929878","80.24800708591674","66.553480475382","72.3793677204659","38.06024981631154","75.53285968028419"
