"split","Overall","AR","CP","FP-C","FP-S","LR","RR","action_recognition","attribute_comparison","attribute_recognition","celebrity_recognition","function_reasoning","future_prediction","identity_reasoning","image_emotion","image_quality","image_scene","image_style","image_topic","nature_relation","object_localization","ocr","physical_property_reasoning","physical_relation","social_relation","spatial_relationship","structuralized_imagetext_understanding"
"dev","0.7766323024054983","0.8291457286432161","0.8513513513513513","0.6923076923076923","0.7918088737201365","0.5847457627118644","0.7565217391304347","0.9074074074074074","0.75","0.918918918918919","0.898989898989899","0.8860759493670886","0.45","0.9555555555555556","0.76","0.7169811320754716","0.9615384615384616","0.8301886792452831","0.8888888888888888","0.7083333333333334","0.5061728395061729","0.8717948717948718","0.6933333333333334","0.5416666666666666","0.9302325581395349","0.37777777777777777","0.6538461538461539"
