"split","Overall","acc","precision","recall"
"Overall","83.30261702911905","84.89999999999999","93.15746084089035","75.33333333333333"
"popular","83.1187936741449","84.7","92.69893355209187","75.33333333333333"
"adversarial","81.79515019905898","83.23333333333333","89.4695170229612","75.33333333333333"
"random","85.05833646970267","86.76666666666667","97.66637856525497","75.33333333333333"
