"split","Overall","Instance Attributes","Instance Identity","Instance Interaction","Instance Location","Instances Counting","Scene Understanding","Spatial Relation","Text Understanding","Visual Reasoning"
"none","0.7151489600899381","0.7369326736932673","0.742217367558711","0.711340206185567","0.6359918200408998","0.638332652227217","0.7701076630778974","0.60882800608828","0.6666666666666666","0.7613293051359517"
