"Overall","choose","compare","logical","query","verify"
"56.61472412148195","80.51372896368467","62.13921901528013","75.26344980587909","39.8383541513593","78.95204262877442"
