"split","Overall","AR","CP","FP-C","FP-S","LR","RR","action_recognition","attribute_comparison","attribute_recognition","celebrity_recognition","function_reasoning","future_prediction","identity_reasoning","image_emotion","image_quality","image_scene","image_style","image_topic","nature_relation","object_localization","ocr","physical_property_reasoning","physical_relation","social_relation","spatial_relationship","structuralized_imagetext_understanding"
"dev","0.48711340206185566","0.4623115577889447","0.6182432432432432","0.6223776223776224","0.5392491467576792","0.15254237288135594","0.23478260869565218","0.7962962962962963","0.5227272727272727","0.7162162162162162","0.47474747474747475","0.6329113924050633","0.25","0.8666666666666667","0.68","0.07547169811320754","0.8076923076923077","0.6226415094339622","0.7777777777777778","0.10416666666666667","0.4074074074074074","0.6410256410256411","0.04","0.25","0.37209302325581395","0.5111111111111111","0.10256410256410256"
