"split","Overall","acc","precision","recall"
"Overall","80.13954647395963","82.28888888888889","91.20816789563244","71.46666666666667"
"adversarial","78.62119545287862","80.56666666666666","87.3675631621842","71.46666666666667"
"popular","79.76190476190477","81.86666666666666","90.23569023569024","71.46666666666667"
"random","82.1141325162773","84.43333333333334","96.48964896489649","71.46666666666667"
