"split","Overall","Instance Attributes","Instance Identity","Instance Interaction","Instance Location","Instances Counting","Scene Understanding","Spatial Relation","Text Understanding","Visual Reasoning"
"none","0.5893760539629005","0.6218541621854162","0.5532495903877662","0.6494845360824743","0.5449897750511248","0.47691050265631385","0.6725775807473084","0.5083713850837138","0.6071428571428571","0.6404833836858006"
