"split","Overall","acc","precision","recall"
"Overall","59.16012921089063","70.5","96.10194902548726","42.733333333333334"
"random","59.71122496506753","71.16666666666667","99.0726429675425","42.733333333333334"
"adversarial","58.6996336996337","69.93333333333334","93.71345029239765","42.733333333333334"
"popular","59.0783410138249","70.39999999999999","95.67164179104478","42.733333333333334"
