"Overall","choose","compare","logical","query","verify"
"8.498966449356018","8.857395925597874","5.432937181663837","20.687742651136993","4.511388684790595","11.412078152753107"
