"split","Overall","AR","CP","FP-C","FP-S","LR","RR","action_recognition","attribute_comparison","attribute_recognition","celebrity_recognition","function_reasoning","future_prediction","identity_reasoning","image_emotion","image_quality","image_scene","image_style","image_topic","nature_relation","object_localization","ocr","physical_property_reasoning","physical_relation","social_relation","spatial_relationship","structuralized_imagetext_understanding"
"dev","0.47766323024054985","0.5527638190954773","0.597972972972973","0.3916083916083916","0.4641638225255973","0.22033898305084745","0.4434782608695652","0.6666666666666666","0.3409090909090909","0.7297297297297297","0.45454545454545453","0.6582278481012658","0.2","0.7333333333333333","0.52","0.5471698113207547","0.7788461538461539","0.4339622641509434","0.5","0.20833333333333334","0.2839506172839506","0.358974358974359","0.3333333333333333","0.625","0.6046511627906976","0.1111111111111111","0.23076923076923078"
