"split","Overall","Instance Attributes","Instance Identity","Instance Interaction","Instance Location","Instances Counting","Scene Understanding","Spatial Relation","Text Understanding","Visual Reasoning"
"none","0.6304806070826307","0.6551946655194666","0.6318951392681594","0.6597938144329897","0.5685071574642127","0.5431140171638741","0.6890436985433819","0.5403348554033486","0.6547619047619048","0.7099697885196374"
