"Overall","choose","compare","logical","query","verify"
"48.53712831928764","75.022143489814","62.81833616298812","68.7742651136994","31.18295371050698","67.7619893428064"
