"split","Overall","AR","CP","FP-C","FP-S","LR","RR","action_recognition","attribute_comparison","attribute_recognition","celebrity_recognition","function_reasoning","future_prediction","identity_reasoning","image_emotion","image_quality","image_scene","image_style","image_topic","nature_relation","object_localization","ocr","physical_property_reasoning","physical_relation","social_relation","spatial_relationship","structuralized_imagetext_understanding"
"dev","0.8041237113402062","0.8140703517587939","0.8513513513513513","0.6993006993006993","0.8430034129692833","0.7542372881355932","0.7478260869565218","0.9074074074074074","0.6363636363636364","0.9054054054054054","0.8282828282828283","0.8481012658227848","0.65","0.9555555555555556","0.82","0.7169811320754716","0.9807692307692307","0.7169811320754716","0.9166666666666666","0.6041666666666666","0.7407407407407407","0.9743589743589743","0.6933333333333334","0.8333333333333334","0.8604651162790697","0.5111111111111111","0.8076923076923077"
