"split","Overall","acc","precision","recall"
"Overall","86.78596008258775","87.2","89.68705547652917","84.06666666666666"
"popular","86.45869043537881","86.83333333333333","88.9908256880734","84.06666666666666"
"random","90.00713775874377","90.66666666666666","96.85099846390169","84.06666666666666"
"adversarial","84.09469823274426","84.1","84.12274849899933","84.06666666666666"
