"Overall","choose","compare","logical","query","verify"
"54.19780569247893","73.25066430469442","62.13921901528013","75.54076539101497","37.3842762674504","76.28774422735346"
