"split","Overall","AR","CP","FP-C","FP-S","LR","RR","action_recognition","attribute_comparison","attribute_recognition","celebrity_recognition","function_reasoning","future_prediction","identity_reasoning","image_emotion","image_quality","image_scene","image_style","image_topic","nature_relation","object_localization","ocr","physical_property_reasoning","physical_relation","social_relation","spatial_relationship","structuralized_imagetext_understanding"
"dev","0.6606529209621993","0.7336683417085427","0.7195945945945946","0.6013986013986014","0.6450511945392492","0.5508474576271186","0.6086956521739131","0.7777777777777778","0.5454545454545454","0.8243243243243243","0.6161616161616161","0.759493670886076","0.6","0.8666666666666667","0.54","0.7735849056603774","0.8846153846153846","0.49056603773584906","0.75","0.4791666666666667","0.5185185185185185","0.6410256410256411","0.6266666666666667","0.6666666666666666","0.7209302325581395","0.4444444444444444","0.5256410256410257"
