"split","Overall","acc","precision","recall"
"Overall","77.5126366521688","78.74444444444444","82.28100823558773","73.26666666666667"
"adversarial","74.63497453310696","75.1","76.0553633217993","73.26666666666667"
"random","81.80126535169333","83.7","92.58635214827295","73.26666666666667"
"popular","76.45217391304348","77.43333333333334","79.92727272727272","73.26666666666667"
