"Overall","choose","compare","logical","query","verify"
"47.12195897598983","66.07617360496015","60.101867572156195","71.8801996672213","28.890521675238794","69.49378330373001"
