"split","Overall","Instance Attributes","Instance Identity","Instance Interaction","Instance Location","Instances Counting","Scene Understanding","Spatial Relation","Text Understanding","Visual Reasoning"
"none","0.6290050590219224","0.6356205635620563","0.6220644456581104","0.6597938144329897","0.5807770961145194","0.551695954229669","0.700759974667511","0.5570776255707762","0.7619047619047619","0.7039274924471299"
