"split","Overall","Instance Attributes","Instance Identity","Instance Interaction","Instance Location","Instances Counting","Scene Understanding","Spatial Relation","Text Understanding","Visual Reasoning"
"none","0.6844435075885329","0.704022370402237","0.687602403058438","0.7422680412371134","0.621676891615542","0.6113608500204332","0.7416086130462318","0.573820395738204","0.7738095238095238","0.7522658610271903"
