"Overall","choose","compare","logical","query","verify"
"51.772936873906815","79.98228520814881","64.00679117147709","69.60621186910704","34.41587068332109","72.60213143872114"
