"split","Overall","AR","CP","FP-C","FP-S","LR","RR","action_recognition","attribute_comparison","attribute_recognition","celebrity_recognition","function_reasoning","future_prediction","identity_reasoning","image_emotion","image_quality","image_scene","image_style","image_topic","nature_relation","object_localization","ocr","physical_property_reasoning","physical_relation","social_relation","spatial_relationship","structuralized_imagetext_understanding"
"dev","0.7139175257731959","0.6884422110552764","0.7837837837837838","0.6923076923076923","0.7337883959044369","0.5677966101694916","0.7043478260869566","0.8518518518518519","0.6590909090909091","0.8243243243243243","0.8383838383838383","0.8607594936708861","0.55","0.9111111111111111","0.7","0.7169811320754716","0.9230769230769231","0.5849056603773585","0.8888888888888888","0.7291666666666666","0.5185185185185185","0.7435897435897436","0.37333333333333335","0.5416666666666666","0.7674418604651163","0.5333333333333333","0.5769230769230769"
