"split","Overall","acc","precision","recall"
"Overall","73.89794282660966","78.28888888888889","92.6322839919625","61.46666666666667"
"popular","73.40764331210191","77.73333333333333","91.10671936758892","61.46666666666667"
"adversarial","72.74161735700199","76.96666666666667","89.08212560386474","61.46666666666667"
"random","75.60475604756049","80.16666666666666","98.18956336528221","61.46666666666667"
