"Overall","choose","compare","logical","query","verify"
"54.44426776912069","82.63950398582817","66.723259762309","72.32390460343872","36.89933872152829","75.79928952042629"
