"split","Overall","Instance Attributes","Instance Identity","Instance Interaction","Instance Location","Instances Counting","Scene Understanding","Spatial Relation","Text Understanding","Visual Reasoning"
"none","0.7142355255761664","0.7276833727683373","0.7247405789186238","0.8041237113402062","0.6728016359918201","0.6460972619534123","0.7691576947435086","0.6073059360730594","0.7380952380952381","0.7492447129909365"
