"split","Overall","AR","CP","FP-C","FP-S","LR","RR","action_recognition","attribute_comparison","attribute_recognition","celebrity_recognition","function_reasoning","future_prediction","identity_reasoning","image_emotion","image_quality","image_scene","image_style","image_topic","nature_relation","object_localization","ocr","physical_property_reasoning","physical_relation","social_relation","spatial_relationship","structuralized_imagetext_understanding"
"dev","0.6417525773195877","0.6582914572864321","0.7331081081081081","0.6503496503496503","0.6552901023890785","0.3644067796610169","0.6173913043478261","0.8333333333333334","0.6136363636363636","0.7162162162162162","0.7777777777777778","0.8354430379746836","0.5","0.8666666666666667","0.56","0.6792452830188679","0.8846153846153846","0.6415094339622641","0.75","0.4791666666666667","0.5308641975308642","0.48717948717948717","0.3466666666666667","0.5833333333333334","0.7906976744186046","0.4666666666666667","0.2948717948717949"
