"split","Overall","acc","precision","recall"
"Overall","76.03151288556549","80.05555555555556","95.24924723987955","63.26666666666667"
"random","76.87322802754151","80.96666666666667","97.9360165118679","63.26666666666667"
"popular","76.25552430695059","80.30000000000001","95.95551061678464","63.26666666666667"
"adversarial","74.99012248123272","78.9","92.04655674102813","63.26666666666667"
