"split","Overall","acc","precision","recall"
"Overall","82.57014454026479","84.05555555555554","91.05277256897936","75.53333333333333"
"random","84.96437945256842","86.63333333333333","97.08654670094259","75.53333333333333"
"adversarial","80.18400566171266","81.33333333333333","85.4449472096531","75.53333333333333"
"popular","82.7007299270073","84.2","91.37096774193549","75.53333333333333"
