"split","Overall","Instance Attributes","Instance Identity","Instance Interaction","Instance Location","Instances Counting","Scene Understanding","Spatial Relation","Text Understanding","Visual Reasoning"
"none","0.6591483979763912","0.6786405678640568","0.6788640087383944","0.7216494845360825","0.5756646216768916","0.578259092766653","0.7317922735908803","0.5068493150684932","0.7142857142857143","0.6978851963746223"
