"Overall","choose","compare","logical","query","verify"
"51.13690570837971","77.41364038972543","55.00848896434635","70.21630615640599","33.975018368846435","73.53463587921847"
