"split","Overall","AR","CP","FP-C","FP-S","LR","RR","action_recognition","attribute_comparison","attribute_recognition","celebrity_recognition","function_reasoning","future_prediction","identity_reasoning","image_emotion","image_quality","image_scene","image_style","image_topic","nature_relation","object_localization","ocr","physical_property_reasoning","physical_relation","social_relation","spatial_relationship","structuralized_imagetext_understanding"
"dev","0.6563573883161512","0.7537688442211056","0.8074324324324325","0.5384615384615384","0.6723549488054608","0.3220338983050847","0.5478260869565217","0.8518518518518519","0.45454545454545453","0.8783783783783784","0.6868686868686869","0.8607594936708861","0.325","0.9555555555555556","0.76","0.7169811320754716","0.9423076923076923","0.6792452830188679","0.8055555555555556","0.375","0.5432098765432098","0.5128205128205128","0.52","0.4583333333333333","0.7906976744186046","0.24444444444444444","0.32051282051282054"
