"split","Overall","AR","CP","FP-C","FP-S","LR","RR","action_recognition","attribute_comparison","attribute_recognition","celebrity_recognition","function_reasoning","future_prediction","identity_reasoning","image_emotion","image_quality","image_scene","image_style","image_topic","nature_relation","object_localization","ocr","physical_property_reasoning","physical_relation","social_relation","spatial_relationship","structuralized_imagetext_understanding"
"dev","0.7353951890034365","0.7989949748743719","0.8108108108108109","0.6363636363636364","0.7679180887372014","0.5423728813559322","0.6695652173913044","0.8518518518518519","0.6363636363636364","0.8918918918918919","0.8383838383838383","0.8607594936708861","0.4","0.9333333333333333","0.7","0.6981132075471698","0.9423076923076923","0.7358490566037735","0.8611111111111112","0.6458333333333334","0.5185185185185185","0.8717948717948718","0.6533333333333333","0.4166666666666667","0.8372093023255814","0.37777777777777777","0.6153846153846154"
