"Overall","choose","compare","logical","query","verify"
"53.55382413738273","77.5022143489814","61.120543293718164","72.49029395452024","36.5025716385011","75.93250444049734"
