"split","Overall","acc","precision","recall"
"Overall","80.0","82.06666666666666","90.4201680672269","71.73333333333333"
"random","82.38897396630934","84.66666666666667","96.76258992805755","71.73333333333333"
"adversarial","78.36853605243992","80.2","86.35634028892456","71.73333333333333"
"popular","79.3510324483776","81.33333333333333","88.77887788778878","71.73333333333333"
