"split","Overall","Instance Attributes","Instance Identity","Instance Interaction","Instance Location","Instances Counting","Scene Understanding","Spatial Relation","Text Understanding","Visual Reasoning"
"none","0.6866216975829117","0.7111206711120671","0.7067176406335336","0.6907216494845361","0.598159509202454","0.6035962402942379","0.7438252058264725","0.5920852359208524","0.6785714285714286","0.7492447129909365"
