"split","Overall","AR","CP","FP-C","FP-S","LR","RR","action_recognition","attribute_comparison","attribute_recognition","celebrity_recognition","function_reasoning","future_prediction","identity_reasoning","image_emotion","image_quality","image_scene","image_style","image_topic","nature_relation","object_localization","ocr","physical_property_reasoning","physical_relation","social_relation","spatial_relationship","structuralized_imagetext_understanding"
"dev","0.7714776632302406","0.8140703517587939","0.8209459459459459","0.6853146853146853","0.7713310580204779","0.7203389830508474","0.7304347826086957","0.8518518518518519","0.6818181818181818","0.8918918918918919","0.7474747474747475","0.8227848101265823","0.625","1.0","0.74","0.7169811320754716","0.9615384615384616","0.6792452830188679","0.8888888888888888","0.625","0.6296296296296297","0.8974358974358975","0.6933333333333334","0.7916666666666666","0.813953488372093","0.4888888888888889","0.7692307692307693"
