"split","Overall","Instance Attributes","Instance Identity","Instance Interaction","Instance Location","Instances Counting","Scene Understanding","Spatial Relation","Text Understanding","Visual Reasoning"
"none","0.7069983136593592","0.7216605721660572","0.7072637902785364","0.7319587628865979","0.647239263803681","0.6297507151614221","0.772324255858138","0.624048706240487","0.7976190476190477","0.7583081570996979"
