"split","Overall","acc","precision","recall"
"Overall","84.36397836821068","85.22222222222223","89.56565152271592","79.73333333333333"
"popular","83.87096774193547","84.66666666666667","88.46153846153845","79.73333333333333"
"adversarial","82.19931271477662","82.73333333333333","84.822695035461","79.73333333333333"
"random","87.17201166180757","88.26666666666667","96.14147909967846","79.73333333333333"
