"Overall","choose","compare","logical","query","verify"
"50.715535061218","66.34189548272808","61.62988115449915","74.20965058236273","33.60764144011756","72.91296625222024"
