"Overall","choose","compare","logical","query","verify"
"57.449515026236284","83.87953941541187","69.60950764006792","75.09706045479756","40.61719324026451","77.75310834813499"
