"split","Overall","acc","precision","recall"
"Overall","80.98727342846124","83.56666666666666","96.06587374199451","70.0"
"popular","80.95605242868157","83.53333333333333","95.97806215722122","70.0"
"adversarial","80.1526717557252","82.66666666666667","93.75","70.0"
"random","81.87134502923976","84.5","98.59154929577466","70.0"
