"split","Overall","AR","CP","FP-C","FP-S","LR","RR","action_recognition","attribute_comparison","attribute_recognition","celebrity_recognition","function_reasoning","future_prediction","identity_reasoning","image_emotion","image_quality","image_scene","image_style","image_topic","nature_relation","object_localization","ocr","physical_property_reasoning","physical_relation","social_relation","spatial_relationship","structuralized_imagetext_understanding"
"dev","0.770618556701031","0.7185929648241206","0.8648648648648649","0.7202797202797203","0.8122866894197952","0.5932203389830508","0.7565217391304347","0.8703703703703703","0.7045454545454546","0.918918918918919","0.9292929292929293","0.8734177215189873","0.55","0.9555555555555556","0.78","0.7169811320754716","0.9711538461538461","0.8679245283018868","0.8888888888888888","0.7708333333333334","0.5432098765432098","0.8717948717948718","0.41333333333333333","0.5416666666666666","0.8604651162790697","0.5555555555555556","0.6153846153846154"
