"split","Overall","Instance Attributes","Instance Identity","Instance Interaction","Instance Location","Instances Counting","Scene Understanding","Spatial Relation","Text Understanding","Visual Reasoning"
"none","0.7443788645306352","0.7614540761454076","0.7700709994538504","0.7938144329896907","0.6983640081799591","0.6787903555373928","0.7862571247625079","0.6210045662100456","0.7738095238095238","0.8066465256797583"
