"split","Overall","acc","precision","recall"
"Overall","88.47926267281106","88.88888888888889","91.86602870813397","85.33333333333334"
"random","91.1032028469751","91.66666666666666","97.70992366412213","85.33333333333334"
"popular","88.24543260944502","88.63333333333333","91.3633119200571","85.33333333333334"
"adversarial","86.22431795217246","86.36666666666667","87.13410483321987","85.33333333333334"
