"split","Overall","acc","precision","recall"
"Overall","60.31267142073505","67.84444444444443","78.76074498567334","48.86666666666667"
"random","63.27147173068624","71.63333333333334","89.71848225214198","48.86666666666667"
"adversarial","58.8518667201927","65.83333333333333","73.9656912209889","48.86666666666667"
"popular","59.01771336553945","66.06666666666666","74.49186991869918","48.86666666666667"
