"split","Overall","Instance Attributes","Instance Identity","Instance Interaction","Instance Location","Instances Counting","Scene Understanding","Spatial Relation","Text Understanding","Visual Reasoning"
"none","0.5433530073074762","0.5530221553022155","0.5445111960677226","0.5463917525773195","0.5010224948875256","0.48426644871270946","0.5927802406586448","0.4794520547945205","0.5714285714285714","0.6102719033232629"
