"split","Overall","AR","CP","FP-C","FP-S","LR","RR","action_recognition","attribute_comparison","attribute_recognition","celebrity_recognition","function_reasoning","future_prediction","identity_reasoning","image_emotion","image_quality","image_scene","image_style","image_topic","nature_relation","object_localization","ocr","physical_property_reasoning","physical_relation","social_relation","spatial_relationship","structuralized_imagetext_understanding"
"dev","0.48195876288659795","0.5276381909547738","0.5202702702702703","0.4825174825174825","0.47440273037542663","0.4491525423728814","0.3565217391304348","0.5740740740740741","0.5454545454545454","0.6081081081081081","0.43434343434343436","0.5949367088607594","0.4","0.6888888888888889","0.36","0.6981132075471698","0.5384615384615384","0.37735849056603776","0.6388888888888888","0.3541666666666667","0.35802469135802467","0.5641025641025641","0.36","0.4583333333333333","0.3023255813953488","0.3111111111111111","0.47435897435897434"
