"Overall","choose","compare","logical","query","verify"
"42.94800445221816","68.46767050487156","57.38539898132428","64.22628951747087","25.260837619397503","62.788632326820604"
