"split","Overall","Instance Attributes","Instance Identity","Instance Interaction","Instance Location","Instances Counting","Scene Understanding","Spatial Relation","Text Understanding","Visual Reasoning"
"none","0.7583614390106802","0.7719939771993978","0.7859093391589296","0.7216494845360825","0.7065439672801636","0.7004495300367797","0.7995566814439519","0.6514459665144596","0.8214285714285714","0.8096676737160121"
