"Overall","choose","compare","logical","query","verify"
"51.55827635554142","61.027457927369355","59.08319185059423","75.81808097615085","36.487876561351946","70.95914742451154"
