"split","Overall","acc","precision","recall"
"Overall","88.94542090656799","89.37777777777778","92.71938283510124","85.46666666666667"
"random","91.18065433854909","91.73333333333333","97.71341463414635","85.46666666666667"
"adversarial","86.94472702611054","87.16666666666667","88.47481021394064","85.46666666666667"
"popular","88.81191548320056","89.23333333333333","92.42970439798125","85.46666666666667"
