"split","Overall","Instance Attributes","Instance Identity","Instance Interaction","Instance Location","Instances Counting","Scene Understanding","Spatial Relation","Text Understanding","Visual Reasoning"
"none","0.7447301854974705","0.7560765756076575","0.7629710540688148","0.7216494845360825","0.6912065439672802","0.6787903555373928","0.798606713109563","0.6438356164383562","0.7976190476190477","0.8096676737160121"
