"Overall","choose","compare","logical","query","verify"
"50.94609635872158","63.77325066430469","60.78098471986417","75.26344980587909","35.15062454077884","70.20426287744228"
