"split","Overall","Instance Attributes","Instance Identity","Instance Interaction","Instance Location","Instances Counting","Scene Understanding","Spatial Relation","Text Understanding","Visual Reasoning"
"none","0.5111720067453626","0.5220477522047752","0.4986346258874932","0.5463917525773195","0.46830265848670755","0.44176542705353494","0.5639645345155162","0.4916286149162861","0.5714285714285714","0.5770392749244713"
