"split","Overall","AR","CP","FP-C","FP-S","LR","RR","action_recognition","attribute_comparison","attribute_recognition","celebrity_recognition","function_reasoning","future_prediction","identity_reasoning","image_emotion","image_quality","image_scene","image_style","image_topic","nature_relation","object_localization","ocr","physical_property_reasoning","physical_relation","social_relation","spatial_relationship","structuralized_imagetext_understanding"
"dev","0.4527491408934708","0.6180904522613065","0.5101351351351351","0.32167832167832167","0.4197952218430034","0.4830508474576271","0.23478260869565218","0.46296296296296297","0.3181818181818182","0.5675675675675675","0.31313131313131315","0.5569620253164557","0.35","0.7111111111111111","0.42","0.6037735849056604","0.5384615384615384","0.37735849056603776","0.6111111111111112","0.3125","0.32098765432098764","0.6153846153846154","0.6266666666666667","0.25","0.13953488372093023","0.15555555555555556","0.5512820512820513"
