"split","Overall","acc","precision","recall"
"Overall","64.35502652348298","69.38888888888889","77.02074945803655","55.266666666666666"
"random","65.92445328031809","71.43333333333334","81.67487684729065","55.266666666666666"
"popular","64.765625","69.93333333333334","78.20754716981132","55.266666666666666"
"adversarial","62.471740768651095","66.8","71.83708838821491","55.266666666666666"
