"Overall","choose","compare","logical","query","verify"
"41.93830497694387","63.330380868024804","57.89473684210527","63.117027176927344","23.806024981631154","64.87566607460036"
