"split","Overall","acc","precision","recall"
"Overall","84.39306358381504","85.6","92.11356466876973","77.86666666666666"
"random","86.32668144863267","87.66666666666667","96.84908789386401","77.86666666666666"
"popular","84.79128856624318","86.03333333333333","93.06772908366534","77.86666666666666"
"adversarial","82.16672529018642","83.1","86.96947133283693","77.86666666666666"
