{
    "Bleu": [
        75.51008149290041,
        58.64491503984628,
        44.37596037026719,
        33.242406644392446
    ],
    "ROUGE_L": 54.40364680066732,
    "CIDEr": 95.99278567797624
}