"split","Overall","AR","CP","FP-C","FP-S","LR","RR","action_recognition","attribute_comparison","attribute_recognition","celebrity_recognition","function_reasoning","future_prediction","identity_reasoning","image_emotion","image_quality","image_scene","image_style","image_topic","nature_relation","object_localization","ocr","physical_property_reasoning","physical_relation","social_relation","spatial_relationship","structuralized_imagetext_understanding"
"dev","0.42869415807560135","0.35678391959798994","0.597972972972973","0.34965034965034963","0.5255972696245734","0.1271186440677966","0.2782608695652174","0.6481481481481481","0.18181818181818182","0.4594594594594595","0.8383838383838383","0.2911392405063291","0.225","0.6888888888888889","0.42","0.1320754716981132","0.7884615384615384","0.7735849056603774","0.7222222222222222","0.2708333333333333","0.24691358024691357","0.4358974358974359","0.22666666666666666","0.25","0.3023255813953488","0.15555555555555556","0.07692307692307693"
