"Overall","choose","compare","logical","query","verify"
"53.75258387660995","77.32506643046945","55.34804753820034","66.27842484747643","37.66348273328435","80.10657193605684"
