"Overall","choose","compare","logical","query","verify"
"40.40387979010971","44.9955713020372","30.730050933786078","53.57737104825291","36.66421748714181","41.3854351687389"
