"split","Overall","AR","CP","FP-C","FP-S","LR","RR","action_recognition","attribute_comparison","attribute_recognition","celebrity_recognition","function_reasoning","future_prediction","identity_reasoning","image_emotion","image_quality","image_scene","image_style","image_topic","nature_relation","object_localization","ocr","physical_property_reasoning","physical_relation","social_relation","spatial_relationship","structuralized_imagetext_understanding"
"dev","0.7190721649484536","0.7989949748743719","0.8006756756756757","0.6573426573426573","0.7508532423208191","0.3898305084745763","0.7043478260869566","0.9074074074074074","0.7272727272727273","0.9054054054054054","0.8383838383838383","0.8860759493670886","0.4","0.8888888888888888","0.68","0.6415094339622641","0.9519230769230769","0.7735849056603774","0.8055555555555556","0.5208333333333334","0.5802469135802469","0.5897435897435898","0.6533333333333333","0.7083333333333334","0.9069767441860465","0.28888888888888886","0.38461538461538464"
