"split","Overall","acc","precision","recall"
"Overall","86.20408163265307","86.85555555555555","90.69938650306749","82.13333333333334"
"popular","86.15384615384616","86.8","90.58823529411765","82.13333333333334"
"random","88.72884407634137","89.56666666666668","96.47611589663273","82.13333333333334"
"adversarial","83.86657590197414","84.2","85.67454798331016","82.13333333333334"
