"split","Overall","Instance Attributes","Instance Identity","Instance Interaction","Instance Location","Instances Counting","Scene Understanding","Spatial Relation","Text Understanding","Visual Reasoning"
"none","0.7207700955593029","0.7403742740374274","0.746586564718733","0.7525773195876289","0.6625766871165644","0.6510012259910094","0.7713742875237493","0.5692541856925418","0.7976190476190477","0.7794561933534743"
