"split","Overall","acc","precision","recall"
"Overall","86.21866541132165","86.9888888888889","91.6437327995997","81.39999999999999"
"random","88.76772082878954","89.7","97.60191846522783","81.39999999999999"
"adversarial","83.80233356211392","84.26666666666667","86.35077793493635","81.39999999999999"
"popular","86.22881355932202","87.0","91.66666666666666","81.39999999999999"
