"split","Overall","Instance Attributes","Instance Identity","Instance Interaction","Instance Location","Instances Counting","Scene Understanding","Spatial Relation","Text Understanding","Visual Reasoning"
"none","0.7376335019673974","0.7530651753065175","0.7493173129437466","0.7319587628865979","0.6789366053169734","0.6726604004903964","0.7881570614312856","0.6407914764079148","0.7976190476190477","0.8066465256797583"
