"split","Overall","AR","CP","FP-C","FP-S","LR","RR","action_recognition","attribute_comparison","attribute_recognition","celebrity_recognition","function_reasoning","future_prediction","identity_reasoning","image_emotion","image_quality","image_scene","image_style","image_topic","nature_relation","object_localization","ocr","physical_property_reasoning","physical_relation","social_relation","spatial_relationship","structuralized_imagetext_understanding"
"dev","0.770618556701031","0.8391959798994975","0.8445945945945946","0.6993006993006993","0.7918088737201365","0.4576271186440678","0.8173913043478261","0.8888888888888888","0.6363636363636364","0.918918918918919","0.8484848484848485","0.8734177215189873","0.575","0.9777777777777777","0.68","0.6981132075471698","0.9615384615384616","0.9056603773584906","0.8611111111111112","0.7083333333333334","0.7037037037037037","0.5897435897435898","0.72","0.875","0.9069767441860465","0.5333333333333333","0.3974358974358974"
