"Overall","choose","compare","logical","query","verify"
"47.90904754332963","55.35872453498671","53.3106960950764","72.76760953965614","33.93093313739897","65.09769094138544"
