"split","Overall","AR","CP","FP-C","FP-S","LR","RR","action_recognition","attribute_comparison","attribute_recognition","celebrity_recognition","function_reasoning","future_prediction","identity_reasoning","image_emotion","image_quality","image_scene","image_style","image_topic","nature_relation","object_localization","ocr","physical_property_reasoning","physical_relation","social_relation","spatial_relationship","structuralized_imagetext_understanding"
"dev","0.5420962199312714","0.6231155778894473","0.7128378378378378","0.44755244755244755","0.5358361774744027","0.22033898305084745","0.4260869565217391","0.7407407407407407","0.36363636363636365","0.7702702702702703","0.5151515151515151","0.7468354430379747","0.225","0.8888888888888888","0.6","0.4716981132075472","0.9038461538461539","0.6792452830188679","0.7222222222222222","0.2708333333333333","0.35802469135802467","0.5128205128205128","0.3333333333333333","0.16666666666666666","0.7441860465116279","0.17777777777777778","0.21794871794871795"
