"split","Overall","acc","precision","recall"
"Overall","79.28872969169758","82.0111111111111","93.4277962013868","68.86666666666666"
"popular","79.43098808150711","82.16666666666667","93.82379654859218","68.86666666666666"
"adversarial","78.10964083175801","80.7","90.21834061135371","68.86666666666666"
"random","80.35783741734733","83.16666666666667","96.45191409897292","68.86666666666666"
