"split","Overall","Instance Attributes","Instance Identity","Instance Interaction","Instance Location","Instances Counting","Scene Understanding","Spatial Relation","Text Understanding","Visual Reasoning"
"none","0.6361017425519955","0.6807915680791569","0.6324412889131622","0.5876288659793815","0.558282208588957","0.5312627707396812","0.7134262191260291","0.4490106544901065","0.5833333333333334","0.6948640483383686"
