"Overall","choose","compare","logical","query","verify"
"10.454762283351885","18.157661647475642","7.30050933786078","36.051026067665006","1.1609110947832477","15.008880994671403"
