"split","Overall","acc","precision","recall"
"Overall","68.20403559343275","71.81111111111112","78.2121299223915","60.46666666666667"
"adversarial","66.05972323379461","68.93333333333334","72.79293739967898","60.46666666666667"
"popular","66.81399631675875","69.96666666666667","74.65020576131687","60.46666666666667"
"random","72.04130262112788","76.53333333333333","89.09626719056975","60.46666666666667"
