"split","Overall","AR","CP","FP-C","FP-S","LR","RR","action_recognition","attribute_comparison","attribute_recognition","celebrity_recognition","function_reasoning","future_prediction","identity_reasoning","image_emotion","image_quality","image_scene","image_style","image_topic","nature_relation","object_localization","ocr","physical_property_reasoning","physical_relation","social_relation","spatial_relationship","structuralized_imagetext_understanding"
"dev","0.5738831615120275","0.7135678391959799","0.6418918918918919","0.4405594405594406","0.5699658703071673","0.4661016949152542","0.4434782608695652","0.6111111111111112","0.45454545454545453","0.7297297297297297","0.5656565656565656","0.7215189873417721","0.4","0.8888888888888888","0.56","0.6981132075471698","0.7403846153846154","0.4528301886792453","0.6666666666666666","0.375","0.41975308641975306","0.5897435897435898","0.6","0.4166666666666667","0.5348837209302325","0.2222222222222222","0.5"
