"Overall","choose","compare","logical","query","verify"
"10.55811734775004","9.388839681133748","6.960950764006792","27.121464226289515","5.980896399706098","12.655417406749555"
