"split","Overall","Instance Attributes","Instance Identity","Instance Interaction","Instance Location","Instances Counting","Scene Understanding","Spatial Relation","Text Understanding","Visual Reasoning"
"none","0.6816329398538504","0.7152075715207572","0.6799563080283998","0.6804123711340206","0.6247443762781186","0.5856150388230487","0.7498416719442685","0.5464231354642314","0.5476190476190477","0.7492447129909365"
