"split","Overall","AR","CP","FP-C","FP-S","LR","RR","action_recognition","attribute_comparison","attribute_recognition","celebrity_recognition","function_reasoning","future_prediction","identity_reasoning","image_emotion","image_quality","image_scene","image_style","image_topic","nature_relation","object_localization","ocr","physical_property_reasoning","physical_relation","social_relation","spatial_relationship","structuralized_imagetext_understanding"
"dev","0.5893470790378007","0.6231155778894473","0.7466216216216216","0.46153846153846156","0.6143344709897611","0.2288135593220339","0.591304347826087","0.8518518518518519","0.2727272727272727","0.8513513513513513","0.6868686868686869","0.6835443037974683","0.2","0.8666666666666667","0.62","0.5471698113207547","0.9230769230769231","0.7924528301886793","0.6388888888888888","0.375","0.38271604938271603","0.46153846153846156","0.41333333333333333","0.6666666666666666","0.7906976744186046","0.17777777777777778","0.24358974358974358"
