"split","Overall","acc","precision","recall"
"Overall","74.94869339170886","79.65555555555555","97.50800996796013","60.86666666666667"
"adversarial","74.40912795436023","79.06666666666666","95.70230607966457","60.86666666666667"
"popular","74.98973305954824","79.7","97.6470588235294","60.86666666666667"
"random","75.45454545454545","80.2","99.23913043478261","60.86666666666667"
