"split","Overall","Instance Attributes","Instance Identity","Instance Interaction","Instance Location","Instances Counting","Scene Understanding","Spatial Relation","Text Understanding","Visual Reasoning"
"none","0.6441821247892074","0.702086470208647","0.6695794647733478","0.6597938144329897","0.6584867075664622","0.6138128320392318","0.5959468017732742","0.6255707762557078","0.7738095238095238","0.3323262839879154"
