"Overall","choose","compare","logical","query","verify"
"55.120050882493246","83.87953941541187","60.441426146010194","73.48863006100943","38.104335047759","76.02131438721138"
