"split","Overall","AR","CP","FP-C","FP-S","LR","RR","action_recognition","attribute_comparison","attribute_recognition","celebrity_recognition","function_reasoning","future_prediction","identity_reasoning","image_emotion","image_quality","image_scene","image_style","image_topic","nature_relation","object_localization","ocr","physical_property_reasoning","physical_relation","social_relation","spatial_relationship","structuralized_imagetext_understanding"
"dev","0.45962199312714774","0.457286432160804","0.6081081081081081","0.5804195804195804","0.4880546075085324","0.11016949152542373","0.21739130434782608","0.7777777777777778","0.4772727272727273","0.6081081081081081","0.4444444444444444","0.6708860759493671","0.175","0.7333333333333333","0.56","0.16981132075471697","0.8173076923076923","0.5660377358490566","0.7777777777777778","0.041666666666666664","0.41975308641975306","0.5128205128205128","0.06666666666666667","0.3333333333333333","0.3488372093023256","0.4444444444444444","0.07692307692307693"
