"split","Overall","acc","precision","recall"
"Overall","78.47284921965691","81.45555555555556","93.51367968029511","67.60000000000001"
"popular","78.54376452362509","81.53333333333333","93.71534195933457","67.60000000000001"
"random","80.03157063930546","83.13333333333334","98.06576402321083","67.60000000000001"
"adversarial","76.90557451649602","79.7","89.18205804749341","67.60000000000001"
