"split","Overall","AR","CP","FP-C","FP-S","LR","RR","action_recognition","attribute_comparison","attribute_recognition","celebrity_recognition","function_reasoning","future_prediction","identity_reasoning","image_emotion","image_quality","image_scene","image_style","image_topic","nature_relation","object_localization","ocr","physical_property_reasoning","physical_relation","social_relation","spatial_relationship","structuralized_imagetext_understanding"
"dev","0.6383161512027491","0.6683417085427136","0.777027027027027","0.4965034965034965","0.6791808873720137","0.2796610169491525","0.6695652173913044","0.8518518518518519","0.3409090909090909","0.918918918918919","0.7373737373737373","0.6962025316455697","0.2","0.9777777777777777","0.68","0.5471698113207547","0.9326923076923077","0.8113207547169812","0.75","0.5208333333333334","0.41975308641975306","0.6153846153846154","0.4533333333333333","0.6666666666666666","0.8372093023255814","0.2222222222222222","0.32051282051282054"
