"split","Overall","acc","precision","recall"
"Overall","72.25571288377962","78.0111111111111","97.8731484998101","57.266666666666666"
"adversarial","71.88284518828452","77.60000000000001","96.51685393258427","57.266666666666666"
"random","72.73497036409823","78.53333333333333","99.65197215777262","57.266666666666666"
"popular","72.15455690886184","77.9","97.50283768444949","57.266666666666666"
