"split","Overall","Instance Attributes","Instance Identity","Instance Interaction","Instance Location","Instances Counting","Scene Understanding","Spatial Relation","Text Understanding","Visual Reasoning"
"none","0.6592889263631253","0.6956334695633469","0.6575641725832878","0.6494845360824743","0.6063394683026585","0.5422966898242746","0.7346421785940469","0.54337899543379","0.5476190476190477","0.7220543806646526"
