"split","Overall","acc","precision","recall"
"Overall","72.54218379584437","78.12222222222222","97.37925870460502","57.8"
"adversarial","72.00996677740864","77.53333333333333","95.48458149779736","57.8"
"random","73.04128053917438","78.66666666666666","99.19908466819221","57.8"
"popular","72.5826705734617","78.16666666666666","97.52530933633295","57.8"
