"split","Overall","AR","CP","FP-C","FP-S","LR","RR","action_recognition","attribute_comparison","attribute_recognition","celebrity_recognition","function_reasoning","future_prediction","identity_reasoning","image_emotion","image_quality","image_scene","image_style","image_topic","nature_relation","object_localization","ocr","physical_property_reasoning","physical_relation","social_relation","spatial_relationship","structuralized_imagetext_understanding"
"dev","0.5738831615120275","0.6030150753768844","0.7094594594594594","0.4825174825174825","0.590443686006826","0.2288135593220339","0.6","0.7777777777777778","0.4090909090909091","0.8783783783783784","0.6363636363636364","0.620253164556962","0.175","0.9111111111111111","0.58","0.5471698113207547","0.8846153846153846","0.7169811320754716","0.6111111111111112","0.4166666666666667","0.30864197530864196","0.5128205128205128","0.4","0.5833333333333334","0.813953488372093","0.2","0.2564102564102564"
