"Overall","choose","compare","logical","query","verify"
"9.937986961361107","10.008857395925599","6.621392190152801","23.904603438713256","5.716385011021307","12.344582593250445"
