"split","Overall","Instance Attributes","Instance Identity","Instance Interaction","Instance Location","Instances Counting","Scene Understanding","Spatial Relation","Text Understanding","Visual Reasoning"
"none","0.6924536256323778","0.7132716713271672","0.7067176406335336","0.6701030927835051","0.6319018404907976","0.6076828769922354","0.7498416719442685","0.6118721461187214","0.7023809523809523","0.743202416918429"
