"split","Overall","AR","CP","FP-C","FP-S","LR","RR","action_recognition","attribute_comparison","attribute_recognition","celebrity_recognition","function_reasoning","future_prediction","identity_reasoning","image_emotion","image_quality","image_scene","image_style","image_topic","nature_relation","object_localization","ocr","physical_property_reasoning","physical_relation","social_relation","spatial_relationship","structuralized_imagetext_understanding"
"dev","0.7087628865979382","0.8090452261306532","0.8209459459459459","0.6013986013986014","0.7201365187713311","0.3983050847457627","0.6695652173913044","0.8518518518518519","0.5681818181818182","0.8378378378378378","0.8585858585858586","0.8481012658227848","0.45","0.9333333333333333","0.66","0.6792452830188679","0.9615384615384616","0.8679245283018868","0.7777777777777778","0.5416666666666666","0.48148148148148145","0.6410256410256411","0.6933333333333334","0.5416666666666666","0.8837209302325582","0.3333333333333333","0.3717948717948718"
