"split","Overall","acc","precision","recall"
"Overall","77.5632663709888","80.88888888888889","93.90397978521794","66.06666666666666"
"adversarial","76.17217524980784","79.33333333333333","89.92740471869328","66.06666666666666"
"random","78.96414342629481","82.39999999999999","98.11881188118812","66.06666666666666"
"popular","77.60375880971027","80.93333333333334","94.02277039848197","66.06666666666666"
