"Overall","choose","compare","logical","query","verify"
"54.730481793607886","80.07085916740479","61.460101867572156","73.71048252911814","37.60470242468773","76.82060390763765"
