"split","Overall","AR","CP","FP-C","FP-S","LR","RR","action_recognition","attribute_comparison","attribute_recognition","celebrity_recognition","function_reasoning","future_prediction","identity_reasoning","image_emotion","image_quality","image_scene","image_style","image_topic","nature_relation","object_localization","ocr","physical_property_reasoning","physical_relation","social_relation","spatial_relationship","structuralized_imagetext_understanding"
"dev","0.41494845360824745","0.37185929648241206","0.581081081081081","0.34965034965034963","0.49829351535836175","0.16101694915254236","0.19130434782608696","0.6296296296296297","0.25","0.4864864864864865","0.7777777777777778","0.35443037974683544","0.225","0.6666666666666666","0.58","0.05660377358490566","0.7788461538461539","0.660377358490566","0.6666666666666666","0.20833333333333334","0.14814814814814814","0.5384615384615384","0.21333333333333335","0.16666666666666666","0.18604651162790697","0.1111111111111111","0.1282051282051282"
