{
    "Bleu": [
        73.45623048252094,
        55.85048999015102,
        41.48210628818688,
        30.747807785988325
    ],
    "ROUGE_L": 52.62245138802213,
    "CIDEr": 88.33011764191508
}