"split","Overall","Instance Attributes","Instance Identity","Instance Interaction","Instance Location","Instances Counting","Scene Understanding","Spatial Relation","Text Understanding","Visual Reasoning"
"none","0.5509415401911186","0.5672187567218757","0.6127799016930638","0.5876288659793815","0.5122699386503068","0.40253371475275845","0.6488283723875871","0.426179604261796","0.2857142857142857","0.5619335347432024"
