"Overall","choose","compare","logical","query","verify"
"52.67133089521386","73.16209034543844","55.51782682512734","69.7171381031614","36.10580455547392","78.06394316163411"
