"split","Overall","acc","precision","recall"
"Overall","83.584229390681","84.73333333333333","90.3875968992248","77.73333333333333"
"popular","83.88489208633094","85.06666666666666","91.09375","77.73333333333333"
"random","85.64083731178846","86.96666666666667","95.33932951757971","77.73333333333333"
"adversarial","81.33937914196024","82.16666666666667","85.2962692026335","77.73333333333333"
