"split","Overall","Instance Attributes","Instance Identity","Instance Interaction","Instance Location","Instances Counting","Scene Understanding","Spatial Relation","Text Understanding","Visual Reasoning"
"none","0.6112282181000562","0.6250806625080663","0.6100491534680502","0.6082474226804123","0.523517382413088","0.5357580711074785","0.6918936035465485","0.471841704718417","0.7738095238095238","0.7069486404833837"
