"Overall","choose","compare","logical","query","verify"
"41.50103355064398","56.155890168290526","44.65195246179966","60.732113144758735","27.171197648787654","61.234458259325045"
