"Overall","choose","compare","logical","query","verify"
"50.29416441405628","75.73073516386182","53.4804753820034","70.16084303937882","32.711241734019104","73.93428063943162"
