"split","Overall","Instance Attributes","Instance Identity","Instance Interaction","Instance Location","Instances Counting","Scene Understanding","Spatial Relation","Text Understanding","Visual Reasoning"
"none","0.6786818437324339","0.7042374704237471","0.695794647733479","0.6907216494845361","0.5879345603271984","0.596648957907642","0.7476250791640279","0.5190258751902588","0.7380952380952381","0.7401812688821753"
