"Overall","choose","compare","logical","query","verify"
"52.70313245349022","78.65367581930911","56.196943972835314","70.77093732667777","35.59147685525349","76.02131438721138"
