"split","Overall","Instance Attributes","Instance Identity","Instance Interaction","Instance Location","Instances Counting","Scene Understanding","Spatial Relation","Text Understanding","Visual Reasoning"
"none","0.6862703766160765","0.708969670896967","0.7105406881485528","0.6597938144329897","0.6114519427402862","0.6060482223130363","0.7498416719442685","0.5159817351598174","0.7857142857142857","0.7613293051359517"
