"split","Overall","AR","CP","FP-C","FP-S","LR","RR","action_recognition","attribute_comparison","attribute_recognition","celebrity_recognition","function_reasoning","future_prediction","identity_reasoning","image_emotion","image_quality","image_scene","image_style","image_topic","nature_relation","object_localization","ocr","physical_property_reasoning","physical_relation","social_relation","spatial_relationship","structuralized_imagetext_understanding"
"dev","0.7036082474226805","0.7939698492462312","0.847972972972973","0.5314685314685315","0.7201365187713311","0.4152542372881356","0.6434782608695652","0.8888888888888888","0.38636363636363635","0.8783783783783784","0.7676767676767676","0.8481012658227848","0.3","0.9555555555555556","0.84","0.6981132075471698","0.9711538461538461","0.7547169811320755","0.8611111111111112","0.4375","0.5679012345679012","0.6153846153846154","0.64","0.625","0.8837209302325582","0.24444444444444444","0.47435897435897434"
