"split","Overall","acc","precision","recall"
"Overall","86.07684173422628","86.83333333333333","91.3238593866866","81.39999999999999"
"adversarial","83.54430379746834","83.96666666666667","85.80463808854533","81.39999999999999"
"popular","86.19837627956231","86.96666666666667","91.59789947486871","81.39999999999999"
"random","88.6388384754991","89.56666666666668","97.29083665338646","81.39999999999999"
