"split","Overall","AR","CP","FP-C","FP-S","LR","RR","action_recognition","attribute_comparison","attribute_recognition","celebrity_recognition","function_reasoning","future_prediction","identity_reasoning","image_emotion","image_quality","image_scene","image_style","image_topic","nature_relation","object_localization","ocr","physical_property_reasoning","physical_relation","social_relation","spatial_relationship","structuralized_imagetext_understanding"
"dev","0.5438144329896907","0.6331658291457286","0.7331081081081081","0.4755244755244755","0.5324232081911263","0.16101694915254236","0.40869565217391307","0.8333333333333334","0.38636363636363635","0.7837837837837838","0.5353535353535354","0.759493670886076","0.15","0.8888888888888888","0.68","0.5094339622641509","0.9230769230769231","0.6792452830188679","0.6666666666666666","0.22916666666666666","0.37037037037037035","0.38461538461538464","0.3466666666666667","0.16666666666666666","0.7441860465116279","0.13333333333333333","0.16666666666666666"
