"split","Overall","acc","precision","recall"
"Overall","80.4821749166453","83.08888888888889","95.14857489387506","69.73333333333333"
"adversarial","79.57398250285279","82.1","92.64836138175376","69.73333333333333"
"popular","80.58551617873651","83.2","95.43795620437956","69.73333333333333"
"random","81.30586863583366","83.96666666666667","97.48369058713887","69.73333333333333"
