"split","Overall","Instance Attributes","Instance Identity","Instance Interaction","Instance Location","Instances Counting","Scene Understanding","Spatial Relation","Text Understanding","Visual Reasoning"
"none","0.649451939291737","0.691546569154657","0.657018022938285","0.6082474226804123","0.5623721881390593","0.5476093175316714","0.7248258391386954","0.4581430745814307","0.6666666666666666","0.6948640483383686"
