"Overall","choose","compare","logical","query","verify"
"11.05899189060264","18.511957484499558","8.488964346349745","37.10482529118136","1.278471711976488","16.69626998223801"
