"split","Overall","Instance Attributes","Instance Identity","Instance Interaction","Instance Location","Instances Counting","Scene Understanding","Spatial Relation","Text Understanding","Visual Reasoning"
"none","0.6504356379988758","0.696063669606367","0.6553795740032768","0.5979381443298969","0.5695296523517382","0.5382100531262771","0.7257758074730842","0.4596651445966514","0.6190476190476191","0.7341389728096677"
