"Overall","choose","compare","logical","query","verify"
"9.643822547304817","16.563330380868024","4.753820033955857","33.49972268441486","1.322556943423953","13.49911190053286"
