{
    "Bleu": [
        15.601789269299736,
        9.17813122631407,
        4.936043081639692,
        2.666785000711569
    ],
    "ROUGE_L": 15.968082323357677,
    "CIDEr": 0.002570020165909814
}