"split","Overall","Instance Attributes","Instance Identity","Instance Interaction","Instance Location","Instances Counting","Scene Understanding","Spatial Relation","Text Understanding","Visual Reasoning"
"none","0.7168353007307476","0.7373628737362874","0.742217367558711","0.6804123711340206","0.6513292433537833","0.6485492439722109","0.7631412286257124","0.6149162861491628","0.6904761904761905","0.7643504531722054"
