"split","Overall","acc","precision","recall"
"Overall","82.00025192089684","84.12222222222222","94.64960744402443","72.33333333333334"
"random","83.23743766781742","85.43333333333332","98.01264679313459","72.33333333333334"
"popular","82.07261724659607","84.2","94.84265734265735","72.33333333333334"
"adversarial","80.72916666666666","82.73333333333333","91.32996632996633","72.33333333333334"
