"split","Overall","AR","CP","FP-C","FP-S","LR","RR","action_recognition","attribute_comparison","attribute_recognition","celebrity_recognition","function_reasoning","future_prediction","identity_reasoning","image_emotion","image_quality","image_scene","image_style","image_topic","nature_relation","object_localization","ocr","physical_property_reasoning","physical_relation","social_relation","spatial_relationship","structuralized_imagetext_understanding"
"dev","0.7379725085910653","0.8291457286432161","0.8581081081081081","0.5944055944055944","0.7406143344709898","0.4576271186440678","0.7304347826086957","0.8518518518518519","0.5681818181818182","0.8513513513513513","0.8787878787878788","0.8987341772151899","0.45","0.9777777777777777","0.74","0.6981132075471698","0.9711538461538461","0.8867924528301887","0.8888888888888888","0.6458333333333334","0.5061728395061729","0.6666666666666666","0.6666666666666666","0.5416666666666666","0.9302325581395349","0.3111111111111111","0.46153846153846156"
