"Overall","choose","compare","logical","query","verify"
"57.07584671648911","81.04517271922055","62.13921901528013","75.92900721020521","39.91182953710507","80.50621669626999"
