"split","Overall","acc","precision","recall"
"Overall","76.64179104477611","79.13333333333334","87.03389830508475","68.46666666666667"
"adversarial","73.6464682681965","75.5","79.67416602017067","68.46666666666667"
"popular","76.67039940276223","79.16666666666666","87.10771840542833","68.46666666666667"
"random","79.86003110419905","82.73333333333333","95.80223880597015","68.46666666666667"
