"split","Overall","AR","CP","FP-C","FP-S","LR","RR","action_recognition","attribute_comparison","attribute_recognition","celebrity_recognition","function_reasoning","future_prediction","identity_reasoning","image_emotion","image_quality","image_scene","image_style","image_topic","nature_relation","object_localization","ocr","physical_property_reasoning","physical_relation","social_relation","spatial_relationship","structuralized_imagetext_understanding"
"dev","0.5850515463917526","0.6984924623115578","0.7195945945945946","0.46153846153846156","0.5665529010238908","0.3813559322033898","0.45217391304347826","0.6666666666666666","0.4772727272727273","0.7837837837837838","0.5757575757575758","0.6962025316455697","0.25","0.9333333333333333","0.72","0.7169811320754716","0.8653846153846154","0.41509433962264153","0.75","0.3541666666666667","0.38271604938271603","0.5128205128205128","0.56","0.4583333333333333","0.5581395348837209","0.2","0.44871794871794873"
