"split","Overall","Instance Attributes","Instance Identity","Instance Interaction","Instance Location","Instances Counting","Scene Understanding","Spatial Relation","Text Understanding","Visual Reasoning"
"none","0.5645727937043282","0.589589158958916","0.6280720917531404","0.5979381443298969","0.5061349693251533","0.42255823457294645","0.6532615579480684","0.4170471841704718","0.2619047619047619","0.5981873111782477"
