"Overall","choose","compare","logical","query","verify"
"53.27556050246463","75.90788308237379","55.68760611205433","69.66167498613423","36.531961792799414","78.77442273534636"
