"split","Overall","acc","precision","recall"
"Overall","88.0093131548312","88.55555555555556","92.42053789731052","84.0"
"adversarial","85.6851411084665","85.96666666666667","87.43927827897294","84.0"
"popular","88.08109052778748","88.63333333333333","92.5789860396767","84.0"
"random","90.38737446197992","91.06666666666666","97.82608695652173","84.0"
