"Overall","choose","compare","logical","query","verify"
"49.38782000318015","54.11868910540301","54.159592529711375","73.43316694398226","35.900073475385746","67.27353463587922"
