"split","Overall","Instance Attributes","Instance Identity","Instance Interaction","Instance Location","Instances Counting","Scene Understanding","Spatial Relation","Text Understanding","Visual Reasoning"
"none","0.7550590219224284","0.7681221768122177","0.7738940469688694","0.7422680412371134","0.7096114519427403","0.6975888843481814","0.7941735275490817","0.6742770167427702","0.8571428571428571","0.7915407854984894"
