"split","Overall","AR","CP","FP-C","FP-S","LR","RR","action_recognition","attribute_comparison","attribute_recognition","celebrity_recognition","function_reasoning","future_prediction","identity_reasoning","image_emotion","image_quality","image_scene","image_style","image_topic","nature_relation","object_localization","ocr","physical_property_reasoning","physical_relation","social_relation","spatial_relationship","structuralized_imagetext_understanding"
"dev","0.8032646048109966","0.8140703517587939","0.8682432432432432","0.7482517482517482","0.8361774744027304","0.576271186440678","0.8347826086956521","0.9629629629629629","0.6818181818181818","0.9594594594594594","0.8585858585858586","0.8607594936708861","0.625","0.9555555555555556","0.8","0.6415094339622641","0.9807692307692307","0.9056603773584906","0.9166666666666666","0.7291666666666666","0.7160493827160493","0.7948717948717948","0.68","0.875","0.9302325581395349","0.5555555555555556","0.5512820512820513"
