"split","Overall","AR","CP","FP-C","FP-S","LR","RR","action_recognition","attribute_comparison","attribute_recognition","celebrity_recognition","function_reasoning","future_prediction","identity_reasoning","image_emotion","image_quality","image_scene","image_style","image_topic","nature_relation","object_localization","ocr","physical_property_reasoning","physical_relation","social_relation","spatial_relationship","structuralized_imagetext_understanding"
"dev","0.4106529209621993","0.5025125628140703","0.5135135135135135","0.3006993006993007","0.3890784982935154","0.23728813559322035","0.3565217391304348","0.5370370370370371","0.20454545454545456","0.7027027027027027","0.3333333333333333","0.5569620253164557","0.225","0.6888888888888889","0.42","0.5849056603773585","0.5769230769230769","0.5094339622641509","0.3611111111111111","0.14583333333333334","0.20987654320987653","0.3076923076923077","0.3333333333333333","0.5833333333333334","0.46511627906976744","0.1111111111111111","0.24358974358974358"
