"split","Overall","Instance Attributes","Instance Identity","Instance Interaction","Instance Location","Instances Counting","Scene Understanding","Spatial Relation","Text Understanding","Visual Reasoning"
"none","0.5437043282743114","0.5715207571520757","0.5013653741125068","0.5876288659793815","0.5051124744376279","0.43359215365753984","0.6276124129195694","0.4901065449010654","0.6071428571428571","0.5921450151057401"
