"split","Overall","acc","precision","recall"
"Overall","49.35960591133005","65.73333333333333","94.52830188679245","33.4"
"popular","49.23832923832924","65.56666666666666","93.64485981308411","33.4"
"adversarial","48.97360703812317","65.2","91.75824175824175","33.4"
"random","49.8755599800896","66.43333333333334","98.42829076620825","33.4"
