"Overall","choose","compare","logical","query","verify"
"6.217204643027508","6.200177147918512","5.942275042444821","14.697726012201887","3.2916972814107277","8.348134991119005"
