{
    "Bleu": [
        74.89437536292675,
        57.86484848908962,
        43.695866704833904,
        32.71439292218684
    ],
    "ROUGE_L": 53.981447371759096,
    "CIDEr": 94.60574251329315
}