"split","Overall","AR","CP","FP-C","FP-S","LR","RR","action_recognition","attribute_comparison","attribute_recognition","celebrity_recognition","function_reasoning","future_prediction","identity_reasoning","image_emotion","image_quality","image_scene","image_style","image_topic","nature_relation","object_localization","ocr","physical_property_reasoning","physical_relation","social_relation","spatial_relationship","structuralized_imagetext_understanding"
"dev","0.40463917525773196","0.3316582914572864","0.5574324324324325","0.3986013986013986","0.4812286689419795","0.1016949152542373","0.2608695652173913","0.7592592592592593","0.18181818181818182","0.44594594594594594","0.7676767676767676","0.2911392405063291","0.15","0.6","0.38","0.07547169811320754","0.7980769230769231","0.6792452830188679","0.6388888888888888","0.20833333333333334","0.19753086419753085","0.41025641025641024","0.21333333333333335","0.2916666666666667","0.3023255813953488","0.17777777777777778","0.07692307692307693"
