"split","Overall","Instance Attributes","Instance Identity","Instance Interaction","Instance Location","Instances Counting","Scene Understanding","Spatial Relation","Text Understanding","Visual Reasoning"
"none","0.5663996627318718","0.5842116584211658","0.6193336974330966","0.5773195876288659","0.5419222903885481","0.42541888026154473","0.6630778974034199","0.4353120243531202","0.2261904761904762","0.5589123867069486"
