"split","Overall","acc","precision","recall"
"Overall","84.06573341448569","85.45555555555555","92.94751009421265","76.73333333333333"
"random","85.7036485480268","87.2","97.04890387858347","76.73333333333333"
"popular","84.60124954061007","86.03333333333333","94.26699426699426","76.73333333333333"
"adversarial","81.98005698005697","83.13333333333334","87.99694189602447","76.73333333333333"
