"Overall","choose","compare","logical","query","verify"
"53.140403879790114","76.61647475642161","54.66893039049236","66.27842484747643","37.04628949301984","79.08525754884546"
