"split","Overall","AR","CP","FP-C","FP-S","LR","RR","action_recognition","attribute_comparison","attribute_recognition","celebrity_recognition","function_reasoning","future_prediction","identity_reasoning","image_emotion","image_quality","image_scene","image_style","image_topic","nature_relation","object_localization","ocr","physical_property_reasoning","physical_relation","social_relation","spatial_relationship","structuralized_imagetext_understanding"
"dev","0.7998281786941581","0.8542713567839196","0.8614864864864865","0.6783216783216783","0.8498293515358362","0.6016949152542372","0.7739130434782608","0.9444444444444444","0.7954545454545454","0.972972972972973","0.8888888888888888","0.8734177215189873","0.4","1.0","0.78","0.7358490566037735","0.9711538461538461","0.8490566037735849","0.8611111111111112","0.6666666666666666","0.654320987654321","0.9230769230769231","0.7466666666666667","0.7083333333333334","0.9302325581395349","0.24444444444444444","0.7051282051282052"
