"split","Overall","Instance Attributes","Instance Identity","Instance Interaction","Instance Location","Instances Counting","Scene Understanding","Spatial Relation","Text Understanding","Visual Reasoning"
"none","0.734752670039348","0.7552161755216176","0.7618787547788094","0.7835051546391752","0.66359918200409","0.6673477727829996","0.7891070297656745","0.5601217656012176","0.7857142857142857","0.8066465256797583"
