"Overall","choose","compare","logical","query","verify"
"44.58578470345047","55.447298494242695","38.879456706281836","60.67665002773156","36.193975018368846","53.108348134991125"
