"split","Overall","acc","precision","recall"
"Overall","88.69624729097754","88.98888888888888","91.11788141551442","86.4"
"adversarial","86.31368631368632","86.3","86.22754491017965","86.4"
"popular","88.58509911141489","88.86666666666667","90.8835904628331","86.4"
"random","91.33192389006342","91.8","96.8609865470852","86.4"
