"Overall","choose","compare","logical","query","verify"
"44.37907457465416","55.0044286979628","38.539898132427844","60.732113144758735","36.14988978692138","52.353463587921844"
