"split","Overall","acc","precision","recall"
"Overall","88.55380397532556","88.86666666666667","91.11424541607899","86.13333333333333"
"popular","88.58416181007884","88.9","91.17854622441779","86.13333333333333"
"random","90.92188599577761","91.4","96.274217585693","86.13333333333333"
"adversarial","86.27712854757931","86.3","86.42140468227424","86.13333333333333"
