"split","Overall","AR","CP","FP-C","FP-S","LR","RR","action_recognition","attribute_comparison","attribute_recognition","celebrity_recognition","function_reasoning","future_prediction","identity_reasoning","image_emotion","image_quality","image_scene","image_style","image_topic","nature_relation","object_localization","ocr","physical_property_reasoning","physical_relation","social_relation","spatial_relationship","structuralized_imagetext_understanding"
"dev","0.7903780068728522","0.8492462311557789","0.847972972972973","0.6573426573426573","0.8430034129692833","0.5932203389830508","0.7739130434782608","0.9259259259259259","0.7727272727272727","0.972972972972973","0.8787878787878788","0.8860759493670886","0.4","1.0","0.8","0.660377358490566","0.9711538461538461","0.8490566037735849","0.8333333333333334","0.6875","0.6419753086419753","0.9230769230769231","0.72","0.7083333333333334","0.9069767441860465","0.2222222222222222","0.6923076923076923"
