"split","Overall","Instance Attributes","Instance Identity","Instance Interaction","Instance Location","Instances Counting","Scene Understanding","Spatial Relation","Text Understanding","Visual Reasoning"
"none","0.7320123664980326","0.7500537750053775","0.7635172037138176","0.7525773195876289","0.6707566462167689","0.6665304454434001","0.7824572514249525","0.5662100456621004","0.7857142857142857","0.797583081570997"
