"split","Overall","AR","CP","FP-C","FP-S","LR","RR","action_recognition","attribute_comparison","attribute_recognition","celebrity_recognition","function_reasoning","future_prediction","identity_reasoning","image_emotion","image_quality","image_scene","image_style","image_topic","nature_relation","object_localization","ocr","physical_property_reasoning","physical_relation","social_relation","spatial_relationship","structuralized_imagetext_understanding"
"dev","0.5300687285223368","0.507537688442211","0.6655405405405406","0.6293706293706294","0.5767918088737202","0.2033898305084746","0.3130434782608696","0.8148148148148148","0.5227272727272727","0.7297297297297297","0.5858585858585859","0.6962025316455697","0.375","0.9111111111111111","0.68","0.18867924528301888","0.875","0.6226415094339622","0.8055555555555556","0.10416666666666667","0.4074074074074074","0.6153846153846154","0.06666666666666667","0.375","0.5116279069767442","0.5111111111111111","0.11538461538461539"
