"Overall","choose","compare","logical","query","verify"
"54.555573223087926","81.13374667847653","60.95076400679117","73.37770382695507","37.6781778104335","75.48845470692717"
