"split","Overall","acc","precision","recall"
"Overall","78.372591006424","80.92222222222222","90.46234370456528","69.13333333333334"
"adversarial","76.61618027336536","78.9","85.91549295774648","69.13333333333334"
"popular","77.96992481203007","80.46666666666667","89.39655172413794","69.13333333333334"
"random","80.63763608087092","83.39999999999999","96.73507462686567","69.13333333333334"
