"split","Overall","Instance Attributes","Instance Identity","Instance Interaction","Instance Location","Instances Counting","Scene Understanding","Spatial Relation","Text Understanding","Visual Reasoning"
"none","0.639052838673412","0.704667670466767","0.6504642271982524","0.6701030927835051","0.6267893660531697","0.5872496935022476","0.6111462951234958","0.6073059360730594","0.6547619047619048","0.38972809667673713"
