"split","Overall","acc","precision","recall"
"Overall","80.05919348871625","82.03333333333333","89.94181213632585","72.13333333333334"
"random","82.56390690576116","84.76666666666667","96.52096342551295","72.13333333333334"
"adversarial","78.43421529539688","80.16666666666666","85.94122319301033","72.13333333333334"
"popular","79.29644558446319","81.16666666666667","88.03905614320587","72.13333333333334"
