"split","Overall","Instance Attributes","Instance Identity","Instance Interaction","Instance Location","Instances Counting","Scene Understanding","Spatial Relation","Text Understanding","Visual Reasoning"
"none","0.6866919617762788","0.706388470638847","0.7034407427635172","0.6907216494845361","0.6002044989775052","0.6080915406620352","0.7492083597213426","0.5844748858447488","0.6428571428571429","0.770392749244713"
