"Overall","choose","compare","logical","query","verify"
"53.545873747813644","78.29937998228522","62.30899830220713","72.98946200776484","36.355620867009556","75.22202486678508"
