"split","Overall","AR","CP","FP-C","FP-S","LR","RR","action_recognition","attribute_comparison","attribute_recognition","celebrity_recognition","function_reasoning","future_prediction","identity_reasoning","image_emotion","image_quality","image_scene","image_style","image_topic","nature_relation","object_localization","ocr","physical_property_reasoning","physical_relation","social_relation","spatial_relationship","structuralized_imagetext_understanding"
"dev","0.7216494845360825","0.7889447236180904","0.8006756756756757","0.6293706293706294","0.7337883959044369","0.5423728813559322","0.6695652173913044","0.7962962962962963","0.7045454545454546","0.8513513513513513","0.8181818181818182","0.810126582278481","0.425","0.9777777777777777","0.7","0.6792452830188679","0.9326923076923077","0.6792452830188679","0.9166666666666666","0.6458333333333334","0.48148148148148145","0.8205128205128205","0.6533333333333333","0.4583333333333333","0.813953488372093","0.35555555555555557","0.6025641025641025"
