"split","Overall","Instance Attributes","Instance Identity","Instance Interaction","Instance Location","Instances Counting","Scene Understanding","Spatial Relation","Text Understanding","Visual Reasoning"
"none","0.5687886453063519","0.5844267584426759","0.6340797378481704","0.5773195876288659","0.5337423312883436","0.42255823457294645","0.6608613046231793","0.4368340943683409","0.2619047619047619","0.6314199395770392"
