{
    "Bleu": [
        74.87783788131523,
        57.8060375521812,
        43.51697857272388,
        32.69075467739545
    ],
    "ROUGE_L": 53.8265374275006,
    "CIDEr": 95.03865300472441
}