"split","Overall","AR","CP","FP-C","FP-S","LR","RR","action_recognition","attribute_comparison","attribute_recognition","celebrity_recognition","function_reasoning","future_prediction","identity_reasoning","image_emotion","image_quality","image_scene","image_style","image_topic","nature_relation","object_localization","ocr","physical_property_reasoning","physical_relation","social_relation","spatial_relationship","structuralized_imagetext_understanding"
"dev","0.4415807560137457","0.4020100502512563","0.6047297297297297","0.36363636363636365","0.5187713310580204","0.16101694915254236","0.2782608695652174","0.7222222222222222","0.18181818181818182","0.47297297297297297","0.8383838383838383","0.3670886075949367","0.225","0.7333333333333333","0.6","0.09433962264150944","0.8076923076923077","0.6792452830188679","0.6666666666666666","0.2708333333333333","0.1728395061728395","0.5128205128205128","0.24","0.16666666666666666","0.3488372093023256","0.1111111111111111","0.1282051282051282"
