"split","Overall","acc","precision","recall"
"Overall","84.08981168517626","85.35555555555555","92.04545454545455","77.4"
"adversarial","82.04946996466431","83.06666666666666","87.29323308270676","77.4"
"popular","84.31372549019606","85.6","92.58373205741627","77.4"
"random","86.00000000000001","87.4","96.75","77.4"
