"Overall","choose","compare","logical","query","verify"
"53.72078231833359","74.5792736935341","57.215619694397276","68.44148641153632","37.63409257898604","79.17406749555951"
