"split","Overall","acc","precision","recall"
"Overall","81.09452736318408","82.26666666666667","86.83409436834094","76.06666666666668"
"adversarial","78.28473413379074","78.9","80.63604240282686","76.06666666666668"
"random","83.25428675665815","84.7","91.941982272361","76.06666666666668"
"popular","81.90954773869348","83.2","88.72472783825816","76.06666666666668"
