"Overall","choose","compare","logical","query","verify"
"47.41612339004611","70.68201948627105","53.140916808149406","61.619523017193565","30.46289493019838","74.11190053285968"
