{
    "Bleu": [
        70.94372540268449,
        52.76359976383772,
        38.51032392766885,
        28.0947563420959
    ],
    "ROUGE_L": 50.32170737279159,
    "CIDEr": 78.37081002223792
}