"split","Overall","Instance Attributes","Instance Identity","Instance Interaction","Instance Location","Instances Counting","Scene Understanding","Spatial Relation","Text Understanding","Visual Reasoning"
"none","0.4946599213041034","0.501613250161325","0.539595849262698","0.5773195876288659","0.4611451942740286","0.3530854107069881","0.6029132362254591","0.3987823439878234","0.16666666666666666","0.5105740181268882"
