"split","Overall","AR","CP","FP-C","FP-S","LR","RR","action_recognition","attribute_comparison","attribute_recognition","celebrity_recognition","function_reasoning","future_prediction","identity_reasoning","image_emotion","image_quality","image_scene","image_style","image_topic","nature_relation","object_localization","ocr","physical_property_reasoning","physical_relation","social_relation","spatial_relationship","structuralized_imagetext_understanding"
"dev","0.359106529209622","0.36180904522613067","0.4560810810810811","0.3076923076923077","0.4539249146757679","0.13559322033898305","0.1565217391304348","0.5555555555555556","0.1590909090909091","0.5135135135135135","0.696969696969697","0.25316455696202533","0.25","0.8","0.4","0.0","0.7115384615384616","0.3584905660377358","0.6111111111111112","0.14583333333333334","0.12345679012345678","0.41025641025641024","0.21333333333333335","0.16666666666666666","0.16279069767441862","0.15555555555555556","0.07692307692307693"
