"split","Overall","AR","CP","FP-C","FP-S","LR","RR","action_recognition","attribute_comparison","attribute_recognition","celebrity_recognition","function_reasoning","future_prediction","identity_reasoning","image_emotion","image_quality","image_scene","image_style","image_topic","nature_relation","object_localization","ocr","physical_property_reasoning","physical_relation","social_relation","spatial_relationship","structuralized_imagetext_understanding"
"dev","0.7577319587628866","0.7939698492462312","0.831081081081081","0.6643356643356644","0.78839590443686","0.5084745762711864","0.8","0.8518518518518519","0.6818181818181818","0.9054054054054054","0.8080808080808081","0.8481012658227848","0.6","0.9333333333333333","0.72","0.7358490566037735","0.9903846153846154","0.7358490566037735","0.8055555555555556","0.6666666666666666","0.6790123456790124","0.7435897435897436","0.6533333333333333","0.875","0.9069767441860465","0.4222222222222222","0.46153846153846156"
