"Overall","choose","compare","logical","query","verify"
"46.93910001590078","51.195748449955715","56.8760611205433","72.26844148641153","32.373254959588536","65.94138543516874"
