"split","Overall","acc","precision","recall"
"Overall","83.41818181818182","84.8","91.75999999999999","76.46666666666667"
"adversarial","80.97423226261914","82.03333333333333","86.04651162790698","76.46666666666667"
"random","85.8211747100636","87.36666666666667","97.78346121057119","76.46666666666667"
"popular","83.60058309037902","85.0","92.20257234726688","76.46666666666667"
