"split","Overall","Instance Attributes","Instance Identity","Instance Interaction","Instance Location","Instances Counting","Scene Understanding","Spatial Relation","Text Understanding","Visual Reasoning"
"none","0.7015177065767285","0.7106904710690471","0.7132714363735664","0.711340206185567","0.6676891615541922","0.6178994687372292","0.7609246358454718","0.639269406392694","0.7380952380952381","0.770392749244713"
