"Overall","choose","compare","logical","query","verify"
"9.007791381777707","14.437555358724536","3.0560271646859083","30.671103716028842","1.4988978692138133","13.188277087033748"
