"split","Overall","acc","precision","recall"
"Overall","77.66179540709813","80.97777777777779","94.05815423514538","66.13333333333333"
"random","78.48101265822784","81.86666666666666","96.49805447470817","66.13333333333333"
"popular","77.71249510379945","81.03333333333333","94.20702754036088","66.13333333333333"
"adversarial","76.80991095625241","80.03333333333333","91.59741458910435","66.13333333333333"
