"split","Overall","AR","CP","FP-C","FP-S","LR","RR","action_recognition","attribute_comparison","attribute_recognition","celebrity_recognition","function_reasoning","future_prediction","identity_reasoning","image_emotion","image_quality","image_scene","image_style","image_topic","nature_relation","object_localization","ocr","physical_property_reasoning","physical_relation","social_relation","spatial_relationship","structuralized_imagetext_understanding"
"dev","0.5197594501718213","0.6331658291457286","0.6722972972972973","0.36363636363636365","0.5290102389078498","0.22033898305084745","0.40869565217391307","0.6666666666666666","0.25","0.7567567567567568","0.5353535353535354","0.7341772151898734","0.2","0.8888888888888888","0.6","0.5094339622641509","0.8846153846153846","0.5471698113207547","0.5833333333333334","0.2708333333333333","0.2839506172839506","0.5897435897435898","0.37333333333333335","0.16666666666666666","0.6976744186046512","0.1111111111111111","0.23076923076923078"
