"split","Overall","Instance Attributes","Instance Identity","Instance Interaction","Instance Location","Instances Counting","Scene Understanding","Spatial Relation","Text Understanding","Visual Reasoning"
"none","0.6160061832490163","0.6414282641428264","0.6264336428181322","0.5876288659793815","0.5245398773006135","0.5177768696362893","0.7093096896770108","0.441400304414003","0.5238095238095238","0.6858006042296072"
