"Overall","choose","compare","logical","query","verify"
"56.60677373191286","81.31089459698848","61.120543293718164","74.98613422074321","39.8677443056576","78.9076376554174"
