"split","Overall","acc","precision","recall"
"Overall","84.10733978679083","85.58888888888889","93.74487844851134","76.26666666666667"
"adversarial","82.59927797833934","83.93333333333334","90.07874015748033","76.26666666666667"
"random","85.82145536384095","87.4","98.11320754716981","76.26666666666667"
"popular","83.96330275229357","85.43333333333332","93.38775510204081","76.26666666666667"
