"split","Overall","Instance Attributes","Instance Identity","Instance Interaction","Instance Location","Instances Counting","Scene Understanding","Spatial Relation","Text Understanding","Visual Reasoning"
"none","0.7186621697582912","0.7423101742310174","0.7454942654287274","0.711340206185567","0.6390593047034765","0.6469145892930118","0.7688410386320456","0.6012176560121766","0.7023809523809523","0.7643504531722054"
