"split","Overall","AR","CP","FP-C","FP-S","LR","RR","action_recognition","attribute_comparison","attribute_recognition","celebrity_recognition","function_reasoning","future_prediction","identity_reasoning","image_emotion","image_quality","image_scene","image_style","image_topic","nature_relation","object_localization","ocr","physical_property_reasoning","physical_relation","social_relation","spatial_relationship","structuralized_imagetext_understanding"
"dev","0.7731958762886598","0.8341708542713567","0.8513513513513513","0.6363636363636364","0.7918088737201365","0.6101694915254238","0.7565217391304347","0.8518518518518519","0.6363636363636364","0.8783783783783784","0.898989898989899","0.8987341772151899","0.525","0.9777777777777777","0.74","0.6981132075471698","0.9807692307692307","0.8301886792452831","0.8888888888888888","0.6875","0.5432098765432098","0.8717948717948718","0.68","0.5833333333333334","0.9302325581395349","0.37777777777777777","0.6538461538461539"
