"split","Overall","acc","precision","recall"
"Overall","75.75919019712308","79.77777777777779","94.54787234042553","63.2"
"random","76.94805194805195","81.06666666666666","98.3402489626556","63.2"
"adversarial","74.70449172576832","78.60000000000001","91.32947976878613","63.2"
"popular","75.65841979249801","79.66666666666666","94.23459244532803","63.2"
