"Overall","choose","compare","logical","query","verify"
"54.17395452377166","81.04517271922055","68.42105263157895","72.21297836938436","36.869948567229976","74.82238010657194"
