"split","Overall","Instance Attributes","Instance Identity","Instance Interaction","Instance Location","Instances Counting","Scene Understanding","Spatial Relation","Text Understanding","Visual Reasoning"
"none","0.6954749859471613","0.7220907722090772","0.6979792463134898","0.7010309278350515","0.6533742331288344","0.6019615856150389","0.7555414819506017","0.5768645357686454","0.7380952380952381","0.7734138972809668"
