"split","Overall","AR","CP","FP-C","FP-S","LR","RR","action_recognition","attribute_comparison","attribute_recognition","celebrity_recognition","function_reasoning","future_prediction","identity_reasoning","image_emotion","image_quality","image_scene","image_style","image_topic","nature_relation","object_localization","ocr","physical_property_reasoning","physical_relation","social_relation","spatial_relationship","structuralized_imagetext_understanding"
"dev","0.7130584192439863","0.6884422110552764","0.7972972972972973","0.6923076923076923","0.7747440273037542","0.4067796610169492","0.7217391304347827","0.8148148148148148","0.7272727272727273","0.8648648648648649","0.898989898989899","0.8734177215189873","0.425","0.9555555555555556","0.68","0.660377358490566","0.9519230769230769","0.6981132075471698","0.8611111111111112","0.6666666666666666","0.5679012345679012","0.717948717948718","0.3333333333333333","0.5833333333333334","0.8604651162790697","0.5111111111111111","0.3974358974358974"
