"split","Overall","Instance Attributes","Instance Identity","Instance Interaction","Instance Location","Instances Counting","Scene Understanding","Spatial Relation","Text Understanding","Visual Reasoning"
"none","0.6453063518830804","0.6478812647881265","0.6679410158383398","0.6701030927835051","0.565439672801636","0.5655905190028606","0.7330588980367321","0.4901065449010654","0.7857142857142857","0.7371601208459214"
