"Overall","choose","compare","logical","query","verify"
"48.17936078867864","73.87068201948627","52.97113752122241","68.99611758180811","30.16899338721528","71.80284191829485"
