"split","Overall","AR","CP","FP-C","FP-S","LR","RR","action_recognition","attribute_comparison","attribute_recognition","celebrity_recognition","function_reasoning","future_prediction","identity_reasoning","image_emotion","image_quality","image_scene","image_style","image_topic","nature_relation","object_localization","ocr","physical_property_reasoning","physical_relation","social_relation","spatial_relationship","structuralized_imagetext_understanding"
"dev","0.6752577319587629","0.7788944723618091","0.7972972972972973","0.4755244755244755","0.7133105802047781","0.423728813559322","0.591304347826087","0.8333333333333334","0.4090909090909091","0.8648648648648649","0.7474747474747475","0.8481012658227848","0.325","0.9555555555555556","0.74","0.7358490566037735","0.9326923076923077","0.6226415094339622","0.8333333333333334","0.4166666666666667","0.5679012345679012","0.6410256410256411","0.6","0.5833333333333334","0.7906976744186046","0.1111111111111111","0.47435897435897434"
