"split","Overall","acc","precision","recall"
"Overall","83.07580878802511","84.42222222222222","90.93551797040169","76.46666666666667"
"random","85.46944858420268","87.0","96.875","76.46666666666667"
"adversarial","80.77464788732395","81.8","85.59701492537314","76.46666666666667"
"popular","83.11594202898551","84.46666666666667","91.03174603174602","76.46666666666667"
