"Overall","choose","compare","logical","query","verify"
"51.152806487517886","75.64216120460586","56.02716468590832","71.71381031613977","33.343130051432766","74.95559502664298"
