"split","Overall","acc","precision","recall"
"Overall","82.69324258629072","84.17777777777778","91.25536480686695","75.6"
"popular","82.98572996706916","84.5","91.97080291970804","75.6"
"random","85.07126781695425","86.73333333333333","97.25557461406518","75.6"
"adversarial","80.16967126193","81.3","85.32731376975168","75.6"
