"split","Overall","Instance Attributes","Instance Identity","Instance Interaction","Instance Location","Instances Counting","Scene Understanding","Spatial Relation","Text Understanding","Visual Reasoning"
"none","0.6682827431141091","0.6936975693697569","0.6903331512834516","0.6907216494845361","0.5940695296523517","0.5786677564364529","0.7352754908169727","0.5068493150684932","0.7738095238095238","0.7190332326283988"
