"split","Overall","AR","CP","FP-C","FP-S","LR","RR","action_recognition","attribute_comparison","attribute_recognition","celebrity_recognition","function_reasoning","future_prediction","identity_reasoning","image_emotion","image_quality","image_scene","image_style","image_topic","nature_relation","object_localization","ocr","physical_property_reasoning","physical_relation","social_relation","spatial_relationship","structuralized_imagetext_understanding"
"dev","0.6589347079037801","0.7688442211055276","0.793918918918919","0.5174825174825175","0.689419795221843","0.3220338983050847","0.5652173913043478","0.8888888888888888","0.38636363636363635","0.8378378378378378","0.7474747474747475","0.8607594936708861","0.3","0.9333333333333333","0.72","0.6792452830188679","0.9711538461538461","0.6415094339622641","0.7777777777777778","0.375","0.5925925925925926","0.46153846153846156","0.5733333333333334","0.5416666666666666","0.7906976744186046","0.2","0.3333333333333333"
