"split","Overall","acc","precision","recall"
"Overall","76.90901971022059","80.34444444444443","93.19835495096488","65.46666666666667"
"adversarial","75.13389441469013","78.33333333333333","88.1508078994614","65.46666666666667"
"random","78.46584099081102","82.03333333333333","97.90628115653041","65.46666666666667"
"popular","77.20125786163521","80.66666666666666","94.06130268199234","65.46666666666667"
