"split","Overall","AR","CP","FP-C","FP-S","LR","RR","action_recognition","attribute_comparison","attribute_recognition","celebrity_recognition","function_reasoning","future_prediction","identity_reasoning","image_emotion","image_quality","image_scene","image_style","image_topic","nature_relation","object_localization","ocr","physical_property_reasoning","physical_relation","social_relation","spatial_relationship","structuralized_imagetext_understanding"
"dev","0.49742268041237114","0.507537688442211","0.652027027027027","0.5944055944055944","0.5392491467576792","0.1016949152542373","0.2608695652173913","0.8148148148148148","0.5","0.7702702702702703","0.46464646464646464","0.7341772151898734","0.225","0.8222222222222222","0.68","0.11320754716981132","0.8365384615384616","0.7169811320754716","0.7777777777777778","0.10416666666666667","0.4444444444444444","0.48717948717948717","0.08","0.375","0.37209302325581395","0.4222222222222222","0.038461538461538464"
