"Overall","choose","compare","logical","query","verify"
"54.02289712195898","82.46235606731621","60.95076400679117","72.87853577371048","36.958119030124905","74.42273534635879"
