"split","Overall","Instance Attributes","Instance Identity","Instance Interaction","Instance Location","Instances Counting","Scene Understanding","Spatial Relation","Text Understanding","Visual Reasoning"
"none","0.6481871838111298","0.7117659711765971","0.6619333697433096","0.6185567010309279","0.65439672801636","0.6117695136902329","0.6117796073464218","0.604261796042618","0.7023809523809523","0.3595166163141994"
