"split","Overall","acc","precision","recall"
"Overall","87.30845712948884","87.94444444444444","92.17090639664114","82.93333333333334"
"adversarial","85.05982905982906","85.43333333333332","87.29824561403508","82.93333333333334"
"popular","87.32888732888733","87.96666666666667","92.2164566345441","82.93333333333334"
"random","89.65765765765767","90.43333333333334","97.5686274509804","82.93333333333334"
