"split","Overall","AR","CP","FP-C","FP-S","LR","RR","action_recognition","attribute_comparison","attribute_recognition","celebrity_recognition","function_reasoning","future_prediction","identity_reasoning","image_emotion","image_quality","image_scene","image_style","image_topic","nature_relation","object_localization","ocr","physical_property_reasoning","physical_relation","social_relation","spatial_relationship","structuralized_imagetext_understanding"
"dev","0.7164948453608248","0.7989949748743719","0.8581081081081081","0.5034965034965035","0.7713310580204779","0.4067796610169492","0.6521739130434783","0.9074074074074074","0.36363636363636365","0.9324324324324325","0.797979797979798","0.8481012658227848","0.3","0.9555555555555556","0.9","0.6981132075471698","0.9711538461538461","0.7169811320754716","0.9166666666666666","0.4583333333333333","0.6296296296296297","0.6923076923076923","0.6533333333333333","0.625","0.8837209302325582","0.15555555555555556","0.46153846153846156"
