"Overall","choose","compare","logical","query","verify"
"51.81268882175226","77.23649247121345","55.85738539898133","71.60288408208541","34.23952975753123","75.2664298401421"
