"split","Overall","Instance Attributes","Instance Identity","Instance Interaction","Instance Location","Instances Counting","Scene Understanding","Spatial Relation","Text Understanding","Visual Reasoning"
"none","0.6949831365935919","0.7171434717143472","0.7329328235936646","0.711340206185567","0.6053169734151329","0.613404168369432","0.7618746041798606","0.5114155251141552","0.7261904761904762","0.7552870090634441"
