"split","Overall","acc","precision","recall"
"Overall","83.9580571290828","85.21111111111111","91.73031340531999","77.4"
"popular","84.0999637812387","85.36666666666667","92.06978588421887","77.4"
"random","86.38392857142857","87.8","97.72727272727273","77.4"
"adversarial","81.53089887640449","82.46666666666667","86.12759643916914","77.4"
