"split","Overall","Instance Attributes","Instance Identity","Instance Interaction","Instance Location","Instances Counting","Scene Understanding","Spatial Relation","Text Understanding","Visual Reasoning"
"none","0.5650646430578977","0.5805549580554958","0.616602949208083","0.5979381443298969","0.532719836400818","0.42296689824274625","0.6637112096263458","0.4353120243531202","0.2619047619047619","0.5921450151057401"
