"Overall","choose","compare","logical","query","verify"
"53.315312450310074","75.37643932683791","55.68760611205433","66.72212978369384","37.48714180749449","78.73001776198934"
