"split","Overall","AR","CP","FP-C","FP-S","LR","RR","action_recognition","attribute_comparison","attribute_recognition","celebrity_recognition","function_reasoning","future_prediction","identity_reasoning","image_emotion","image_quality","image_scene","image_style","image_topic","nature_relation","object_localization","ocr","physical_property_reasoning","physical_relation","social_relation","spatial_relationship","structuralized_imagetext_understanding"
"dev","0.436426116838488","0.39195979899497485","0.6047297297297297","0.35664335664335667","0.5119453924914675","0.16101694915254236","0.26956521739130435","0.7037037037037037","0.20454545454545456","0.44594594594594594","0.797979797979798","0.379746835443038","0.225","0.7111111111111111","0.46","0.09433962264150944","0.8269230769230769","0.7924528301886793","0.6388888888888888","0.3333333333333333","0.20987654320987653","0.5384615384615384","0.21333333333333335","0.16666666666666666","0.2558139534883721","0.08888888888888889","0.1282051282051282"
