{
    "Bleu": [
        75.24967346528534,
        58.316532170914556,
        44.01564160211825,
        33.00037224694292
    ],
    "ROUGE_L": 54.096880160512804,
    "CIDEr": 95.19954336940938
}