"split","Overall","AR","CP","FP-C","FP-S","LR","RR","action_recognition","attribute_comparison","attribute_recognition","celebrity_recognition","function_reasoning","future_prediction","identity_reasoning","image_emotion","image_quality","image_scene","image_style","image_topic","nature_relation","object_localization","ocr","physical_property_reasoning","physical_relation","social_relation","spatial_relationship","structuralized_imagetext_understanding"
"dev","0.7070446735395189","0.7889447236180904","0.7736486486486487","0.5944055944055944","0.7372013651877133","0.5508474576271186","0.6173913043478261","0.7962962962962963","0.5909090909090909","0.8378378378378378","0.8282828282828283","0.8481012658227848","0.425","0.8888888888888888","0.62","0.6792452830188679","0.9423076923076923","0.660377358490566","0.8055555555555556","0.5833333333333334","0.5061728395061729","0.7948717948717948","0.6666666666666666","0.4583333333333333","0.7441860465116279","0.35555555555555557","0.6153846153846154"
