"split","Overall","acc","precision","recall"
"Overall","77.65321375186845","80.06666666666666","88.35034013605441","69.26666666666667"
"popular","77.04857248794957","79.36666666666666","86.80033416875523","69.26666666666667"
"random","80.07707129094412","82.76666666666667","94.88584474885845","69.26666666666667"
"adversarial","75.95029239766082","78.06666666666666","84.06148867313917","69.26666666666667"
