"Overall","choose","compare","logical","query","verify"
"52.432819208141204","76.88219663418955","60.611205432937176","71.54742096505824","35.41513592946363","74.1563055062167"
