"split","Overall","Instance Attributes","Instance Identity","Instance Interaction","Instance Location","Instances Counting","Scene Understanding","Spatial Relation","Text Understanding","Visual Reasoning"
"none","0.6699690837549185","0.6943428694342869","0.6832332058984162","0.6391752577319587","0.5715746421267893","0.5892930118512464","0.7295756808106396","0.5875190258751902","0.7142857142857143","0.7341389728096677"
