"split","Overall","AR","CP","FP-C","FP-S","LR","RR","action_recognition","attribute_comparison","attribute_recognition","celebrity_recognition","function_reasoning","future_prediction","identity_reasoning","image_emotion","image_quality","image_scene","image_style","image_topic","nature_relation","object_localization","ocr","physical_property_reasoning","physical_relation","social_relation","spatial_relationship","structuralized_imagetext_understanding"
"dev","0.8427835051546392","0.8492462311557789","0.8817567567567568","0.7552447552447552","0.8532423208191127","0.7627118644067796","0.8956521739130435","0.9259259259259259","0.7954545454545454","0.9459459459459459","0.9090909090909091","0.8607594936708861","0.675","1.0","0.84","0.7169811320754716","0.9807692307692307","0.8679245283018868","0.9166666666666666","0.8541666666666666","0.6666666666666666","0.9230769230769231","0.7466666666666667","0.875","0.9534883720930233","0.5111111111111111","0.8076923076923077"
