"split","Overall","Instance Attributes","Instance Identity","Instance Interaction","Instance Location","Instances Counting","Scene Understanding","Spatial Relation","Text Understanding","Visual Reasoning"
"none","0.7483839235525576","0.7620993762099376","0.7771709448388858","0.7422680412371134","0.6768916155419223","0.6849203105843891","0.7963901203293223","0.649923896499239","0.7857142857142857","0.8066465256797583"
