"split","Overall","acc","precision","recall"
"Overall","88.95046761343956","89.36666666666667","92.57390050468636","85.6"
"popular","88.70466321243524","89.1","92.04301075268818","85.6"
"adversarial","86.78607637715443","86.96666666666667","88.00548320767649","85.6"
"random","91.48557178482365","92.03333333333333","98.24024483550114","85.6"
