"Overall","choose","compare","logical","query","verify"
"51.84449038002862","62.001771479185116","59.59252971137521","76.4281752634498","36.38501102130786","71.75843694493783"
