"split","Overall","acc","precision","recall"
"Overall","86.93420438637423","87.55555555555556","91.50294695481335","82.8"
"random","89.44904573280519","90.23333333333333","97.25920125293656","82.8"
"popular","86.58069013593587","87.16666666666667","90.72315558802046","82.8"
"adversarial","84.89405331510595","85.26666666666667","87.09677419354838","82.8"
