"Overall","choose","compare","logical","query","verify"
"51.79678804261408","64.39326837909654","61.79966044142614","75.65169162506933","35.518001469507716","72.95737122557726"
