"split","Overall","AR","CP","FP-C","FP-S","LR","RR","action_recognition","attribute_comparison","attribute_recognition","celebrity_recognition","function_reasoning","future_prediction","identity_reasoning","image_emotion","image_quality","image_scene","image_style","image_topic","nature_relation","object_localization","ocr","physical_property_reasoning","physical_relation","social_relation","spatial_relationship","structuralized_imagetext_understanding"
"dev","0.8101374570446735","0.8442211055276382","0.8581081081081081","0.7202797202797203","0.8225255972696246","0.7288135593220338","0.7913043478260869","0.8888888888888888","0.7727272727272727","0.9324324324324325","0.8181818181818182","0.8607594936708861","0.625","1.0","0.78","0.7735849056603774","0.9807692307692307","0.7735849056603774","0.8611111111111112","0.6875","0.6666666666666666","0.9487179487179487","0.7333333333333333","0.7916666666666666","0.9069767441860465","0.4666666666666667","0.782051282051282"
