"split","Overall","Instance Attributes","Instance Identity","Instance Interaction","Instance Location","Instances Counting","Scene Understanding","Spatial Relation","Text Understanding","Visual Reasoning"
"none","0.7318718381112985","0.7433856743385674","0.7493173129437466","0.7216494845360825","0.6748466257668712","0.664895790764201","0.785623812539582","0.6377473363774734","0.8095238095238095","0.7945619335347432"
