"split","Overall","acc","precision","recall"
"Overall","86.83466792275082","87.57777777777778","92.35971943887775","81.93333333333334"
"adversarial","84.38036388602814","84.83333333333334","86.97806086341117","81.93333333333334"
"popular","86.947293951185","87.7","92.61492087415222","81.93333333333334"
"random","89.31686046511628","90.2","98.1629392971246","81.93333333333334"
