"split","Overall","AR","CP","FP-C","FP-S","LR","RR","action_recognition","attribute_comparison","attribute_recognition","celebrity_recognition","function_reasoning","future_prediction","identity_reasoning","image_emotion","image_quality","image_scene","image_style","image_topic","nature_relation","object_localization","ocr","physical_property_reasoning","physical_relation","social_relation","spatial_relationship","structuralized_imagetext_understanding"
"dev","0.718213058419244","0.8090452261306532","0.8513513513513513","0.5174825174825175","0.757679180887372","0.4067796610169492","0.6869565217391305","0.9444444444444444","0.3409090909090909","0.9324324324324325","0.7575757575757576","0.8607594936708861","0.275","0.9777777777777777","0.88","0.6792452830188679","0.9807692307692307","0.7169811320754716","0.8888888888888888","0.5208333333333334","0.6419753086419753","0.6666666666666666","0.6533333333333333","0.5833333333333334","0.9302325581395349","0.17777777777777778","0.47435897435897434"
