"split","Overall","acc","precision","recall"
"Overall","80.24444705605829","81.32222222222222","85.15839361436768","75.86666666666667"
"popular","79.6082546344876","80.56666666666666","83.73804267844002","75.86666666666667"
"adversarial","77.33605164797825","77.76666666666667","78.86347886347886","75.86666666666667"
"random","84.07831547838937","85.63333333333333","94.28334714167357","75.86666666666667"
