"split","Overall","AR","CP","FP-C","FP-S","LR","RR","action_recognition","attribute_comparison","attribute_recognition","celebrity_recognition","function_reasoning","future_prediction","identity_reasoning","image_emotion","image_quality","image_scene","image_style","image_topic","nature_relation","object_localization","ocr","physical_property_reasoning","physical_relation","social_relation","spatial_relationship","structuralized_imagetext_understanding"
"dev","0.6967353951890034","0.7688442211055276","0.7432432432432432","0.6433566433566433","0.6791808873720137","0.6016949152542372","0.6608695652173913","0.8148148148148148","0.5909090909090909","0.8513513513513513","0.6565656565656566","0.810126582278481","0.525","0.8888888888888888","0.6","0.7547169811320755","0.9038461538461539","0.5471698113207547","0.75","0.5208333333333334","0.5308641975308642","0.717948717948718","0.6533333333333333","0.75","0.7674418604651163","0.4888888888888889","0.6410256410256411"
