"split","Overall","AR","CP","FP-C","FP-S","LR","RR","action_recognition","attribute_comparison","attribute_recognition","celebrity_recognition","function_reasoning","future_prediction","identity_reasoning","image_emotion","image_quality","image_scene","image_style","image_topic","nature_relation","object_localization","ocr","physical_property_reasoning","physical_relation","social_relation","spatial_relationship","structuralized_imagetext_understanding"
"dev","0.4269759450171821","0.3768844221105528","0.597972972972973","0.36363636363636365","0.4948805460750853","0.17796610169491525","0.23478260869565218","0.7222222222222222","0.20454545454545456","0.4594594594594595","0.797979797979798","0.31645569620253167","0.225","0.7333333333333333","0.6","0.07547169811320754","0.8076923076923077","0.6415094339622641","0.6944444444444444","0.1875","0.1728395061728395","0.46153846153846156","0.22666666666666666","0.20833333333333334","0.3023255813953488","0.08888888888888889","0.15384615384615385"
