"Overall","choose","compare","logical","query","verify"
"53.33121322944824","73.51638618246236","55.51782682512734","68.55241264559068","37.19324026451139","79.21847246891652"
