"split","Overall","Instance Attributes","Instance Identity","Instance Interaction","Instance Location","Instances Counting","Scene Understanding","Spatial Relation","Text Understanding","Visual Reasoning"
"none","0.5650646430578977","0.5827059582705958","0.6324412889131622","0.5876288659793815","0.5286298568507157","0.425010216591745","0.6551614946168461","0.4155251141552511","0.23809523809523808","0.6012084592145015"
