"split","Overall","acc","precision","recall"
"Overall","84.27900252981568","85.5","92.0284135753749","77.73333333333333"
"adversarial","82.19950652097286","83.16666666666667","87.21017202692596","77.73333333333333"
"random","86.08342561830933","87.43333333333332","96.44334160463193","77.73333333333333"
"popular","84.64609800362976","85.9","92.90836653386454","77.73333333333333"
