{
    "Bleu": [
        74.98033679540032,
        57.87067651283214,
        43.52786139320799,
        32.53530735035663
    ],
    "ROUGE_L": 53.745366766047894,
    "CIDEr": 93.60549246344824
}