"Overall","choose","compare","logical","query","verify"
"51.462871680712354","63.950398582816646","61.29032258064516","75.4853022739878","35.106539309331374","72.82415630550622"
