"split","Overall","Instance Attributes","Instance Identity","Instance Interaction","Instance Location","Instances Counting","Scene Understanding","Spatial Relation","Text Understanding","Visual Reasoning"
"none","0.734752670039348","0.7468272746827275","0.7493173129437466","0.711340206185567","0.6728016359918201","0.6702084184715978","0.7878404053198227","0.639269406392694","0.7976190476190477","0.8187311178247734"
