"split","Overall","acc","precision","recall"
"Overall","86.35305076851422","86.97777777777777","90.70450097847358","82.39999999999999"
"adversarial","84.08163265306122","84.39999999999999","85.83333333333333","82.39999999999999"
"random","89.17748917748918","90.0","97.16981132075472","82.39999999999999"
"popular","85.9527121001391","86.53333333333333","89.82558139534885","82.39999999999999"
