"split","Overall","AR","CP","FP-C","FP-S","LR","RR","action_recognition","attribute_comparison","attribute_recognition","celebrity_recognition","function_reasoning","future_prediction","identity_reasoning","image_emotion","image_quality","image_scene","image_style","image_topic","nature_relation","object_localization","ocr","physical_property_reasoning","physical_relation","social_relation","spatial_relationship","structuralized_imagetext_understanding"
"dev","0.7250859106529209","0.8040201005025126","0.8277027027027027","0.6013986013986014","0.7337883959044369","0.4830508474576271","0.7043478260869566","0.8333333333333334","0.6136363636363636","0.8243243243243243","0.8383838383838383","0.8227848101265823","0.525","0.9777777777777777","0.74","0.6792452830188679","0.9519230769230769","0.7547169811320755","0.9166666666666666","0.6875","0.5432098765432098","0.6923076923076923","0.68","0.5","0.8372093023255814","0.3111111111111111","0.46153846153846156"
