"split","Overall","Instance Attributes","Instance Identity","Instance Interaction","Instance Location","Instances Counting","Scene Understanding","Spatial Relation","Text Understanding","Visual Reasoning"
"none","0.685778527262507","0.7078941707894171","0.7012561441835062","0.6907216494845361","0.6226993865030674","0.5958316305680424","0.7438252058264725","0.5966514459665144","0.7261904761904762","0.7522658610271903"
