"Overall","choose","compare","logical","query","verify"
"54.26935919860073","78.7422497785651","62.30899830220713","72.15751525235719","37.3842762674504","76.59857904085257"
