"split","Overall","acc","precision","recall"
"Overall","77.71781033153432","80.73333333333333","92.13893967093236","67.2"
"random","79.33884297520662","82.5","96.82997118155619","67.2"
"popular","77.83783783783782","80.86666666666666","92.4770642201835","67.2"
"adversarial","76.04677480196152","78.83333333333333","87.57602085143354","67.2"
