"split","Overall","acc","precision","recall"
"Overall","76.1169780666125","80.4","97.4012474012474","62.46666666666667"
"random","76.70896438804749","81.03333333333333","99.36373276776246","62.46666666666667"
"popular","76.1788617886179","80.46666666666667","97.60416666666667","62.46666666666667"
"adversarial","75.47321788159485","79.7","95.3204476093591","62.46666666666667"
