"Overall","choose","compare","logical","query","verify"
"11.496263316902528","10.008857395925599","7.6400679117147705","29.229062673322243","6.42174871418075","14.387211367673181"
