"split","Overall","AR","CP","FP-C","FP-S","LR","RR","action_recognition","attribute_comparison","attribute_recognition","celebrity_recognition","function_reasoning","future_prediction","identity_reasoning","image_emotion","image_quality","image_scene","image_style","image_topic","nature_relation","object_localization","ocr","physical_property_reasoning","physical_relation","social_relation","spatial_relationship","structuralized_imagetext_understanding"
"dev","0.6323024054982818","0.6683417085427136","0.777027027027027","0.5244755244755245","0.6552901023890785","0.2457627118644068","0.6695652173913044","0.8703703703703703","0.38636363636363635","0.8783783783783784","0.7070707070707071","0.7215189873417721","0.175","0.9333333333333333","0.68","0.5660377358490566","0.9134615384615384","0.8679245283018868","0.6944444444444444","0.5","0.41975308641975306","0.5897435897435898","0.4533333333333333","0.7083333333333334","0.8372093023255814","0.24444444444444444","0.28205128205128205"
