"split","Overall","Instance Attributes","Instance Identity","Instance Interaction","Instance Location","Instances Counting","Scene Understanding","Spatial Relation","Text Understanding","Visual Reasoning"
"none","0.692804946599213","0.7281135728113572","0.7089022392135446","0.6597938144329897","0.6165644171779141","0.6003269309358398","0.7571247625079164","0.54337899543379","0.6071428571428571","0.7311178247734139"
