"split","Overall","Instance Attributes","Instance Identity","Instance Interaction","Instance Location","Instances Counting","Scene Understanding","Spatial Relation","Text Understanding","Visual Reasoning"
"none","0.6665964024732997","0.7313400731340073","0.681594756963408","0.7010309278350515","0.6513292433537833","0.641601961585615","0.6206459784673845","0.6407914764079148","0.7380952380952381","0.36555891238670696"
