"split","Overall","AR","CP","FP-C","FP-S","LR","RR","action_recognition","attribute_comparison","attribute_recognition","celebrity_recognition","function_reasoning","future_prediction","identity_reasoning","image_emotion","image_quality","image_scene","image_style","image_topic","nature_relation","object_localization","ocr","physical_property_reasoning","physical_relation","social_relation","spatial_relationship","structuralized_imagetext_understanding"
"dev","0.5532646048109966","0.49246231155778897","0.6959459459459459","0.7272727272727273","0.6245733788395904","0.16101694915254236","0.2956521739130435","0.9074074074074074","0.5909090909090909","0.7972972972972973","0.6060606060606061","0.6708860759493671","0.2","0.9111111111111111","0.74","0.1320754716981132","0.875","0.7547169811320755","0.8611111111111112","0.125","0.4691358024691358","0.6666666666666666","0.05333333333333334","0.3333333333333333","0.46511627906976744","0.6444444444444445","0.14102564102564102"
