"split","Overall","acc","precision","recall"
"Overall","83.13253012048192","84.75555555555555","93.0379746835443","75.13333333333333"
"random","84.76871004136893","86.5","97.23899913718724","75.13333333333333"
"popular","82.95914611704085","84.56666666666666","92.60476581758422","75.13333333333333"
"adversarial","81.72588832487308","83.2","89.5866454689984","75.13333333333333"
