"Overall","choose","compare","logical","query","verify"
"56.861186198123704","84.05668733392383","61.29032258064516","74.09872434830838","40.24981631153564","78.46358792184725"
