"split","Overall","AR","CP","FP-C","FP-S","LR","RR","action_recognition","attribute_comparison","attribute_recognition","celebrity_recognition","function_reasoning","future_prediction","identity_reasoning","image_emotion","image_quality","image_scene","image_style","image_topic","nature_relation","object_localization","ocr","physical_property_reasoning","physical_relation","social_relation","spatial_relationship","structuralized_imagetext_understanding"
"dev","0.6391752577319587","0.7286432160804021","0.7837837837837838","0.4825174825174825","0.6450511945392492","0.3983050847457627","0.5391304347826087","0.7592592592592593","0.45454545454545453","0.8378378378378378","0.6767676767676768","0.759493670886076","0.25","0.9333333333333333","0.76","0.6981132075471698","0.9519230769230769","0.5471698113207547","0.8055555555555556","0.3541666666666667","0.43209876543209874","0.6410256410256411","0.5733333333333334","0.5416666666666666","0.7441860465116279","0.17777777777777778","0.47435897435897434"
