"split","Overall","acc","precision","recall"
"Overall","81.95015727074764","83.42222222222222","89.93627190653213","75.26666666666667"
"popular","81.9006166122597","83.36666666666666","89.8170246618934","75.26666666666667"
"adversarial","79.39521800281294","80.46666666666667","84.00297619047619","75.26666666666667"
"random","84.7279549718574","86.43333333333332","96.9098712446352","75.26666666666667"
