"Overall","choose","compare","logical","query","verify"
"43.552234059468915","54.030115146147025","37.011884550084886","60.06655574043261","35.12123438648052","52.264653641207815"
