"split","Overall","AR","CP","FP-C","FP-S","LR","RR","action_recognition","attribute_comparison","attribute_recognition","celebrity_recognition","function_reasoning","future_prediction","identity_reasoning","image_emotion","image_quality","image_scene","image_style","image_topic","nature_relation","object_localization","ocr","physical_property_reasoning","physical_relation","social_relation","spatial_relationship","structuralized_imagetext_understanding"
"dev","0.7869415807560137","0.8592964824120602","0.8513513513513513","0.6573426573426573","0.8327645051194539","0.576271186440678","0.7565217391304347","0.8888888888888888","0.7954545454545454","0.9459459459459459","0.8686868686868687","0.9113924050632911","0.4","0.9777777777777777","0.76","0.6792452830188679","0.9807692307692307","0.8301886792452831","0.8888888888888888","0.6875","0.654320987654321","0.8974358974358975","0.7333333333333333","0.6666666666666666","0.8837209302325582","0.24444444444444444","0.6666666666666666"
