"split","Overall","Instance Attributes","Instance Identity","Instance Interaction","Instance Location","Instances Counting","Scene Understanding","Spatial Relation","Text Understanding","Visual Reasoning"
"none","0.7242833052276559","0.7438158743815875","0.7487711632987438","0.7422680412371134","0.6574642126789366","0.6546791990192072","0.7808739708676378","0.563165905631659","0.8214285714285714","0.7764350453172205"
