"split","Overall","acc","precision","recall"
"Overall","88.04872443116524","88.44444444444444","91.17087101380295","85.13333333333334"
"adversarial","85.79106483036614","85.9","86.45903859174001","85.13333333333334"
"popular","87.88713007570543","88.26666666666667","90.82503556187767","85.13333333333334"
"random","90.59950336998936","91.16666666666666","96.81576952236543","85.13333333333334"
