"split","Overall","Instance Attributes","Instance Identity","Instance Interaction","Instance Location","Instances Counting","Scene Understanding","Spatial Relation","Text Understanding","Visual Reasoning"
"none","0.7007448004496908","0.7246719724671973","0.70999453850355","0.7525773195876289","0.6370143149284253","0.6203514507560278","0.7634578847371755","0.5449010654490106","0.8452380952380952","0.7552870090634441"
