"split","Overall","acc","precision","recall"
"Overall","84.6261355695318","85.33333333333334","88.91336270190897","80.73333333333333"
"adversarial","81.90733851876901","82.16666666666667","83.11599176389842","80.73333333333333"
"random","87.75362318840581","88.73333333333333","96.11111111111111","80.73333333333333"
"popular","84.4196584175671","85.1","88.45872899926954","80.73333333333333"
