"Overall","choose","compare","logical","query","verify"
"44.665288599141356","56.95305580159433","43.12393887945671","61.286744315030504","34.68038207200588","55.772646536412076"
