"split","Overall","AR","CP","FP-C","FP-S","LR","RR","action_recognition","attribute_comparison","attribute_recognition","celebrity_recognition","function_reasoning","future_prediction","identity_reasoning","image_emotion","image_quality","image_scene","image_style","image_topic","nature_relation","object_localization","ocr","physical_property_reasoning","physical_relation","social_relation","spatial_relationship","structuralized_imagetext_understanding"
"dev","0.75","0.8140703517587939","0.8445945945945946","0.6503496503496503","0.7849829351535836","0.4745762711864407","0.7130434782608696","0.8703703703703703","0.7954545454545454","0.918918918918919","0.8282828282828283","0.8734177215189873","0.425","0.9777777777777777","0.74","0.6792452830188679","0.9615384615384616","0.8490566037735849","0.8888888888888888","0.625","0.6296296296296297","0.7435897435897436","0.6533333333333333","0.5416666666666666","0.9069767441860465","0.24444444444444444","0.5"
