"split","Overall","AR","CP","FP-C","FP-S","LR","RR","action_recognition","attribute_comparison","attribute_recognition","celebrity_recognition","function_reasoning","future_prediction","identity_reasoning","image_emotion","image_quality","image_scene","image_style","image_topic","nature_relation","object_localization","ocr","physical_property_reasoning","physical_relation","social_relation","spatial_relationship","structuralized_imagetext_understanding"
"dev","0.6786941580756014","0.7688442211055276","0.8344594594594594","0.5034965034965035","0.6962457337883959","0.3898305084745763","0.591304347826087","0.8518518518518519","0.38636363636363635","0.8513513513513513","0.696969696969697","0.8227848101265823","0.275","0.9555555555555556","0.84","0.6981132075471698","0.9711538461538461","0.660377358490566","0.8888888888888888","0.4166666666666667","0.5679012345679012","0.6666666666666666","0.6","0.5416666666666666","0.813953488372093","0.2","0.44871794871794873"
