"Overall","choose","compare","logical","query","verify"
"49.10955636826205","75.73073516386182","55.178268251273344","70.04991680532446","30.991917707567968","72.15808170515098"
