"split","Overall","acc","precision","recall"
"Overall","84.39402985074626","85.47777777777777","91.2","78.53333333333333"
"popular","84.14285714285714","85.2","90.61538461538461","78.53333333333333"
"adversarial","82.20516399162598","83.0","86.23718887262079","78.53333333333333"
"random","86.96936138796603","88.23333333333333","97.43589743589743","78.53333333333333"
