"split","Overall","AR","CP","FP-C","FP-S","LR","RR","action_recognition","attribute_comparison","attribute_recognition","celebrity_recognition","function_reasoning","future_prediction","identity_reasoning","image_emotion","image_quality","image_scene","image_style","image_topic","nature_relation","object_localization","ocr","physical_property_reasoning","physical_relation","social_relation","spatial_relationship","structuralized_imagetext_understanding"
"dev","0.7757731958762887","0.7135678391959799","0.8547297297297297","0.7622377622377622","0.8054607508532423","0.635593220338983","0.7652173913043478","0.8888888888888888","0.7727272727272727","0.9054054054054054","0.9090909090909091","0.8607594936708861","0.625","0.9777777777777777","0.8","0.7169811320754716","0.9519230769230769","0.8490566037735849","0.8611111111111112","0.8125","0.5555555555555556","0.8717948717948718","0.4","0.5416666666666666","0.8372093023255814","0.6","0.6410256410256411"
