"split","Overall","acc","precision","recall"
"Overall","81.5068493150685","83.8","94.9468085106383","71.39999999999999"
"random","82.7027027027027","85.06666666666666","98.25688073394495","71.39999999999999"
"popular","81.29032258064515","83.56666666666666","94.36123348017621","71.39999999999999"
"adversarial","80.55660022564874","82.76666666666667","92.4072476272649","71.39999999999999"
