"Overall","choose","compare","logical","query","verify"
"55.85148672284942","83.61381753764392","68.08149405772495","73.82140876317249","38.31006612784717","77.35346358792185"
