"split","Overall","AR","CP","FP-C","FP-S","LR","RR","action_recognition","attribute_comparison","attribute_recognition","celebrity_recognition","function_reasoning","future_prediction","identity_reasoning","image_emotion","image_quality","image_scene","image_style","image_topic","nature_relation","object_localization","ocr","physical_property_reasoning","physical_relation","social_relation","spatial_relationship","structuralized_imagetext_understanding"
"dev","0.738831615120275","0.8140703517587939","0.8175675675675675","0.7132867132867133","0.7337883959044369","0.4406779661016949","0.7565217391304347","0.9259259259259259","0.6136363636363636","0.918918918918919","0.7777777777777778","0.8860759493670886","0.575","0.9333333333333333","0.62","0.6792452830188679","0.9903846153846154","0.7924528301886793","0.8333333333333334","0.6458333333333334","0.6049382716049383","0.5384615384615384","0.6666666666666666","0.8333333333333334","0.8372093023255814","0.5555555555555556","0.3717948717948718"
