"split","Overall","acc","precision","recall"
"Overall","82.4606371292567","84.03333333333333","91.47034930950447","75.06666666666668"
"popular","82.37015362106804","83.93333333333334","91.24797406807131","75.06666666666668"
"adversarial","80.17087931648274","81.43333333333334","86.01986249045072","75.06666666666668"
"random","84.9811320754717","86.73333333333333","97.91304347826087","75.06666666666668"
