"split","Overall","Instance Attributes","Instance Identity","Instance Interaction","Instance Location","Instances Counting","Scene Understanding","Spatial Relation","Text Understanding","Visual Reasoning"
"none","0.6993395165823496","0.7158528715852872","0.70398689240852","0.6907216494845361","0.6554192229038854","0.6056395586432366","0.7606079797340088","0.6362252663622526","0.7738095238095238","0.7885196374622356"
