"Overall","choose","compare","logical","query","verify"
"47.2809667673716","56.86448184233836","55.00848896434635","72.6012201885746","32.49081557678178","64.87566607460036"
