"split","Overall","acc","precision","recall"
"Overall","76.86775868957253","80.7","95.91226321036889","64.13333333333333"
"popular","76.89848121502799","80.73333333333333","96.00798403193613","64.13333333333333"
"random","77.80024262029923","81.69999999999999","98.86947584789311","64.13333333333333"
"adversarial","75.92738752959748","79.66666666666666","93.03675048355899","64.13333333333333"
