"split","Overall","Instance Attributes","Instance Identity","Instance Interaction","Instance Location","Instances Counting","Scene Understanding","Spatial Relation","Text Understanding","Visual Reasoning"
"none","0.7185919055649241","0.7365024736502473","0.7329328235936646","0.7628865979381443","0.6676891615541922","0.6403759705762158","0.7748575047498417","0.604261796042618","0.7380952380952381","0.7885196374622356"
