"Overall","choose","compare","logical","query","verify"
"55.24725711559867","82.19663418954826","70.11884550084889","73.98779811425402","37.6781778104335","75.93250444049734"
