"split","Overall","AR","CP","FP-C","FP-S","LR","RR","action_recognition","attribute_comparison","attribute_recognition","celebrity_recognition","function_reasoning","future_prediction","identity_reasoning","image_emotion","image_quality","image_scene","image_style","image_topic","nature_relation","object_localization","ocr","physical_property_reasoning","physical_relation","social_relation","spatial_relationship","structuralized_imagetext_understanding"
"dev","0.7130584192439863","0.7236180904522613","0.8141891891891891","0.6853146853146853","0.7508532423208191","0.3559322033898305","0.7391304347826086","0.8703703703703703","0.6590909090909091","0.8513513513513513","0.898989898989899","0.8860759493670886","0.475","0.9555555555555556","0.68","0.6981132075471698","0.9711538461538461","0.7547169811320755","0.8055555555555556","0.6875","0.5925925925925926","0.5128205128205128","0.41333333333333333","0.625","0.8604651162790697","0.4888888888888889","0.2948717948717949"
