"split","Overall","AR","CP","FP-C","FP-S","LR","RR","action_recognition","attribute_comparison","attribute_recognition","celebrity_recognition","function_reasoning","future_prediction","identity_reasoning","image_emotion","image_quality","image_scene","image_style","image_topic","nature_relation","object_localization","ocr","physical_property_reasoning","physical_relation","social_relation","spatial_relationship","structuralized_imagetext_understanding"
"dev","0.4269759450171821","0.4120603015075377","0.6013513513513513","0.3706293706293706","0.4948805460750853","0.1016949152542373","0.23478260869565218","0.7037037037037037","0.25","0.44594594594594594","0.8181818181818182","0.3924050632911392","0.175","0.7555555555555555","0.44","0.11320754716981132","0.8173076923076923","0.7358490566037735","0.7222222222222222","0.22916666666666666","0.16049382716049382","0.46153846153846156","0.22666666666666666","0.20833333333333334","0.2558139534883721","0.08888888888888889","0.0641025641025641"
