"split","Overall","acc","precision","recall"
"Overall","82.16978837265873","83.71111111111111","90.7576571735626","75.06666666666668"
"adversarial","79.77329082536309","80.96666666666667","85.10959939531368","75.06666666666668"
"random","84.43944506936633","86.16666666666667","96.48671808054841","75.06666666666668"
"popular","82.43045387994144","84.0","91.3961038961039","75.06666666666668"
