{
    "Bleu": [
        74.21047341441202,
        57.00471964213553,
        42.663560555767255,
        31.766229768571424
    ],
    "ROUGE_L": 53.3451510544645,
    "CIDEr": 90.84070755155597
}