"split","Overall","AR","CP","FP-C","FP-S","LR","RR","action_recognition","attribute_comparison","attribute_recognition","celebrity_recognition","function_reasoning","future_prediction","identity_reasoning","image_emotion","image_quality","image_scene","image_style","image_topic","nature_relation","object_localization","ocr","physical_property_reasoning","physical_relation","social_relation","spatial_relationship","structuralized_imagetext_understanding"
"dev","0.5721649484536082","0.6432160804020101","0.6858108108108109","0.42657342657342656","0.5836177474402731","0.2796610169491525","0.6086956521739131","0.7407407407407407","0.25","0.8243243243243243","0.6565656565656566","0.6962025316455697","0.225","0.9111111111111111","0.58","0.5283018867924528","0.8557692307692307","0.5660377358490566","0.75","0.4583333333333333","0.2839506172839506","0.5641025641025641","0.4266666666666667","0.5833333333333334","0.7906976744186046","0.2222222222222222","0.3076923076923077"
