"split","Overall","acc","precision","recall"
"Overall","59.2741935483871","70.82222222222222","98.1006160164271","42.46666666666667"
"popular","59.25581395348837","70.8","98.0","42.46666666666667"
"random","59.50490425035031","71.1","99.37597503900156","42.46666666666667"
"adversarial","59.063514140009275","70.56666666666666","96.9558599695586","42.46666666666667"
