"split","Overall","Instance Attributes","Instance Identity","Instance Interaction","Instance Location","Instances Counting","Scene Understanding","Spatial Relation","Text Understanding","Visual Reasoning"
"none","0.6782602585722316","0.7152075715207572","0.6848716548334244","0.6597938144329897","0.6114519427402862","0.573355128729056","0.7482583913869537","0.5403348554033486","0.5952380952380952","0.7280966767371602"
