"split","Overall","AR","CP","FP-C","FP-S","LR","RR","action_recognition","attribute_comparison","attribute_recognition","celebrity_recognition","function_reasoning","future_prediction","identity_reasoning","image_emotion","image_quality","image_scene","image_style","image_topic","nature_relation","object_localization","ocr","physical_property_reasoning","physical_relation","social_relation","spatial_relationship","structuralized_imagetext_understanding"
"dev","0.6297250859106529","0.6582914572864321","0.7635135135135135","0.5034965034965035","0.658703071672355","0.288135593220339","0.6695652173913044","0.8333333333333334","0.4318181818181818","0.918918918918919","0.696969696969697","0.6582278481012658","0.175","0.9333333333333333","0.6","0.5471698113207547","0.8942307692307693","0.8867924528301887","0.75","0.5208333333333334","0.38271604938271603","0.6410256410256411","0.49333333333333335","0.6666666666666666","0.8372093023255814","0.17777777777777778","0.34615384615384615"
