"Overall","choose","compare","logical","query","verify"
"11.313404356813484","10.008857395925599","9.337860780984721","27.56516916250693","6.407053637031594","14.298401420959147"
