"split","Overall","acc","precision","recall"
"Overall","75.55192150449712","80.06666666666666","97.67441860465115","61.6"
"adversarial","74.96957403651115","79.43333333333334","95.75129533678756","61.6"
"popular","75.55192150449712","80.06666666666666","97.67441860465115","61.6"
"random","76.14338689740421","80.7","99.67637540453075","61.6"
