"split","Overall","Instance Attributes","Instance Identity","Instance Interaction","Instance Location","Instances Counting","Scene Understanding","Spatial Relation","Text Understanding","Visual Reasoning"
"none","0.547920179876335","0.5674338567433856","0.6018569087930092","0.5979381443298969","0.5143149284253579","0.4094809971393543","0.6377454084863838","0.4185692541856925","0.2619047619047619","0.5558912386706949"
