"Overall","choose","compare","logical","query","verify"
"51.68548258864685","74.49069973427812","53.98981324278438","66.38935108153078","35.238795003673765","77.57548845470693"
