{
    "Bleu": [
        73.64813251316541,
        56.34103768754586,
        42.16137357704139,
        31.427982786627695
    ],
    "ROUGE_L": 52.99748771490379,
    "CIDEr": 89.30474009025126
}