"split","Overall","acc","precision","recall"
"Overall","81.91909225456338","83.71111111111111","92.04545454545455","73.8"
"adversarial","79.55443765720446","81.03333333333333","86.282151208106","73.8"
"popular","82.39672497208784","84.23333333333333","93.2603201347936","73.8"
"random","83.92721758908263","85.86666666666667","97.27592267135326","73.8"
