"split","Overall","AR","CP","FP-C","FP-S","LR","RR","action_recognition","attribute_comparison","attribute_recognition","celebrity_recognition","function_reasoning","future_prediction","identity_reasoning","image_emotion","image_quality","image_scene","image_style","image_topic","nature_relation","object_localization","ocr","physical_property_reasoning","physical_relation","social_relation","spatial_relationship","structuralized_imagetext_understanding"
"dev","0.4054982817869416","0.35175879396984927","0.5912162162162162","0.32167832167832167","0.46757679180887374","0.1271186440677966","0.25217391304347825","0.5740740740740741","0.2727272727272727","0.4594594594594595","0.7171717171717171","0.34177215189873417","0.2","0.6222222222222222","0.44","0.1320754716981132","0.7980769230769231","0.6981132075471698","0.7222222222222222","0.25","0.2345679012345679","0.3333333333333333","0.2","0.25","0.2558139534883721","0.06666666666666667","0.08974358974358974"
