"Overall","choose","compare","logical","query","verify"
"46.10430911114645","72.36492471213464","59.25297113752123","67.66500277315585","27.935341660543717","67.14031971580818"
