"split","Overall","acc","precision","recall"
"Overall","63.421636434816655","68.85555555555555","76.82579829276004","54.0"
"popular","61.247637051039696","65.83333333333333","70.74235807860262","54.0"
"adversarial","61.573546180159646","66.3","71.61803713527851","54.0"
"random","67.86761625471304","74.43333333333332","91.31905298759865","54.0"
