"split","Overall","AR","CP","FP-C","FP-S","LR","RR","action_recognition","attribute_comparison","attribute_recognition","celebrity_recognition","function_reasoning","future_prediction","identity_reasoning","image_emotion","image_quality","image_scene","image_style","image_topic","nature_relation","object_localization","ocr","physical_property_reasoning","physical_relation","social_relation","spatial_relationship","structuralized_imagetext_understanding"
"dev","0.39776632302405496","0.457286432160804","0.4797297297297297","0.4965034965034965","0.41638225255972694","0.13559322033898305","0.1826086956521739","0.7962962962962963","0.3409090909090909","0.6351351351351351","0.31313131313131315","0.6455696202531646","0.325","0.7777777777777778","0.42","0.11320754716981132","0.6538461538461539","0.41509433962264153","0.6944444444444444","0.08333333333333333","0.3333333333333333","0.4358974358974359","0.06666666666666667","0.3333333333333333","0.20930232558139536","0.28888888888888886","0.038461538461538464"
