"split","Overall","Instance Attributes","Instance Identity","Instance Interaction","Instance Location","Instances Counting","Scene Understanding","Spatial Relation","Text Understanding","Visual Reasoning"
"none","0.5381534569983136","0.597762959776296","0.5204806116876024","0.5670103092783505","0.5255623721881391","0.4691458929301185","0.5278657378087397","0.5403348554033486","0.7142857142857143","0.3867069486404834"
