"split","Overall","AR","CP","FP-C","FP-S","LR","RR","action_recognition","attribute_comparison","attribute_recognition","celebrity_recognition","function_reasoning","future_prediction","identity_reasoning","image_emotion","image_quality","image_scene","image_style","image_topic","nature_relation","object_localization","ocr","physical_property_reasoning","physical_relation","social_relation","spatial_relationship","structuralized_imagetext_understanding"
"dev","0.6030927835051546","0.678391959798995","0.6756756756756757","0.5944055944055944","0.5802047781569966","0.4661016949152542","0.4956521739130435","0.7592592592592593","0.5454545454545454","0.7162162162162162","0.6161616161616161","0.759493670886076","0.4","0.9555555555555556","0.54","0.7358490566037735","0.8269230769230769","0.41509433962264153","0.7222222222222222","0.4166666666666667","0.41975308641975306","0.5641025641025641","0.4266666666666667","0.5833333333333334","0.5348837209302325","0.4444444444444444","0.5"
