"split","Overall","acc","precision","recall"
"Overall","66.13535053356749","72.14444444444445","84.32655873234584","54.400000000000006"
"random","69.21119592875317","75.8","95.1048951048951","54.400000000000006"
"popular","64.8906560636183","70.56666666666666","80.39408866995073","54.400000000000006"
"adversarial","64.50592885375495","70.06666666666666","79.2233009708738","54.400000000000006"
