"Overall","choose","compare","logical","query","verify"
"57.449515026236284","84.32240921169176","61.460101867572156","75.7071547420965","40.96987509184423","78.10834813499112"
