"split","Overall","acc","precision","recall"
"Overall","81.93403298350826","83.93333333333334","93.57876712328768","72.86666666666667"
"random","83.59464627151053","85.7","98.02690582959642","72.86666666666667"
"adversarial","80.36764705882352","82.19999999999999","89.59016393442623","72.86666666666667"
"popular","81.90333458224053","83.89999999999999","93.49871685201026","72.86666666666667"
