"split","Overall","AR","CP","FP-C","FP-S","LR","RR","action_recognition","attribute_comparison","attribute_recognition","celebrity_recognition","function_reasoning","future_prediction","identity_reasoning","image_emotion","image_quality","image_scene","image_style","image_topic","nature_relation","object_localization","ocr","physical_property_reasoning","physical_relation","social_relation","spatial_relationship","structuralized_imagetext_understanding"
"dev","0.5678694158075601","0.5025125628140703","0.722972972972973","0.6923076923076923","0.6757679180887372","0.1271186440677966","0.30434782608695654","0.9074074074074074","0.5454545454545454","0.7972972972972973","0.6464646464646465","0.7088607594936709","0.2","0.8888888888888888","0.82","0.16981132075471697","0.875","0.7924528301886793","0.8611111111111112","0.125","0.5555555555555556","0.7692307692307693","0.05333333333333334","0.3333333333333333","0.4883720930232558","0.5777777777777777","0.08974358974358974"
