"split","Overall","Instance Attributes","Instance Identity","Instance Interaction","Instance Location","Instances Counting","Scene Understanding","Spatial Relation","Text Understanding","Visual Reasoning"
"none","0.6737633501967397","0.7436007743600774","0.7028945931185144","0.7010309278350515","0.6789366053169734","0.6285247241520229","0.6282457251424952","0.6270928462709284","0.6309523809523809","0.3806646525679758"
