"split","Overall","AR","CP","FP-C","FP-S","LR","RR","action_recognition","attribute_comparison","attribute_recognition","celebrity_recognition","function_reasoning","future_prediction","identity_reasoning","image_emotion","image_quality","image_scene","image_style","image_topic","nature_relation","object_localization","ocr","physical_property_reasoning","physical_relation","social_relation","spatial_relationship","structuralized_imagetext_understanding"
"dev","0.38230240549828176","0.34673366834170855","0.5304054054054054","0.3076923076923077","0.46757679180887374","0.1440677966101695","0.1826086956521739","0.5740740740740741","0.22727272727272727","0.4189189189189189","0.7676767676767676","0.3037974683544304","0.225","0.6","0.48","0.1320754716981132","0.7692307692307693","0.4339622641509434","0.6388888888888888","0.20833333333333334","0.16049382716049382","0.4358974358974359","0.24","0.125","0.18604651162790697","0.06666666666666667","0.10256410256410256"
