"split","Overall","acc","precision","recall"
"Overall","81.62429208338354","83.05555555555556","89.15504080021059","75.26666666666667"
"random","83.90932738758826","85.56666666666666","94.79429051217464","75.26666666666667"
"popular","81.84124682856108","83.3","89.67434471803018","75.26666666666667"
"adversarial","79.25587925587926","80.30000000000001","83.69162342475907","75.26666666666667"
