{
    "Bleu": [
        71.29216672072512,
        53.20929667156029,
        38.774866925964105,
        28.198361294288958
    ],
    "ROUGE_L": 50.544289014659036,
    "CIDEr": 79.993359474626
}