"split","Overall","acc","precision","recall"
"Overall","83.12398955353812","84.92222222222222","94.380118610562","74.26666666666667"
"random","84.17075935020777","86.03333333333333","97.1229293809939","74.26666666666667"
"popular","83.13432835820895","84.93333333333334","94.40677966101696","74.26666666666667"
"adversarial","82.09285187914517","83.8","91.76276771004942","74.26666666666667"
