"Overall","choose","compare","logical","query","verify"
"10.518365399904596","18.24623560673162","6.451612903225806","36.38380476982807","1.337252020573108","14.742451154529308"
