"split","Overall","Instance Attributes","Instance Identity","Instance Interaction","Instance Location","Instances Counting","Scene Understanding","Spatial Relation","Text Understanding","Visual Reasoning"
"none","0.6564080944350759","0.698644869864487","0.6777717094483888","0.5670103092783505","0.5685071574642127","0.5537392725786677","0.7283090563647878","0.4657534246575342","0.5476190476190477","0.7099697885196374"
