"split","Overall","AR","CP","FP-C","FP-S","LR","RR","action_recognition","attribute_comparison","attribute_recognition","celebrity_recognition","function_reasoning","future_prediction","identity_reasoning","image_emotion","image_quality","image_scene","image_style","image_topic","nature_relation","object_localization","ocr","physical_property_reasoning","physical_relation","social_relation","spatial_relationship","structuralized_imagetext_understanding"
"dev","0.5867697594501718","0.6532663316582915","0.7364864864864865","0.4825174825174825","0.621160409556314","0.23728813559322035","0.48695652173913045","0.7962962962962963","0.4772727272727273","0.8378378378378378","0.6565656565656566","0.759493670886076","0.225","0.9111111111111111","0.66","0.5094339622641509","0.9326923076923077","0.6792452830188679","0.6944444444444444","0.3333333333333333","0.4074074074074074","0.5641025641025641","0.38666666666666666","0.375","0.7209302325581395","0.1111111111111111","0.24358974358974358"
