"Overall","choose","compare","logical","query","verify"
"53.537923358244555","76.52790079716564","55.85738539898133","65.94564614531336","37.73695811903012","79.21847246891652"
