{
    "Bleu": [
        75.6953470236533,
        58.91129144925302,
        44.68572483735897,
        33.6168159960037
    ],
    "ROUGE_L": 54.690998441727004,
    "CIDEr": 96.99817752916162
}