"split","Overall","Accounting","Agriculture","Architecture_and_Engineering","Art","Art_Theory","Basic_Medical_Science","Biology","Chemistry","Clinical_Medicine","Computer_Science","Design","Diagnostics_and_Laboratory_Medicine","Economics","Electronics","Energy_and_Power","Finance","Geography","History","Literature","Manage","Marketing","Materials","Math","Mechanical_Engineering","Music","Pharmacy","Physics","Psychology","Public_Health","Sociology","Art & Design","Business","Health & Medicine","Humanities & Social Science","Science","Tech & Engineering"
"dev","0.19333333333333333","0.4","0.0","0.2","0.2","0.2","0.4","0.0","0.2","0.0","0.4","0.4","0.0","0.0","0.0","0.2","0.0","0.0","0.6","0.4","0.2","0.0","0.2","0.2","0.2","0.4","0.0","0.0","0.4","0.0","0.6","0.3","0.12","0.08","0.5","0.08","0.17142857142857143"
"validation","0.2611111111111111","0.26666666666666666","0.26666666666666666","0.2","0.4666666666666667","0.43333333333333335","0.43333333333333335","0.13333333333333333","0.13333333333333333","0.26666666666666666","0.3","0.5333333333333333","0.26666666666666666","0.23333333333333334","0.06666666666666667","0.2","0.06666666666666667","0.1","0.43333333333333335","0.8","0.2","0.23333333333333334","0.16666666666666666","0.13333333333333333","0.16666666666666666","0.2","0.16666666666666666","0.23333333333333334","0.2","0.16666666666666666","0.36666666666666664","0.4083333333333333","0.2","0.26","0.45","0.14666666666666667","0.19523809523809524"
