"split","Overall","AR","CP","FP-C","FP-S","LR","RR","action_recognition","attribute_comparison","attribute_recognition","celebrity_recognition","function_reasoning","future_prediction","identity_reasoning","image_emotion","image_quality","image_scene","image_style","image_topic","nature_relation","object_localization","ocr","physical_property_reasoning","physical_relation","social_relation","spatial_relationship","structuralized_imagetext_understanding"
"dev","0.4321305841924399","0.36683417085427134","0.5945945945945946","0.3706293706293706","0.5221843003412969","0.15254237288135594","0.2608695652173913","0.6666666666666666","0.20454545454545456","0.4594594594594595","0.8181818181818182","0.31645569620253167","0.225","0.7555555555555555","0.42","0.09433962264150944","0.7884615384615384","0.7924528301886793","0.7222222222222222","0.25","0.2222222222222222","0.5128205128205128","0.18666666666666668","0.25","0.27906976744186046","0.17777777777777778","0.11538461538461539"
