"split","Overall","acc","precision","recall"
"Overall","84.45726649837721","85.63333333333333","91.987431264729","78.06666666666666"
"popular","84.97822931785196","86.2","93.23248407643312","78.06666666666666"
"adversarial","82.17543859649122","83.06666666666666","86.74074074074073","78.06666666666666"
"random","86.32510136380391","87.63333333333333","96.53751030502885","78.06666666666666"
