"split","Overall","Instance Attributes","Instance Identity","Instance Interaction","Instance Location","Instances Counting","Scene Understanding","Spatial Relation","Text Understanding","Visual Reasoning"
"none","0.573707138842046","0.5833512583351258","0.6351720371381758","0.6185567010309279","0.549079754601227","0.4442174090723335","0.6649778340721976","0.4429223744292237","0.2261904761904762","0.5921450151057401"
