"split","Overall","AR","CP","FP-C","FP-S","LR","RR","action_recognition","attribute_comparison","attribute_recognition","celebrity_recognition","function_reasoning","future_prediction","identity_reasoning","image_emotion","image_quality","image_scene","image_style","image_topic","nature_relation","object_localization","ocr","physical_property_reasoning","physical_relation","social_relation","spatial_relationship","structuralized_imagetext_understanding"
"dev","0.6391752577319587","0.7437185929648241","0.7905405405405406","0.4755244755244755","0.6348122866894198","0.3983050847457627","0.5304347826086957","0.7962962962962963","0.4090909090909091","0.7972972972972973","0.6464646464646465","0.7848101265822784","0.3","0.9333333333333333","0.76","0.7169811320754716","0.9519230769230769","0.5849056603773585","0.7777777777777778","0.3333333333333333","0.4567901234567901","0.6666666666666666","0.5866666666666667","0.5416666666666666","0.7441860465116279","0.15555555555555556","0.44871794871794873"
