"split","Overall","Instance Attributes","Instance Identity","Instance Interaction","Instance Location","Instances Counting","Scene Understanding","Spatial Relation","Text Understanding","Visual Reasoning"
"none","0.6513490725126475","0.6732630673263067","0.667394866193337","0.7010309278350515","0.5531697341513292","0.5688598283612587","0.7264091196960102","0.4824961948249619","0.7619047619047619","0.7311178247734139"
