"split","Overall","acc","precision","recall"
"Overall","81.68980084490043","83.14444444444445","89.40554821664465","75.2"
"popular","81.56182212581345","83.0","89.0995260663507","75.2"
"adversarial","79.15789473684211","80.2","83.55555555555556","75.2"
"random","84.52603971524915","86.23333333333333","96.49272882805818","75.2"
