"Overall","choose","compare","logical","query","verify"
"46.962951184608045","74.40212577502214","55.51782682512734","68.16417082640044","28.55253490080823","69.62699822380107"
