"split","Overall","Instance Attributes","Instance Identity","Instance Interaction","Instance Location","Instances Counting","Scene Understanding","Spatial Relation","Text Understanding","Visual Reasoning"
"none","0.6914699269252389","0.6874596687459669","0.70398689240852","0.7216494845360825","0.6370143149284253","0.623212096444626","0.7647245091830273","0.6210045662100456","0.7142857142857143","0.770392749244713"
