"split","Overall","acc","precision","recall"
"Overall","84.87161693268564","85.46666666666667","88.49493487698987","81.53333333333333"
"random","88.11239193083574","89.0","95.84639498432603","81.53333333333333"
"adversarial","82.0530023482053","82.16666666666667","82.57933828494261","81.53333333333333"
"popular","84.66597438560055","85.23333333333333","88.04895608351332","81.53333333333333"
