"Overall","choose","compare","logical","query","verify"
"52.75878518047384","72.8963684676705","61.29032258064516","73.59955629506378","35.65025716385011","75.44404973357017"
