"split","Overall","AR","CP","FP-C","FP-S","LR","RR","action_recognition","attribute_comparison","attribute_recognition","celebrity_recognition","function_reasoning","future_prediction","identity_reasoning","image_emotion","image_quality","image_scene","image_style","image_topic","nature_relation","object_localization","ocr","physical_property_reasoning","physical_relation","social_relation","spatial_relationship","structuralized_imagetext_understanding"
"dev","0.7774914089347079","0.7939698492462312","0.8175675675675675","0.6783216783216783","0.8156996587030717","0.7288135593220338","0.7217391304347827","0.8703703703703703","0.6363636363636364","0.9054054054054054","0.8080808080808081","0.8354430379746836","0.65","0.9333333333333333","0.76","0.7358490566037735","0.9615384615384616","0.660377358490566","0.8333333333333334","0.5625","0.6666666666666666","0.9743589743589743","0.6666666666666666","0.8333333333333334","0.8372093023255814","0.4888888888888889","0.7692307692307693"
