"Overall","choose","compare","logical","query","verify"
"49.20496104309111","76.70504871567759","59.9320882852292","69.77260122018858","31.12417340191036","70.78152753108348"
