"split","Overall","Instance Attributes","Instance Identity","Instance Interaction","Instance Location","Instances Counting","Scene Understanding","Spatial Relation","Text Understanding","Visual Reasoning"
"none","0.5845278246205734","0.6480963648096365","0.576187875477881","0.5567010309278351","0.5439672801635992","0.5239068246832856","0.577580747308423","0.5768645357686454","0.6666666666666666","0.37462235649546827"
