"split","Overall","acc","precision","recall"
"Overall","78.68217054263566","81.66666666666667","93.98148148148148","67.66666666666666"
"random","80.04731861198738","83.13333333333334","97.97297297297297","67.66666666666666"
"popular","78.19722650231125","81.13333333333334","92.6094890510949","67.66666666666666"
"adversarial","77.83742331288343","80.73333333333333","91.60649819494586","67.66666666666666"
