"split","Overall","AR","CP","FP-C","FP-S","LR","RR","action_recognition","attribute_comparison","attribute_recognition","celebrity_recognition","function_reasoning","future_prediction","identity_reasoning","image_emotion","image_quality","image_scene","image_style","image_topic","nature_relation","object_localization","ocr","physical_property_reasoning","physical_relation","social_relation","spatial_relationship","structuralized_imagetext_understanding"
"dev","0.7517182130584192","0.6984924623115578","0.8209459459459459","0.7272727272727273","0.7815699658703071","0.6186440677966102","0.7565217391304347","0.8703703703703703","0.7045454545454546","0.8648648648648649","0.898989898989899","0.8354430379746836","0.575","0.9555555555555556","0.78","0.7169811320754716","0.9326923076923077","0.7169811320754716","0.8611111111111112","0.75","0.5308641975308642","0.8461538461538461","0.4","0.5833333333333334","0.8604651162790697","0.5777777777777777","0.6410256410256411"
