"Overall","choose","compare","logical","query","verify"
"53.760534266179036","81.48804251550045","67.06281833616299","72.87853577371048","35.811903012490816","75.31083481349911"
