"split","Overall","Instance Attributes","Instance Identity","Instance Interaction","Instance Location","Instances Counting","Scene Understanding","Spatial Relation","Text Understanding","Visual Reasoning"
"none","0.7164137155705452","0.7360722736072274","0.7378481703986892","0.7525773195876289","0.6615541922290389","0.6354720065386187","0.7685243825205826","0.6057838660578386","0.8095238095238095","0.770392749244713"
