"Overall","choose","compare","logical","query","verify"
"48.48147559230402","69.44198405668733","61.62988115449915","70.32723239046035","30.286554004408522","72.02486678507994"
