"split","Overall","Instance Attributes","Instance Identity","Instance Interaction","Instance Location","Instances Counting","Scene Understanding","Spatial Relation","Text Understanding","Visual Reasoning"
"none","0.6438308038223721","0.6504624650462465","0.6433642818132168","0.6391752577319587","0.5797546012269938","0.5643645279934614","0.7178594046865104","0.5799086757990868","0.7023809523809523","0.7371601208459214"
