"perception","reasoning","OCR","artwork","celebrity","code_reasoning","color","commonsense_reasoning","count","existence","landmark","numerical_calculation","position","posters","scene","text_translation"
"1379.3963585434176","564.2857142857142","177.5","121.5","124.70588235294117","130.0","138.33333333333331","124.28571428571429","98.33333333333333","178.33333333333331","122.0","110.0","116.66666666666666","159.52380952380952","142.5","200.0"
