{
    "Bleu": [
        66.97806086340982,
        47.96511566949744,
        33.65273218709595,
        23.689126672272717
    ],
    "ROUGE_L": 47.34105675794837,
    "CIDEr": 65.79345410490994
}