"split","Overall","acc","precision","recall"
"Overall","79.14132379248657","80.56666666666666","85.4054054054054","73.73333333333333"
"popular","79.11301859799714","80.53333333333333","85.3395061728395","73.73333333333333"
"random","82.01705598813496","83.83333333333334","92.39766081871345","73.73333333333333"
"adversarial","76.4868603042877","77.33333333333333","79.45402298850574","73.73333333333333"
