"split","Overall","AR","CP","FP-C","FP-S","LR","RR","action_recognition","attribute_comparison","attribute_recognition","celebrity_recognition","function_reasoning","future_prediction","identity_reasoning","image_emotion","image_quality","image_scene","image_style","image_topic","nature_relation","object_localization","ocr","physical_property_reasoning","physical_relation","social_relation","spatial_relationship","structuralized_imagetext_understanding"
"dev","0.33505154639175255","0.3165829145728643","0.4560810810810811","0.32867132867132864","0.3720136518771331","0.15254237288135594","0.1565217391304348","0.5185185185185185","0.3181818181818182","0.3918918918918919","0.5858585858585859","0.24050632911392406","0.2","0.5555555555555556","0.36","0.05660377358490566","0.7211538461538461","0.33962264150943394","0.5833333333333334","0.125","0.09876543209876543","0.358974358974359","0.25333333333333335","0.25","0.13953488372093023","0.1111111111111111","0.1282051282051282"
