"split","Overall","AR","CP","FP-C","FP-S","LR","RR","action_recognition","attribute_comparison","attribute_recognition","celebrity_recognition","function_reasoning","future_prediction","identity_reasoning","image_emotion","image_quality","image_scene","image_style","image_topic","nature_relation","object_localization","ocr","physical_property_reasoning","physical_relation","social_relation","spatial_relationship","structuralized_imagetext_understanding"
"dev","0.4948453608247423","0.47738693467336685","0.6351351351351351","0.5454545454545454","0.5460750853242321","0.16101694915254236","0.3130434782608696","0.7592592592592593","0.4090909090909091","0.6621621621621622","0.5252525252525253","0.6835443037974683","0.3","0.8666666666666667","0.64","0.16981132075471697","0.8461538461538461","0.5660377358490566","0.8055555555555556","0.16666666666666666","0.41975308641975306","0.6410256410256411","0.02666666666666667","0.3333333333333333","0.46511627906976744","0.4222222222222222","0.08974358974358974"
