"split","Overall","Instance Attributes","Instance Identity","Instance Interaction","Instance Location","Instances Counting","Scene Understanding","Spatial Relation","Text Understanding","Visual Reasoning"
"none","0.6982855536818438","0.7180038718003872","0.70999453850355","0.7525773195876289","0.6380368098159509","0.6203514507560278","0.753324889170361","0.5951293759512938","0.7857142857142857","0.7522658610271903"
