"split","Overall","AR","CP","FP-C","FP-S","LR","RR","action_recognition","attribute_comparison","attribute_recognition","celebrity_recognition","function_reasoning","future_prediction","identity_reasoning","image_emotion","image_quality","image_scene","image_style","image_topic","nature_relation","object_localization","ocr","physical_property_reasoning","physical_relation","social_relation","spatial_relationship","structuralized_imagetext_understanding"
"dev","0.7345360824742269","0.6984924623115578","0.8108108108108109","0.7202797202797203","0.7474402730375427","0.5847457627118644","0.7391304347826086","0.8703703703703703","0.6363636363636364","0.8783783783783784","0.8484848484848485","0.8354430379746836","0.55","0.9777777777777777","0.74","0.6981132075471698","0.9423076923076923","0.6981132075471698","0.8611111111111112","0.75","0.49382716049382713","0.7692307692307693","0.38666666666666666","0.5833333333333334","0.813953488372093","0.6222222222222222","0.6025641025641025"
