"Overall","choose","compare","logical","query","verify"
"52.742884401335665","80.07085916740479","64.68590831918506","71.6583471991126","35.37105069801616","73.26820603907638"
