"split","Overall","acc","precision","recall"
"Overall","76.55902732383318","80.07777777777778","92.9818990155605","65.06666666666666"
"adversarial","75.45419404715888","78.83333333333333","89.78840846366145","65.06666666666666"
"popular","76.25","79.73333333333333","92.0754716981132","65.06666666666666"
"random","78.017585931255","81.66666666666667","97.40518962075848","65.06666666666666"
