"split","Overall","acc","precision","recall"
"Overall","62.32586311326468","72.35555555555555","97.81368821292776","45.733333333333334"
"random","62.67702147099132","72.76666666666667","99.56458635703919","45.733333333333334"
"adversarial","61.969286359530265","71.93333333333334","96.07843137254902","45.733333333333334"
"popular","62.335302135393","72.36666666666667","97.8601997146933","45.733333333333334"
