"Overall","choose","compare","logical","query","verify"
"5.446016854825887","3.985828166519043","3.904923599320883","13.86577925679423","3.3945628214548127","6.039076376554174"
