"split","Overall","Instance Attributes","Instance Identity","Instance Interaction","Instance Location","Instances Counting","Scene Understanding","Spatial Relation","Text Understanding","Visual Reasoning"
"none","0.6632939853850478","0.700795870079587","0.6586564718732932","0.6701030927835051","0.6053169734151329","0.5447486718430732","0.74034198860038","0.5403348554033486","0.6190476190476191","0.7280966767371602"
