"split","Overall","AR","CP","FP-C","FP-S","LR","RR","action_recognition","attribute_comparison","attribute_recognition","celebrity_recognition","function_reasoning","future_prediction","identity_reasoning","image_emotion","image_quality","image_scene","image_style","image_topic","nature_relation","object_localization","ocr","physical_property_reasoning","physical_relation","social_relation","spatial_relationship","structuralized_imagetext_understanding"
"dev","0.5979381443298969","0.6733668341708543","0.722972972972973","0.4755244755244755","0.6143344709897611","0.2627118644067797","0.6","0.7592592592592593","0.4318181818181818","0.8648648648648649","0.6666666666666666","0.7088607594936709","0.175","0.9333333333333333","0.62","0.5660377358490566","0.8653846153846154","0.660377358490566","0.7777777777777778","0.4791666666666667","0.3333333333333333","0.5897435897435898","0.48","0.5833333333333334","0.7441860465116279","0.17777777777777778","0.3076923076923077"
