"split","Overall","Instance Attributes","Instance Identity","Instance Interaction","Instance Location","Instances Counting","Scene Understanding","Spatial Relation","Text Understanding","Visual Reasoning"
"none","0.5928189994378864","0.599698859969886","0.582195521572911","0.6701030927835051","0.549079754601227","0.5042909685328975","0.6782773907536416","0.5053272450532724","0.6190476190476191","0.6676737160120846"
