"Overall","choose","compare","logical","query","verify"
"2.3692160915884877","1.6829052258635961","1.3582342954159592","6.2673322240709926","1.6899338721528288","1.9094138543516874"
