"split","Overall","AR","CP","FP-C","FP-S","LR","RR","action_recognition","attribute_comparison","attribute_recognition","celebrity_recognition","function_reasoning","future_prediction","identity_reasoning","image_emotion","image_quality","image_scene","image_style","image_topic","nature_relation","object_localization","ocr","physical_property_reasoning","physical_relation","social_relation","spatial_relationship","structuralized_imagetext_understanding"
"dev","0.47680412371134023","0.5527638190954773","0.5844594594594594","0.2937062937062937","0.48464163822525597","0.2796610169491525","0.4782608695652174","0.5555555555555556","0.1590909090909091","0.7297297297297297","0.47474747474747475","0.569620253164557","0.175","0.7777777777777778","0.46","0.4339622641509434","0.7307692307692307","0.5094339622641509","0.6666666666666666","0.3333333333333333","0.2839506172839506","0.46153846153846156","0.4","0.5833333333333334","0.5813953488372093","0.1111111111111111","0.3333333333333333"
