"split","Overall","acc","precision","recall"
"Overall","48.53752298178172","65.78888888888889","97.90964261631827","32.266666666666666"
"adversarial","48.375812093953016","65.56666666666666","96.6067864271457","32.266666666666666"
"popular","48.448448448448445","65.66666666666666","97.18875502008032","32.266666666666666"
"random","48.79032258064516","66.13333333333333","100.0","32.266666666666666"
