{
    "Bleu": [
        72.7651147752976,
        55.01099581057694,
        40.577340561687414,
        29.864167913576406
    ],
    "ROUGE_L": 51.9244246377227,
    "CIDEr": 85.61522317268826
}