"split","Overall","AR","CP","FP-C","FP-S","LR","RR","action_recognition","attribute_comparison","attribute_recognition","celebrity_recognition","function_reasoning","future_prediction","identity_reasoning","image_emotion","image_quality","image_scene","image_style","image_topic","nature_relation","object_localization","ocr","physical_property_reasoning","physical_relation","social_relation","spatial_relationship","structuralized_imagetext_understanding"
"dev","0.4097938144329897","0.37185929648241206","0.5743243243243243","0.3356643356643357","0.4812286689419795","0.16101694915254236","0.21739130434782608","0.6111111111111112","0.2727272727272727","0.44594594594594594","0.7676767676767676","0.3291139240506329","0.225","0.6666666666666666","0.56","0.09433962264150944","0.7980769230769231","0.5471698113207547","0.6944444444444444","0.20833333333333334","0.16049382716049382","0.48717948717948717","0.24","0.16666666666666666","0.2558139534883721","0.06666666666666667","0.1282051282051282"
