"split","Overall","acc","precision","recall"
"Overall","83.09143686502176","84.46666666666667","91.1624203821656","76.33333333333333"
"popular","83.45481049562682","84.86666666666667","92.04180064308682","76.33333333333333"
"random","85.13011152416357","86.66666666666667","96.21848739495799","76.33333333333333"
"adversarial","80.8045165843331","81.86666666666666","85.83208395802099","76.33333333333333"
