"split","Overall","Accounting","Agriculture","Architecture_and_Engineering","Art","Art_Theory","Basic_Medical_Science","Biology","Chemistry","Clinical_Medicine","Computer_Science","Design","Diagnostics_and_Laboratory_Medicine","Economics","Electronics","Energy_and_Power","Finance","Geography","History","Literature","Manage","Marketing","Materials","Math","Mechanical_Engineering","Music","Pharmacy","Physics","Psychology","Public_Health","Sociology","Art & Design","Business","Health & Medicine","Humanities & Social Science","Science","Tech & Engineering"
"validation","0.25555555555555554","0.23333333333333334","0.3","0.13333333333333333","0.26666666666666666","0.4666666666666667","0.3333333333333333","0.1","0.16666666666666666","0.23333333333333334","0.3","0.5666666666666667","0.23333333333333334","0.26666666666666666","0.03333333333333333","0.26666666666666666","0.16666666666666666","0.1","0.4","0.7666666666666667","0.26666666666666666","0.16666666666666666","0.13333333333333333","0.16666666666666666","0.13333333333333333","0.2","0.23333333333333334","0.13333333333333333","0.23333333333333334","0.26666666666666666","0.4","0.375","0.22","0.26","0.45","0.13333333333333333","0.18571428571428572"
"dev","0.22","0.2","0.0","0.2","0.2","0.4","1.0","0.0","0.2","0.0","0.2","0.4","0.0","0.4","0.0","0.4","0.0","0.0","0.6","0.4","0.4","0.0","0.0","0.0","0.0","0.2","0.0","0.0","0.6","0.2","0.6","0.3","0.2","0.24","0.55","0.04","0.11428571428571428"
