"Overall","choose","compare","logical","query","verify"
"51.772936873906815","74.31355181576616","55.85738539898133","68.44148641153632","34.548126377663486","78.10834813499112"
