"split","Overall","Instance Attributes","Instance Identity","Instance Interaction","Instance Location","Instances Counting","Scene Understanding","Spatial Relation","Text Understanding","Visual Reasoning"
"none","0.5446880269814502","0.5708754570875457","0.5920262151829602","0.5773195876288659","0.5020449897750511","0.3992644053943604","0.6364787840405319","0.4216133942161339","0.21428571428571427","0.5589123867069486"
