"split","Overall","AR","CP","FP-C","FP-S","LR","RR","action_recognition","attribute_comparison","attribute_recognition","celebrity_recognition","function_reasoning","future_prediction","identity_reasoning","image_emotion","image_quality","image_scene","image_style","image_topic","nature_relation","object_localization","ocr","physical_property_reasoning","physical_relation","social_relation","spatial_relationship","structuralized_imagetext_understanding"
"dev","0.6348797250859106","0.6582914572864321","0.706081081081081","0.6083916083916084","0.6416382252559727","0.5084745762711864","0.5565217391304348","0.7222222222222222","0.5454545454545454","0.7297297297297297","0.7272727272727273","0.7721518987341772","0.475","0.9111111111111111","0.62","0.660377358490566","0.8365384615384616","0.5283018867924528","0.7777777777777778","0.5208333333333334","0.43209876543209874","0.6923076923076923","0.38666666666666666","0.4583333333333333","0.6511627906976745","0.5333333333333333","0.5256410256410257"
