"split","Overall","acc","precision","recall"
"Overall","68.41182026717043","73.9888888888889","87.0834764685675","56.333333333333336"
"adversarial","67.19681908548706","72.5","83.2512315270936","56.333333333333336"
"random","70.88926174496645","76.86666666666667","95.58823529411765","56.333333333333336"
"popular","67.27707006369428","72.6","83.49802371541502","56.333333333333336"
