"Overall","choose","compare","logical","query","verify"
"42.45508029893465","68.64481842338353","53.98981324278438","64.83638380476982","23.67376928728876","65.14209591474244"
