"split","Overall","Instance Attributes","Instance Identity","Instance Interaction","Instance Location","Instances Counting","Scene Understanding","Spatial Relation","Text Understanding","Visual Reasoning"
"none","0.5830522765598651","0.606366960636696","0.5876570180229382","0.6082474226804123","0.4611451942740286","0.5006129955046996","0.6614946168461051","0.4596651445966514","0.6071428571428571","0.6827794561933535"
