"Overall","choose","compare","logical","query","verify"
"53.57767530609","75.90788308237379","56.02716468590832","66.22296173044924","37.60470242468773","79.88454706927176"
