"split","Overall","Instance Attributes","Instance Identity","Instance Interaction","Instance Location","Instances Counting","Scene Understanding","Spatial Relation","Text Understanding","Visual Reasoning"
"none","0.5692804946599213","0.5865777586577758","0.6242490442381212","0.5773195876288659","0.5439672801635992","0.428279525950143","0.6640278657378087","0.4292237442922374","0.27380952380952384","0.5861027190332326"
