"split","Overall","AR","CP","FP-C","FP-S","LR","RR","action_recognition","attribute_comparison","attribute_recognition","celebrity_recognition","function_reasoning","future_prediction","identity_reasoning","image_emotion","image_quality","image_scene","image_style","image_topic","nature_relation","object_localization","ocr","physical_property_reasoning","physical_relation","social_relation","spatial_relationship","structuralized_imagetext_understanding"
"dev","0.43470790378006874","0.3969849246231156","0.5912162162162162","0.36363636363636365","0.5119453924914675","0.17796610169491525","0.25217391304347825","0.7222222222222222","0.20454545454545456","0.43243243243243246","0.8484848484848485","0.35443037974683544","0.25","0.7111111111111111","0.4","0.1509433962264151","0.7980769230769231","0.7547169811320755","0.6666666666666666","0.25","0.1728395061728395","0.5128205128205128","0.25333333333333335","0.16666666666666666","0.3023255813953488","0.08888888888888889","0.14102564102564102"
