{
    "Bleu": [
        75.35834401024833,
        58.55576683621763,
        44.451055489166144,
        33.493430410364844
    ],
    "ROUGE_L": 54.40140610521199,
    "CIDEr": 96.50849970027313
}