"split","Overall","acc","precision","recall"
"Overall","85.03767491926803","86.1","92.07459207459208","79.0"
"random","87.19646799117","88.4","97.29064039408867","79.0"
"adversarial","82.72251308900523","83.5","86.81318681318682","79.0"
"popular","85.31317494600432","86.4","92.72300469483568","79.0"
