"split","Overall","Instance Attributes","Instance Identity","Instance Interaction","Instance Location","Instances Counting","Scene Understanding","Spatial Relation","Text Understanding","Visual Reasoning"
"none","0.6580241708825183","0.6795009679500968","0.6723102129983616","0.6907216494845361","0.5572597137014315","0.578259092766653","0.7349588347055098","0.4916286149162861","0.7857142857142857","0.7190332326283988"
