"split","Overall","acc","precision","recall"
"Overall","84.7033595425304","85.73333333333333","91.29429892141756","79.0"
"popular","84.91580078824794","85.96666666666667","91.78931061192874","79.0"
"adversarial","82.17753120665743","82.86666666666666","85.621387283237","79.0"
"random","87.16439867598383","88.36666666666667","97.21082854799016","79.0"
