"split","Overall","AR","CP","FP-C","FP-S","LR","RR","action_recognition","attribute_comparison","attribute_recognition","celebrity_recognition","function_reasoning","future_prediction","identity_reasoning","image_emotion","image_quality","image_scene","image_style","image_topic","nature_relation","object_localization","ocr","physical_property_reasoning","physical_relation","social_relation","spatial_relationship","structuralized_imagetext_understanding"
"dev","0.6623711340206185","0.7587939698492462","0.7972972972972973","0.5034965034965035","0.6757679180887372","0.3898305084745763","0.591304347826087","0.8703703703703703","0.4090909090909091","0.8108108108108109","0.7171717171717171","0.7974683544303798","0.25","0.9333333333333333","0.72","0.7358490566037735","0.9615384615384616","0.5660377358490566","0.8611111111111112","0.3958333333333333","0.5185185185185185","0.6410256410256411","0.6133333333333333","0.5416666666666666","0.8372093023255814","0.15555555555555556","0.46153846153846156"
