"Overall","choose","compare","logical","query","verify"
"48.54507870885673","75.022143489814","54.49915110356537","69.10704381586245","30.492285084496697","71.80284191829485"
