"split","Overall","Instance Attributes","Instance Identity","Instance Interaction","Instance Location","Instances Counting","Scene Understanding","Spatial Relation","Text Understanding","Visual Reasoning"
"none","0.6329398538504778","0.694773069477307","0.6444565811032222","0.6701030927835051","0.6339468302658486","0.5892930118512464","0.5984800506649778","0.604261796042618","0.6904761904761905","0.3806646525679758"
