"split","Overall","AR","CP","FP-C","FP-S","LR","RR","action_recognition","attribute_comparison","attribute_recognition","celebrity_recognition","function_reasoning","future_prediction","identity_reasoning","image_emotion","image_quality","image_scene","image_style","image_topic","nature_relation","object_localization","ocr","physical_property_reasoning","physical_relation","social_relation","spatial_relationship","structuralized_imagetext_understanding"
"dev","0.5017182130584192","0.49748743718592964","0.652027027027027","0.5944055944055944","0.5426621160409556","0.15254237288135594","0.2608695652173913","0.8518518518518519","0.4772727272727273","0.7027027027027027","0.5151515151515151","0.6962025316455697","0.325","0.8666666666666667","0.64","0.11320754716981132","0.8653846153846154","0.7547169811320755","0.6944444444444444","0.10416666666666667","0.49382716049382713","0.41025641025641024","0.06666666666666667","0.375","0.37209302325581395","0.4","0.0641025641025641"
