"split","Overall","acc","precision","recall"
"Overall","76.57068062827226","80.11111111111111","93.15286624203821","65.0"
"popular","76.47058823529413","80.0","92.85714285714286","65.0"
"random","78.031212484994","81.69999999999999","97.5975975975976","65.0"
"adversarial","75.26051717483597","78.63333333333333","89.36755270394133","65.0"
