"Overall","choose","compare","logical","query","verify"
"53.355064398155506","82.28520814880426","63.3276740237691","71.49195784803106","36.31153563556209","73.22380106571936"
