"Overall","choose","compare","logical","query","verify"
"56.98839243122913","81.39946855624446","62.81833616298812","74.70881863560732","40.235121234386476","79.66252220248667"
