"split","Overall","acc","precision","recall"
"Overall","83.84728340675477","85.33333333333334","93.30065359477125","76.13333333333333"
"popular","83.72434017595309","85.2","92.99674267100977","76.13333333333333"
"adversarial","82.1878373515653","83.5","89.28850664581705","76.13333333333333"
"random","85.70356472795497","87.3","98.02575107296137","76.13333333333333"
