"split","Overall","Instance Attributes","Instance Identity","Instance Interaction","Instance Location","Instances Counting","Scene Understanding","Spatial Relation","Text Understanding","Visual Reasoning"
"none","0.7189432265317595","0.7369326736932673","0.7449481157837248","0.6804123711340206","0.647239263803681","0.6505925623212097","0.7716909436352122","0.6118721461187214","0.6904761904761905","0.7673716012084593"
