"split","Overall","AR","CP","FP-C","FP-S","LR","RR","action_recognition","attribute_comparison","attribute_recognition","celebrity_recognition","function_reasoning","future_prediction","identity_reasoning","image_emotion","image_quality","image_scene","image_style","image_topic","nature_relation","object_localization","ocr","physical_property_reasoning","physical_relation","social_relation","spatial_relationship","structuralized_imagetext_understanding"
"dev","0.7731958762886598","0.8391959798994975","0.8581081081081081","0.6433566433566433","0.78839590443686","0.6101694915254238","0.7304347826086957","0.8518518518518519","0.6818181818181818","0.8513513513513513","0.898989898989899","0.8987341772151899","0.475","0.9777777777777777","0.8","0.6792452830188679","0.9807692307692307","0.8113207547169812","0.9166666666666666","0.6875","0.5432098765432098","0.8974358974358975","0.6933333333333334","0.5","0.9069767441860465","0.35555555555555557","0.6794871794871795"
