"Overall","choose","compare","logical","query","verify"
"54.77818413102242","78.7422497785651","59.25297113752123","73.93233499722685","38.16311535635562","76.46536412078153"
