"split","Overall","Instance Attributes","Instance Identity","Instance Interaction","Instance Location","Instances Counting","Scene Understanding","Spatial Relation","Text Understanding","Visual Reasoning"
"none","0.6926644182124789","0.7137018713701871","0.6974330966684872","0.6907216494845361","0.6329243353783232","0.6256640784634246","0.7479417352754908","0.5799086757990868","0.6071428571428571","0.7613293051359517"
