"Overall","choose","compare","logical","query","verify"
"8.602321513754173","14.526129317980512","2.7164685908319184","29.83915696062119","1.278471711976488","12.300177619893429"
