"split","Overall","AR","CP","FP-C","FP-S","LR","RR","action_recognition","attribute_comparison","attribute_recognition","celebrity_recognition","function_reasoning","future_prediction","identity_reasoning","image_emotion","image_quality","image_scene","image_style","image_topic","nature_relation","object_localization","ocr","physical_property_reasoning","physical_relation","social_relation","spatial_relationship","structuralized_imagetext_understanding"
"dev","0.5395189003436426","0.6231155778894473","0.6891891891891891","0.46153846153846156","0.5460750853242321","0.2033898305084746","0.43478260869565216","0.7037037037037037","0.4772727272727273","0.7027027027027027","0.6060606060606061","0.7088607594936709","0.15","0.9111111111111111","0.62","0.5471698113207547","0.875","0.5471698113207547","0.6666666666666666","0.2708333333333333","0.32098765432098764","0.5641025641025641","0.36","0.16666666666666666","0.7674418604651163","0.15555555555555556","0.23076923076923078"
