"split","Overall","Instance Attributes","Instance Identity","Instance Interaction","Instance Location","Instances Counting","Scene Understanding","Spatial Relation","Text Understanding","Visual Reasoning"
"none","0.630831928049466","0.6741234674123467","0.6258874931731294","0.6082474226804123","0.5521472392638037","0.5247241520228851","0.708043065231159","0.4596651445966514","0.6071428571428571","0.6827794561933535"
