"split","Overall","acc","precision","recall"
"Overall","78.40821566110397","81.31111111111112","92.82674772036475","67.86666666666666"
"adversarial","77.29688686408505","80.06666666666666","89.77072310405644","67.86666666666666"
"random","79.84313725490196","82.86666666666666","96.95238095238096","67.86666666666666"
"popular","78.12739831158864","81.0","92.04339963833634","67.86666666666666"
