"split","Overall","acc","precision","recall"
"Overall","83.21713147410358","85.02222222222223","94.62061155152888","74.26666666666667"
"popular","83.28971962616822","85.1","94.80851063829788","74.26666666666667"
"adversarial","81.972038263429","83.66666666666667","91.46141215106732","74.26666666666667"
"random","84.42591890867753","86.3","97.80509218612818","74.26666666666667"
