"Overall","choose","compare","logical","query","verify"
"57.95038956908889","85.29672276350753","63.1578947368421","75.87354409317804","41.05804555473917","79.57371225577265"
