"split","Overall","AR","CP","FP-C","FP-S","LR","RR","action_recognition","attribute_comparison","attribute_recognition","celebrity_recognition","function_reasoning","future_prediction","identity_reasoning","image_emotion","image_quality","image_scene","image_style","image_topic","nature_relation","object_localization","ocr","physical_property_reasoning","physical_relation","social_relation","spatial_relationship","structuralized_imagetext_understanding"
"dev","0.5532646048109966","0.507537688442211","0.7162162162162162","0.6643356643356644","0.6416382252559727","0.1271186440677966","0.28695652173913044","0.8703703703703703","0.5454545454545454","0.7702702702702703","0.6464646464646465","0.7215189873417721","0.2","0.8444444444444444","0.76","0.09433962264150944","0.8942307692307693","0.8490566037735849","0.8611111111111112","0.0625","0.5061728395061729","0.6666666666666666","0.08","0.3333333333333333","0.5116279069767442","0.5333333333333333","0.08974358974358974"
