"split","Overall","Instance Attributes","Instance Identity","Instance Interaction","Instance Location","Instances Counting","Scene Understanding","Spatial Relation","Text Understanding","Visual Reasoning"
"none","0.6851461495222035","0.7481178748117875","0.7127252867285636","0.711340206185567","0.7055214723926381","0.6554965263588067","0.6320455984800507","0.6453576864535768","0.7142857142857143","0.3776435045317221"
