"Overall","choose","compare","logical","query","verify"
"51.725234536492295","74.13640389725421","54.159592529711375","65.94564614531336","35.606171932402646","77.17584369449378"
