{
    "Bleu": [
        73.99646756583024,
        56.8635737809288,
        42.66328869934325,
        31.820963519931585
    ],
    "ROUGE_L": 53.31928969961024,
    "CIDEr": 91.57766218334653
}