"split","Overall","AR","CP","FP-C","FP-S","LR","RR","action_recognition","attribute_comparison","attribute_recognition","celebrity_recognition","function_reasoning","future_prediction","identity_reasoning","image_emotion","image_quality","image_scene","image_style","image_topic","nature_relation","object_localization","ocr","physical_property_reasoning","physical_relation","social_relation","spatial_relationship","structuralized_imagetext_understanding"
"dev","0.3651202749140893","0.2914572864321608","0.527027027027027","0.3356643356643357","0.4232081911262799","0.15254237288135594","0.1826086956521739","0.6851851851851852","0.1590909090909091","0.4189189189189189","0.6868686868686869","0.25316455696202533","0.175","0.5111111111111111","0.36","0.07547169811320754","0.75","0.6037735849056604","0.6666666666666666","0.08333333333333333","0.1728395061728395","0.28205128205128205","0.2","0.16666666666666666","0.3023255813953488","0.08888888888888889","0.14102564102564102"
