"split","Overall","Instance Attributes","Instance Identity","Instance Interaction","Instance Location","Instances Counting","Scene Understanding","Spatial Relation","Text Understanding","Visual Reasoning"
"none","0.5504496908375491","0.5663583566358357","0.6034953577280174","0.6082474226804123","0.516359918200409","0.4205149162239477","0.642811906269791","0.4079147640791476","0.2619047619047619","0.552870090634441"
