"split","Overall","acc","precision","recall"
"Overall","82.22413581006275","83.94444444444444","92.09148525764674","74.26666666666667"
"random","83.98039954768186","85.83333333333333","96.61751951431049","74.26666666666667"
"adversarial","80.37518037518039","81.86666666666666","87.57861635220125","74.26666666666667"
"popular","82.39644970414201","84.13333333333334","92.52491694352159","74.26666666666667"
