"split","Overall","Instance Attributes","Instance Identity","Instance Interaction","Instance Location","Instances Counting","Scene Understanding","Spatial Relation","Text Understanding","Visual Reasoning"
"none","0.6599213041034289","0.7121961712196171","0.6635718186783178","0.5773195876288659","0.565439672801636","0.5541479362484675","0.7286257124762507","0.4779299847792998","0.5476190476190477","0.7250755287009063"
