"Overall","choose","compare","logical","query","verify"
"11.082843059309907","18.95482728077945","8.65874363327674","37.38214087631725","1.337252020573108","16.163410301953817"
