"split","Overall","acc","precision","recall"
"Overall","82.17015411602556","84.1888888888889","94.19706980752657","72.86666666666667"
"adversarial","80.93298778230285","82.83333333333334","91.007493755204","72.86666666666667"
"popular","82.2113576532531","84.23333333333333","94.30543572044866","72.86666666666667"
"random","83.40328119038536","85.5","97.50223015165031","72.86666666666667"
