"split","Overall","AR","CP","FP-C","FP-S","LR","RR","action_recognition","attribute_comparison","attribute_recognition","celebrity_recognition","function_reasoning","future_prediction","identity_reasoning","image_emotion","image_quality","image_scene","image_style","image_topic","nature_relation","object_localization","ocr","physical_property_reasoning","physical_relation","social_relation","spatial_relationship","structuralized_imagetext_understanding"
"dev","0.5850515463917526","0.6482412060301508","0.7567567567567568","0.48951048951048953","0.590443686006826","0.23728813559322035","0.4956521739130435","0.8148148148148148","0.45454545454545453","0.8378378378378378","0.5959595959595959","0.759493670886076","0.2","0.9111111111111111","0.68","0.5094339622641509","0.9423076923076923","0.7547169811320755","0.6944444444444444","0.375","0.38271604938271603","0.5384615384615384","0.37333333333333335","0.20833333333333334","0.7906976744186046","0.13333333333333333","0.2564102564102564"
