"split","Overall","AR","CP","FP-C","FP-S","LR","RR","action_recognition","attribute_comparison","attribute_recognition","celebrity_recognition","function_reasoning","future_prediction","identity_reasoning","image_emotion","image_quality","image_scene","image_style","image_topic","nature_relation","object_localization","ocr","physical_property_reasoning","physical_relation","social_relation","spatial_relationship","structuralized_imagetext_understanding"
"dev","0.5360824742268041","0.49246231155778897","0.6925675675675675","0.6573426573426573","0.6075085324232082","0.11864406779661017","0.30434782608695654","0.9259259259259259","0.5454545454545454","0.7432432432432432","0.5858585858585859","0.6708860759493671","0.2","0.8888888888888888","0.68","0.18867924528301888","0.8557692307692307","0.7735849056603774","0.8611111111111112","0.125","0.48148148148148145","0.6666666666666666","0.06666666666666667","0.375","0.46511627906976744","0.4444444444444444","0.07692307692307693"
