"split","Overall","acc","precision","recall"
"Overall","82.6298094882331","84.5","93.96771452846218","73.73333333333333"
"popular","82.59895444361463","84.46666666666667","93.88794567062818","73.73333333333333"
"adversarial","81.20411160058737","82.93333333333334","90.359477124183","73.73333333333333"
"random","84.13845568657283","86.1","97.9627989371125","73.73333333333333"
