"split","Overall","Instance Attributes","Instance Identity","Instance Interaction","Instance Location","Instances Counting","Scene Understanding","Spatial Relation","Text Understanding","Visual Reasoning"
"none","0.6812816188870152","0.7459668745966874","0.7045330420535226","0.7010309278350515","0.689161554192229","0.6530445443400081","0.6333122229259025","0.6362252663622526","0.6904761904761905","0.3685800604229607"
