"Overall","choose","compare","logical","query","verify"
"57.95833995865798","85.91674047829937","61.460101867572156","76.92734331669439","41.0139603232917","79.04085257548846"
