"Overall","choose","compare","logical","query","verify"
"8.546668786770551","14.880425155004428","1.697792869269949","29.672767609539658","1.0727406318883173","12.833037300177619"
