"split","Overall","Instance Attributes","Instance Identity","Instance Interaction","Instance Location","Instances Counting","Scene Understanding","Spatial Relation","Text Understanding","Visual Reasoning"
"none","0.606239460370995","0.6444396644439665","0.6155106499180776","0.5876288659793815","0.5081799591002045","0.4936657131181038","0.6931602279924003","0.4200913242009132","0.6071428571428571","0.6858006042296072"
