"split","Overall","Instance Attributes","Instance Identity","Instance Interaction","Instance Location","Instances Counting","Scene Understanding","Spatial Relation","Text Understanding","Visual Reasoning"
"none","0.7412169758291175","0.7519896751989675","0.7640633533588204","0.7216494845360825","0.7004089979550102","0.6742950551695954","0.7900569981000634","0.649923896499239","0.7619047619047619","0.7945619335347432"
