"split","Overall","acc","precision","recall"
"Overall","87.1205906480722","87.78888888888889","92.16464170592612","82.6"
"adversarial","84.80492813141683","85.2","87.13080168776372","82.6"
"popular","87.13080168776371","87.8","92.1875","82.6"
"random","89.55547524394652","90.36666666666666","97.79005524861878","82.6"
