"Overall","choose","compare","logical","query","verify"
"48.52122754014947","55.447298494242695","55.00848896434635","73.10038824181919","34.842027920646586","65.0088809946714"
