"split","Overall","AR","CP","FP-C","FP-S","LR","RR","action_recognition","attribute_comparison","attribute_recognition","celebrity_recognition","function_reasoning","future_prediction","identity_reasoning","image_emotion","image_quality","image_scene","image_style","image_topic","nature_relation","object_localization","ocr","physical_property_reasoning","physical_relation","social_relation","spatial_relationship","structuralized_imagetext_understanding"
"dev","0.7809278350515464","0.8291457286432161","0.8716216216216216","0.6993006993006993","0.7952218430034129","0.5169491525423728","0.8","0.9074074074074074","0.6136363636363636","0.9324324324324325","0.8383838383838383","0.8734177215189873","0.625","0.9777777777777777","0.8","0.6792452830188679","0.9807692307692307","0.9245283018867925","0.8611111111111112","0.7291666666666666","0.6790123456790124","0.6666666666666666","0.6933333333333334","0.7916666666666666","0.8837209302325582","0.5333333333333333","0.46153846153846156"
