"Overall","choose","compare","logical","query","verify"
"52.59182699952297","80.42515500442869","60.95076400679117","70.82640044370494","35.79720793534166","72.60213143872114"
