"split","Overall","Instance Attributes","Instance Identity","Instance Interaction","Instance Location","Instances Counting","Scene Understanding","Spatial Relation","Text Understanding","Visual Reasoning"
"none","0.6079960652051715","0.6743385674338568","0.614418350628072","0.6494845360824743","0.598159509202454","0.5508786268900695","0.5854971500949968","0.5814307458143074","0.7023809523809523","0.32326283987915405"
