"split","Overall","acc","precision","recall"
"Overall","76.22670216812476","79.16666666666666","88.7511071744907","66.8"
"popular","75.33834586466166","78.13333333333333","86.37931034482759","66.8"
"adversarial","74.55357142857143","77.2","84.34343434343434","66.8"
"random","78.92871209137456","82.16666666666667","96.43888354186718","66.8"
