"Overall","choose","compare","logical","query","verify"
"10.947686436635395","18.777679362267495","8.31918505942275","37.38214087631725","1.3666421748714181","15.49733570159858"
