"split","Overall","Instance Attributes","Instance Identity","Instance Interaction","Instance Location","Instances Counting","Scene Understanding","Spatial Relation","Text Understanding","Visual Reasoning"
"none","0.6575323215289488","0.701871370187137","0.6728563626433642","0.5567010309278351","0.5848670756646217","0.5443400081732734","0.7365421152628245","0.45662100456621","0.5595238095238095","0.7009063444108762"
