"split","Overall","AR","CP","FP-C","FP-S","LR","RR","action_recognition","attribute_comparison","attribute_recognition","celebrity_recognition","function_reasoning","future_prediction","identity_reasoning","image_emotion","image_quality","image_scene","image_style","image_topic","nature_relation","object_localization","ocr","physical_property_reasoning","physical_relation","social_relation","spatial_relationship","structuralized_imagetext_understanding"
"dev","0.5807560137457045","0.6532663316582915","0.7364864864864865","0.46153846153846156","0.6177474402730375","0.2288135593220339","0.46956521739130436","0.7777777777777778","0.4090909090909091","0.8378378378378378","0.6363636363636364","0.7721518987341772","0.2","0.9111111111111111","0.64","0.49056603773584906","0.9326923076923077","0.6981132075471698","0.7222222222222222","0.3333333333333333","0.41975308641975306","0.5641025641025641","0.37333333333333335","0.2916666666666667","0.7209302325581395","0.13333333333333333","0.24358974358974358"
