"split","Overall","acc","precision","recall"
"Overall","82.76378149164381","84.64444444444445","94.31495167708925","73.73333333333333"
"random","83.72445117335351","85.66666666666667","96.8476357267951","73.73333333333333"
"popular","82.78443113772454","84.66666666666667","94.36860068259386","73.73333333333333"
"adversarial","81.80473372781066","83.6","91.86046511627907","73.73333333333333"
