"split","Overall","acc","precision","recall"
"Overall","77.89015490974268","80.81111111111112","91.87556629417094","67.60000000000001"
"random","79.84251968503938","82.93333333333334","97.5","67.60000000000001"
"popular","77.67139027192648","80.56666666666666","91.26912691269126","67.60000000000001"
"adversarial","76.24060150375942","78.93333333333334","87.41379310344828","67.60000000000001"
