"split","Overall","Instance Attributes","Instance Identity","Instance Interaction","Instance Location","Instances Counting","Scene Understanding","Spatial Relation","Text Understanding","Visual Reasoning"
"none","0.6309021922428331","0.698429769842977","0.6357181867831786","0.6185567010309279","0.6421267893660532","0.5786677564364529","0.5953134895503484","0.6057838660578386","0.7380952380952381","0.37462235649546827"
