"Overall","choose","compare","logical","query","verify"
"53.48227063126093","80.77945084145261","60.78098471986417","71.3810316139767","36.66421748714181","74.37833037300177"
