"split","Overall","AR","CP","FP-C","FP-S","LR","RR","action_recognition","attribute_comparison","attribute_recognition","celebrity_recognition","function_reasoning","future_prediction","identity_reasoning","image_emotion","image_quality","image_scene","image_style","image_topic","nature_relation","object_localization","ocr","physical_property_reasoning","physical_relation","social_relation","spatial_relationship","structuralized_imagetext_understanding"
"dev","0.5274914089347079","0.5125628140703518","0.6790540540540541","0.6363636363636364","0.6143344709897611","0.1271186440677966","0.21739130434782608","0.8148148148148148","0.5454545454545454","0.8108108108108109","0.5858585858585859","0.7468354430379747","0.225","0.8666666666666667","0.64","0.1509433962264151","0.8653846153846154","0.7735849056603774","0.8333333333333334","0.08333333333333333","0.4691358024691358","0.6153846153846154","0.05333333333333334","0.25","0.3488372093023256","0.5111111111111111","0.07692307692307693"
