"split","Overall","AR","CP","FP-C","FP-S","LR","RR","action_recognition","attribute_comparison","attribute_recognition","celebrity_recognition","function_reasoning","future_prediction","identity_reasoning","image_emotion","image_quality","image_scene","image_style","image_topic","nature_relation","object_localization","ocr","physical_property_reasoning","physical_relation","social_relation","spatial_relationship","structuralized_imagetext_understanding"
"dev","0.43556701030927836","0.38190954773869346","0.6047297297297297","0.3706293706293706","0.5119453924914675","0.1694915254237288","0.25217391304347825","0.7592592592592593","0.1590909090909091","0.47297297297297297","0.8080808080808081","0.35443037974683544","0.25","0.7111111111111111","0.58","0.11320754716981132","0.7788461538461539","0.7169811320754716","0.6944444444444444","0.25","0.18518518518518517","0.5128205128205128","0.21333333333333335","0.16666666666666666","0.3023255813953488","0.1111111111111111","0.1282051282051282"
