"Overall","choose","compare","logical","query","verify"
"54.06264906980442","75.8193091231178","57.215619694397276","69.21797004991681","37.6781778104335","79.70692717584369"
