"split","Overall","Instance Attributes","Instance Identity","Instance Interaction","Instance Location","Instances Counting","Scene Understanding","Spatial Relation","Text Understanding","Visual Reasoning"
"none","0.5673833614390107","0.5790492579049258","0.6335335882031676","0.5567010309278351","0.5429447852760736","0.4311401716387413","0.6583280557314756","0.4231354642313546","0.2976190476190476","0.6072507552870091"
