{
    "Bleu": [
        75.08774040871839,
        58.01437247663278,
        43.764401697190394,
        32.79164864726388
    ],
    "ROUGE_L": 54.06036099091946,
    "CIDEr": 95.72962689589014
}