"split","Overall","acc","precision","recall"
"Overall","84.76932294787296","85.87777777777778","91.98959687906371","78.60000000000001"
"adversarial","82.47639034627493","83.3","86.75496688741721","78.60000000000001"
"random","86.85082872928177","88.1","97.03703703703704","78.60000000000001"
"popular","85.09563334536267","86.23333333333333","92.7616050354052","78.60000000000001"
