"Overall","choose","compare","logical","query","verify"
"43.202416918429","64.92471213463243","52.63157894736842","58.73544093178037","26.48052902277737","67.93960923623446"
