"split","Overall","Instance Attributes","Instance Identity","Instance Interaction","Instance Location","Instances Counting","Scene Understanding","Spatial Relation","Text Understanding","Visual Reasoning"
"none","0.4610736368746487","0.4671972467197247","0.4817039868924085","0.5257731958762887","0.4335378323108384","0.34164282795259504","0.5668144395186827","0.3531202435312024","0.2261904761904762","0.47129909365558914"
