"split","Overall","AR","CP","FP-C","FP-S","LR","RR","action_recognition","attribute_comparison","attribute_recognition","celebrity_recognition","function_reasoning","future_prediction","identity_reasoning","image_emotion","image_quality","image_scene","image_style","image_topic","nature_relation","object_localization","ocr","physical_property_reasoning","physical_relation","social_relation","spatial_relationship","structuralized_imagetext_understanding"
"dev","0.30670103092783507","0.31155778894472363","0.4189189189189189","0.25874125874125875","0.3583617747440273","0.1440677966101695","0.10434782608695652","0.48148148148148145","0.1590909090909091","0.3783783783783784","0.5757575757575758","0.22784810126582278","0.2","0.6222222222222222","0.32","0.05660377358490566","0.6538461538461539","0.3584905660377358","0.5","0.0625","0.07407407407407407","0.358974358974359","0.21333333333333335","0.125","0.13953488372093023","0.08888888888888889","0.11538461538461539"
