"split","Overall","acc","precision","recall"
"Overall","77.10280373831775","78.22222222222223","81.2807881773399","73.33333333333333"
"popular","78.3196867212531","79.7","84.03361344537815","73.33333333333333"
"adversarial","74.42489851150201","74.8","75.54945054945054","73.33333333333333"
"random","78.71198568872987","80.16666666666666","84.94208494208493","73.33333333333333"
