{
    "Bleu": [
        65.11567298825098,
        45.91024195940691,
        32.059708109775855,
        22.487511190858346
    ],
    "ROUGE_L": 45.941668489948604,
    "CIDEr": 60.34555971188384
}