"Overall","choose","compare","logical","query","verify"
"46.2076641755446","69.1762621789194","54.32937181663837","64.1708264004437","28.96399706098457","70.29307282415631"
