{
    "Bleu": [
        64.08479165824549,
        44.4102680874249,
        30.32111891588941,
        20.899034000913854
    ],
    "ROUGE_L": 44.94864439888137,
    "CIDEr": 55.99017790047834
}