"split","Overall","acc","precision","recall"
"Overall","76.10661589719182","77.68888888888888","81.91598360655738","71.06666666666666"
"popular","75.68335108271211","77.16666666666666","80.9415337889142","71.06666666666666"
"random","79.76056864945753","81.96666666666667","90.8780903665814","71.06666666666666"
"adversarial","73.16403568977351","73.93333333333332","75.3889674681754","71.06666666666666"
