"split","Overall","AR","CP","FP-C","FP-S","LR","RR","action_recognition","attribute_comparison","attribute_recognition","celebrity_recognition","function_reasoning","future_prediction","identity_reasoning","image_emotion","image_quality","image_scene","image_style","image_topic","nature_relation","object_localization","ocr","physical_property_reasoning","physical_relation","social_relation","spatial_relationship","structuralized_imagetext_understanding"
"dev","0.2929553264604811","0.32663316582914576","0.42567567567567566","0.23076923076923078","0.3037542662116041","0.15254237288135594","0.08695652173913043","0.42592592592592593","0.18181818181818182","0.36486486486486486","0.4444444444444444","0.2911392405063291","0.225","0.5777777777777777","0.38","0.07547169811320754","0.6346153846153846","0.32075471698113206","0.5555555555555556","0.0625","0.07407407407407407","0.3076923076923077","0.21333333333333335","0.16666666666666666","0.06976744186046512","0.044444444444444446","0.11538461538461539"
