"Overall","choose","compare","logical","query","verify"
"6.336460486563841","4.340124003542958","3.904923599320883","16.306156405990016","3.9235855988243937","7.282415630550622"
