"split","Overall","acc","precision","recall"
"Overall","65.37207233916394","74.04444444444445","98.17453250222617","49.0"
"popular","65.30430919591292","73.96666666666667","97.86950732356857","49.0"
"random","65.7130084935181","74.43333333333332","99.72862957937585","49.0"
"adversarial","65.10186005314438","73.73333333333333","96.96569920844327","49.0"
