"split","Overall","AR","CP","FP-C","FP-S","LR","RR","action_recognition","attribute_comparison","attribute_recognition","celebrity_recognition","function_reasoning","future_prediction","identity_reasoning","image_emotion","image_quality","image_scene","image_style","image_topic","nature_relation","object_localization","ocr","physical_property_reasoning","physical_relation","social_relation","spatial_relationship","structuralized_imagetext_understanding"
"dev","0.615979381443299","0.6633165829145728","0.7398648648648649","0.4825174825174825","0.6416382252559727","0.2966101694915254","0.6434782608695652","0.7962962962962963","0.4090909090909091","0.8918918918918919","0.7272727272727273","0.6835443037974683","0.175","0.9333333333333333","0.64","0.5471698113207547","0.9038461538461539","0.7169811320754716","0.7222222222222222","0.5","0.3333333333333333","0.5897435897435898","0.48","0.625","0.813953488372093","0.17777777777777778","0.358974358974359"
