"split","Overall","Instance Attributes","Instance Identity","Instance Interaction","Instance Location","Instances Counting","Scene Understanding","Spatial Relation","Text Understanding","Visual Reasoning"
"none","0.6701798763350196","0.7117659711765971","0.6723102129983616","0.6701030927835051","0.6155419222903885","0.5484266448712709","0.7425585813806207","0.5205479452054794","0.6071428571428571","0.7583081570996979"
