"split","Overall","Instance Attributes","Instance Identity","Instance Interaction","Instance Location","Instances Counting","Scene Understanding","Spatial Relation","Text Understanding","Visual Reasoning"
"none","0.6242973580663294","0.6878898687889868","0.6373566357181868","0.6701030927835051","0.6094069529652352","0.5807110747854516","0.5940468651044966","0.6057838660578386","0.7142857142857143","0.31419939577039274"
