"split","Overall","AR","CP","FP-C","FP-S","LR","RR","action_recognition","attribute_comparison","attribute_recognition","celebrity_recognition","function_reasoning","future_prediction","identity_reasoning","image_emotion","image_quality","image_scene","image_style","image_topic","nature_relation","object_localization","ocr","physical_property_reasoning","physical_relation","social_relation","spatial_relationship","structuralized_imagetext_understanding"
"dev","0.506872852233677","0.48743718592964824","0.6351351351351351","0.6153846153846154","0.5802047781569966","0.1440677966101695","0.2608695652173913","0.7962962962962963","0.5227272727272727","0.7432432432432432","0.5656565656565656","0.6708860759493671","0.25","0.8888888888888888","0.72","0.1320754716981132","0.8365384615384616","0.5660377358490566","0.7777777777777778","0.14583333333333334","0.41975308641975306","0.6410256410256411","0.05333333333333334","0.3333333333333333","0.3488372093023256","0.4888888888888889","0.08974358974358974"
