"split","Overall","acc","precision","recall"
"Overall","77.80718336483933","80.43333333333334","89.86899563318778","68.60000000000001"
"random","80.20265003897116","83.06666666666666","96.52908067542214","68.60000000000001"
"popular","77.04979408461251","79.56666666666666","87.8736122971819","68.60000000000001"
"adversarial","76.27872498146776","78.66666666666666","85.89315525876461","68.60000000000001"
