"Overall","choose","compare","logical","query","verify"
"53.47432024169184","79.80513728963685","59.59252971137521","71.159179145868","36.9287288758266","74.51154529307283"
