"Overall","choose","compare","logical","query","verify"
"42.4153283510892","54.11868910540301","40.74702886247878","60.62118691070438","30.124908155767816","59.54706927175843"
