"split","Overall","Instance Attributes","Instance Identity","Instance Interaction","Instance Location","Instances Counting","Scene Understanding","Spatial Relation","Text Understanding","Visual Reasoning"
"none","0.6626616076447442","0.6805764680576468","0.685417804478427","0.6701030927835051","0.5766871165644172","0.5713118103800572","0.7333755541481951","0.5372907153729072","0.8333333333333334","0.743202416918429"
