"split","Overall","acc","precision","recall"
"Overall","83.08823529411764","84.66666666666667","92.62295081967213","75.33333333333333"
"random","85.05833646970267","86.76666666666667","97.66637856525497","75.33333333333333"
"popular","83.02718589272594","84.6","92.47135842880525","75.33333333333333"
"adversarial","81.26573175116863","82.63333333333334","88.21233411397345","75.33333333333333"
