"split","Overall","AR","CP","FP-C","FP-S","LR","RR","action_recognition","attribute_comparison","attribute_recognition","celebrity_recognition","function_reasoning","future_prediction","identity_reasoning","image_emotion","image_quality","image_scene","image_style","image_topic","nature_relation","object_localization","ocr","physical_property_reasoning","physical_relation","social_relation","spatial_relationship","structuralized_imagetext_understanding"
"dev","0.7637457044673539","0.8291457286432161","0.8344594594594594","0.6363636363636364","0.7986348122866894","0.6016949152542372","0.7043478260869566","0.8518518518518519","0.6363636363636364","0.8378378378378378","0.9090909090909091","0.8860759493670886","0.425","0.9555555555555556","0.72","0.6792452830188679","0.9807692307692307","0.7547169811320755","0.9166666666666666","0.6666666666666666","0.5679012345679012","0.9230769230769231","0.6933333333333334","0.4583333333333333","0.8837209302325582","0.37777777777777777","0.6923076923076923"
