"split","Overall","acc","precision","recall"
"Overall","87.60504201680672","88.2","92.2566371681416","83.39999999999999"
"random","89.96763754045305","90.7","97.65807962529274","83.39999999999999"
"popular","87.85112359550563","88.46666666666667","92.80415430267063","83.39999999999999"
"adversarial","85.13099693773393","85.43333333333332","86.93537178596247","83.39999999999999"
