"split","Overall","AR","CP","FP-C","FP-S","LR","RR","action_recognition","attribute_comparison","attribute_recognition","celebrity_recognition","function_reasoning","future_prediction","identity_reasoning","image_emotion","image_quality","image_scene","image_style","image_topic","nature_relation","object_localization","ocr","physical_property_reasoning","physical_relation","social_relation","spatial_relationship","structuralized_imagetext_understanding"
"dev","0.7018900343642611","0.7989949748743719","0.8445945945945946","0.5174825174825175","0.7474402730375427","0.3728813559322034","0.6173913043478261","0.9074074074074074","0.3409090909090909","0.9054054054054054","0.7878787878787878","0.8734177215189873","0.325","0.9555555555555556","0.86","0.6792452830188679","0.9807692307692307","0.7169811320754716","0.8611111111111112","0.4583333333333333","0.6419753086419753","0.5641025641025641","0.6266666666666667","0.5416666666666666","0.8372093023255814","0.2222222222222222","0.3974358974358974"
