"split","Overall","Instance Attributes","Instance Identity","Instance Interaction","Instance Location","Instances Counting","Scene Understanding","Spatial Relation","Text Understanding","Visual Reasoning"
"none","0.7001826869027543","0.7259625725962573","0.730202075368651","0.7010309278350515","0.6257668711656442","0.6162648140580302","0.7612412919569348","0.5235920852359208","0.7619047619047619","0.7643504531722054"
