"Overall","choose","compare","logical","query","verify"
"53.99109556368262","79.36226749335695","57.215619694397276","72.98946200776484","36.98750918442322","76.59857904085257"
