"split","Overall","AR","CP","FP-C","FP-S","LR","RR","action_recognition","attribute_comparison","attribute_recognition","celebrity_recognition","function_reasoning","future_prediction","identity_reasoning","image_emotion","image_quality","image_scene","image_style","image_topic","nature_relation","object_localization","ocr","physical_property_reasoning","physical_relation","social_relation","spatial_relationship","structuralized_imagetext_understanding"
"dev","0.538659793814433","0.4824120603015075","0.6891891891891891","0.6783216783216783","0.6245733788395904","0.13559322033898305","0.26956521739130435","0.9074074074074074","0.5227272727272727","0.7297297297297297","0.6363636363636364","0.6582278481012658","0.175","0.8888888888888888","0.78","0.1320754716981132","0.875","0.7169811320754716","0.8055555555555556","0.10416666666666667","0.48148148148148145","0.6923076923076923","0.05333333333333334","0.375","0.3953488372093023","0.5555555555555556","0.11538461538461539"
