"split","Overall","acc","precision","recall"
"Overall","82.83994595258568","84.47777777777777","92.61191980225213","74.93333333333332"
"popular","82.46515040352165","84.06666666666666","91.68026101141925","74.93333333333332"
"adversarial","81.36083966702859","82.83333333333334","88.9944576405384","74.93333333333332"
"random","84.7662141779789","86.53333333333333","97.56944444444444","74.93333333333332"
