"split","Overall","Instance Attributes","Instance Identity","Instance Interaction","Instance Location","Instances Counting","Scene Understanding","Spatial Relation","Text Understanding","Visual Reasoning"
"none","0.6582349634626194","0.7294041729404173","0.6805024576734026","0.6494845360824743","0.6595092024539877","0.6093175316714344","0.6139962001266625","0.6270928462709284","0.7023809523809523","0.3685800604229607"
