"Overall","choose","compare","logical","query","verify"
"56.638575290189216","85.29672276350753","60.78098471986417","74.2651136993899","39.73548861131521","78.15275310834814"
