"split","Overall","Instance Attributes","Instance Identity","Instance Interaction","Instance Location","Instances Counting","Scene Understanding","Spatial Relation","Text Understanding","Visual Reasoning"
"none","0.5948566610455311","0.607012260701226","0.5876570180229382","0.6494845360824743","0.5306748466257669","0.5075602778912954","0.6611779607346422","0.5753424657534246","0.7023809523809523","0.6616314199395771"
