"split","Overall","acc","precision","recall"
"Overall","69.74010709155023","74.25555555555555","84.57396262274311","59.333333333333336"
"popular","69.26070038910505","73.66666666666667","83.17757009345794","59.333333333333336"
"adversarial","67.55218216318785","71.5","78.41409691629956","59.333333333333336"
"random","72.59380097879283","77.60000000000001","93.4873949579832","59.333333333333336"
