"split","Overall","AR","CP","FP-C","FP-S","LR","RR","action_recognition","attribute_comparison","attribute_recognition","celebrity_recognition","function_reasoning","future_prediction","identity_reasoning","image_emotion","image_quality","image_scene","image_style","image_topic","nature_relation","object_localization","ocr","physical_property_reasoning","physical_relation","social_relation","spatial_relationship","structuralized_imagetext_understanding"
"dev","0.5970790378006873","0.6582914572864321","0.6824324324324325","0.5944055944055944","0.590443686006826","0.423728813559322","0.46956521739130436","0.7407407407407407","0.6363636363636364","0.7567567567567568","0.5757575757575758","0.7088607594936709","0.5","0.7333333333333333","0.56","0.660377358490566","0.8173076923076923","0.5283018867924528","0.7222222222222222","0.3333333333333333","0.5061728395061729","0.48717948717948717","0.56","0.7916666666666666","0.4418604651162791","0.37777777777777777","0.38461538461538464"
