"Overall","choose","compare","logical","query","verify"
"41.03991095563683","48.44995571302037","57.045840407470294","67.11037160288407","24.628949301983834","61.856127886323264"
