"split","Overall","AR","CP","FP-C","FP-S","LR","RR","action_recognition","attribute_comparison","attribute_recognition","celebrity_recognition","function_reasoning","future_prediction","identity_reasoning","image_emotion","image_quality","image_scene","image_style","image_topic","nature_relation","object_localization","ocr","physical_property_reasoning","physical_relation","social_relation","spatial_relationship","structuralized_imagetext_understanding"
"dev","0.6374570446735395","0.7386934673366834","0.8040540540540541","0.46153846153846156","0.621160409556314","0.3898305084745763","0.5478260869565217","0.8518518518518519","0.36363636363636365","0.7837837837837838","0.6262626262626263","0.7468354430379747","0.25","0.9555555555555556","0.76","0.7169811320754716","0.9615384615384616","0.5849056603773585","0.8611111111111112","0.375","0.48148148148148145","0.5897435897435898","0.6","0.5416666666666666","0.7441860465116279","0.08888888888888889","0.46153846153846156"
