"Overall","choose","compare","logical","query","verify"
"47.0663062490062","74.04782993799823","55.00848896434635","68.66333887964502","28.626010286554006","69.89342806394316"
