"split","Overall","acc","precision","recall"
"Overall","81.0","82.68888888888888","89.75675675675676","73.8"
"adversarial","78.62215909090908","79.93333333333334","84.11854103343465","73.8"
"random","83.67346938775509","85.6","96.59685863874346","73.8"
"popular","80.86194302410517","82.53333333333333","89.41841680129241","73.8"
