"split","Overall","Instance Attributes","Instance Identity","Instance Interaction","Instance Location","Instances Counting","Scene Understanding","Spatial Relation","Text Understanding","Visual Reasoning"
"none","0.6464305789769533","0.6708969670896967","0.6646641179683234","0.711340206185567","0.5398773006134969","0.5578259092766653","0.7226092463584547","0.4961948249619482","0.7261904761904762","0.7039274924471299"
