"split","Overall","acc","precision","recall"
"Overall","78.55565657877646","81.65555555555557","94.52954048140045","67.2"
"popular","78.200155159038","81.26666666666667","93.5064935064935","67.2"
"adversarial","77.65793528505392","80.66666666666666","91.97080291970804","67.2"
"random","79.84158415841584","83.03333333333333","98.34146341463415","67.2"
