"split","Overall","AR","CP","FP-C","FP-S","LR","RR","action_recognition","attribute_comparison","attribute_recognition","celebrity_recognition","function_reasoning","future_prediction","identity_reasoning","image_emotion","image_quality","image_scene","image_style","image_topic","nature_relation","object_localization","ocr","physical_property_reasoning","physical_relation","social_relation","spatial_relationship","structuralized_imagetext_understanding"
"dev","0.7517182130584192","0.7336683417085427","0.8209459459459459","0.7132867132867133","0.7781569965870307","0.5932203389830508","0.7478260869565218","0.8518518518518519","0.7045454545454546","0.8783783783783784","0.8787878787878788","0.8734177215189873","0.6","0.9777777777777777","0.76","0.7169811320754716","0.9615384615384616","0.6792452830188679","0.8611111111111112","0.7708333333333334","0.5308641975308642","0.8461538461538461","0.44","0.5416666666666666","0.8372093023255814","0.5555555555555556","0.5897435897435898"
