"Overall","choose","compare","logical","query","verify"
"54.0069963428208","81.48804251550045","68.08149405772495","72.21297836938436","36.355620867009556","75.31083481349911"
