"split","Overall","acc","precision","recall"
"Overall","68.04750869061414","75.4888888888889","97.71214642262895","52.2"
"random","68.4739833843463","75.96666666666667","99.49174078780177","52.2"
"adversarial","67.67502160760588","75.06666666666668","96.1916461916462","52.2"
"popular","67.99826313504124","75.43333333333334","97.5093399750934","52.2"
