"split","Overall","Instance Attributes","Instance Identity","Instance Interaction","Instance Location","Instances Counting","Scene Understanding","Spatial Relation","Text Understanding","Visual Reasoning"
"none","0.6753794266441822","0.7104753710475371","0.6810486073184052","0.6804123711340206","0.6094069529652352","0.5586432366162648","0.752691576947435","0.5509893455098934","0.6309523809523809","0.7280966767371602"
