"Overall","choose","compare","logical","query","verify"
"6.574972173636508","4.605845881310895","3.5653650254668934","17.304492512479204","4.041146216017634","7.41563055062167"
