"split","Overall","AR","CP","FP-C","FP-S","LR","RR","action_recognition","attribute_comparison","attribute_recognition","celebrity_recognition","function_reasoning","future_prediction","identity_reasoning","image_emotion","image_quality","image_scene","image_style","image_topic","nature_relation","object_localization","ocr","physical_property_reasoning","physical_relation","social_relation","spatial_relationship","structuralized_imagetext_understanding"
"dev","0.6125429553264605","0.6834170854271356","0.7466216216216216","0.48951048951048953","0.6245733788395904","0.2796610169491525","0.6086956521739131","0.7777777777777778","0.45454545454545453","0.8783783783783784","0.6565656565656566","0.6962025316455697","0.2","0.9555555555555556","0.66","0.5471698113207547","0.8942307692307693","0.7547169811320755","0.7222222222222222","0.4375","0.35802469135802467","0.6153846153846154","0.5066666666666667","0.625","0.7906976744186046","0.17777777777777778","0.32051282051282054"
