"split","Overall","acc","precision","recall"
"Overall","85.38244955419991","86.15555555555555","90.4324055666004","80.86666666666666"
"random","88.31452493629413","89.3","97.27345629510826","80.86666666666666"
"popular","84.70670391061451","85.39999999999999","88.92961876832844","80.86666666666666"
"adversarial","83.28184002746309","83.76666666666667","85.84571832979476","80.86666666666666"
