"split","Overall","Instance Attributes","Instance Identity","Instance Interaction","Instance Location","Instances Counting","Scene Understanding","Spatial Relation","Text Understanding","Visual Reasoning"
"none","0.7195053400786959","0.7367175736717574","0.7307482250136538","0.711340206185567","0.6554192229038854","0.6440539436044136","0.7758074730842305","0.6286149162861492","0.8333333333333334","0.7794561933534743"
