"split","Overall","AR","CP","FP-C","FP-S","LR","RR","action_recognition","attribute_comparison","attribute_recognition","celebrity_recognition","function_reasoning","future_prediction","identity_reasoning","image_emotion","image_quality","image_scene","image_style","image_topic","nature_relation","object_localization","ocr","physical_property_reasoning","physical_relation","social_relation","spatial_relationship","structuralized_imagetext_understanding"
"dev","0.7989690721649485","0.8341708542713567","0.8344594594594594","0.7272727272727273","0.8020477815699659","0.7372881355932204","0.7913043478260869","0.8703703703703703","0.7272727272727273","0.9054054054054054","0.7878787878787878","0.8607594936708861","0.625","1.0","0.8","0.7169811320754716","0.9615384615384616","0.7169811320754716","0.8611111111111112","0.6875","0.6666666666666666","0.9230769230769231","0.7066666666666667","0.8333333333333334","0.8837209302325582","0.5555555555555556","0.7948717948717948"
