"Overall","choose","compare","logical","query","verify"
"50.89044363173796","65.63330380868024","59.59252971137521","74.15418746533555","34.50404114621602","72.11367673179396"
