"split","Overall","AR","CP","FP-C","FP-S","LR","RR","action_recognition","attribute_comparison","attribute_recognition","celebrity_recognition","function_reasoning","future_prediction","identity_reasoning","image_emotion","image_quality","image_scene","image_style","image_topic","nature_relation","object_localization","ocr","physical_property_reasoning","physical_relation","social_relation","spatial_relationship","structuralized_imagetext_understanding"
"dev","0.5721649484536082","0.6582914572864321","0.7533783783783784","0.45454545454545453","0.5802047781569966","0.211864406779661","0.45217391304347826","0.7962962962962963","0.38636363636363635","0.7972972972972973","0.5858585858585859","0.7341772151898734","0.2","0.9555555555555556","0.7","0.5471698113207547","0.9326923076923077","0.6981132075471698","0.6944444444444444","0.3125","0.37037037037037035","0.5897435897435898","0.4","0.2916666666666667","0.6976744186046512","0.1111111111111111","0.21794871794871795"
