"split","Overall","acc","precision","recall"
"Overall","82.64462809917354","84.6","94.66437177280551","73.33333333333333"
"random","83.65019011406845","85.66666666666667","97.34513274336283","73.33333333333333"
"adversarial","81.60237388724035","83.46666666666667","91.9732441471572","73.33333333333333"
"popular","82.70676691729324","84.66666666666667","94.82758620689656","73.33333333333333"
