"Overall","choose","compare","logical","query","verify"
"51.43902051200509","72.36492471213464","55.178268251273344","65.05823627287853","35.6208670095518","76.86500888099467"
