{
    "Bleu": [
        72.94036956346179,
        55.4238414502566,
        41.13556551644797,
        30.421550809917214
    ],
    "ROUGE_L": 52.377704990473376,
    "CIDEr": 86.6825442305142
}