"split","Overall","acc","precision","recall"
"Overall","81.29645424637503","82.94444444444444","89.99190720258969","74.13333333333333"
"random","83.6719337848006","85.53333333333333","96.02763385146805","74.13333333333333"
"adversarial","78.83729174051754","80.10000000000001","84.17865253595761","74.13333333333333"
"popular","81.52492668621699","83.2","90.55374592833876","74.13333333333333"
