"split","Overall","AR","CP","FP-C","FP-S","LR","RR","action_recognition","attribute_comparison","attribute_recognition","celebrity_recognition","function_reasoning","future_prediction","identity_reasoning","image_emotion","image_quality","image_scene","image_style","image_topic","nature_relation","object_localization","ocr","physical_property_reasoning","physical_relation","social_relation","spatial_relationship","structuralized_imagetext_understanding"
"dev","0.3943298969072165","0.35175879396984927","0.5777027027027027","0.34965034965034963","0.4402730375426621","0.11016949152542373","0.22608695652173913","0.6296296296296297","0.2727272727272727","0.4594594594594595","0.6767676767676768","0.3670886075949367","0.175","0.5777777777777777","0.44","0.1320754716981132","0.8269230769230769","0.6037735849056604","0.6666666666666666","0.22916666666666666","0.16049382716049382","0.38461538461538464","0.2","0.20833333333333334","0.23255813953488372","0.08888888888888889","0.07692307692307693"
