"split","Overall","Instance Attributes","Instance Identity","Instance Interaction","Instance Location","Instances Counting","Scene Understanding","Spatial Relation","Text Understanding","Visual Reasoning"
"none","0.5344997189432266","0.5586147558614756","0.58601856908793","0.6082474226804123","0.5102249488752556","0.3898651409889661","0.6181127295756809","0.4216133942161339","0.2261904761904762","0.5347432024169184"
