"split","Overall","Instance Attributes","Instance Identity","Instance Interaction","Instance Location","Instances Counting","Scene Understanding","Spatial Relation","Text Understanding","Visual Reasoning"
"none","0.6193086003372681","0.6397074639707464","0.638995084653195","0.6701030927835051","0.49284253578732107","0.5279934613812832","0.7032932235592146","0.4885844748858447","0.6547619047619048","0.7069486404833837"
