"Overall","choose","compare","logical","query","verify"
"44.04515821275242","71.12488928255092","53.98981324278438","65.33555185801441","25.56943423952976","66.65186500888099"
