"split","Overall","Instance Attributes","Instance Identity","Instance Interaction","Instance Location","Instances Counting","Scene Understanding","Spatial Relation","Text Understanding","Visual Reasoning"
"none","0.5897273749297358","0.6270165627016563","0.5767340251228836","0.5051546391752577","0.5122699386503068","0.491622394769105","0.6741608613046232","0.4246575342465753","0.6071428571428571","0.6344410876132931"
