"split","Overall","AR","CP","FP-C","FP-S","LR","RR","action_recognition","attribute_comparison","attribute_recognition","celebrity_recognition","function_reasoning","future_prediction","identity_reasoning","image_emotion","image_quality","image_scene","image_style","image_topic","nature_relation","object_localization","ocr","physical_property_reasoning","physical_relation","social_relation","spatial_relationship","structuralized_imagetext_understanding"
"dev","0.4029209621993127","0.46733668341708545","0.5304054054054054","0.34265734265734266","0.3924914675767918","0.1694915254237288","0.30434782608695654","0.48148148148148145","0.4318181818181818","0.581081081081081","0.41414141414141414","0.6329113924050633","0.15","0.4444444444444444","0.4","0.37735849056603776","0.7019230769230769","0.4528301886792453","0.5555555555555556","0.1875","0.2345679012345679","0.3076923076923077","0.30666666666666664","0.08333333333333333","0.5581395348837209","0.08888888888888889","0.1794871794871795"
