"Overall","choose","compare","logical","query","verify"
"10.542216568611861","17.71479185119575","8.31918505942275","35.55185801442041","1.4401175606171932","15.008880994671403"
