"split","Overall","acc","precision","recall"
"Overall","72.44732576985412","77.33333333333333","92.35537190082644","59.599999999999994"
"random","73.64085667215815","78.66666666666666","96.33620689655173","59.599999999999994"
"popular","72.21324717285944","77.06666666666668","91.59836065573771","59.599999999999994"
"adversarial","71.52","76.26666666666667","89.4","59.599999999999994"
