"split","Overall","AR","CP","FP-C","FP-S","LR","RR","action_recognition","attribute_comparison","attribute_recognition","celebrity_recognition","function_reasoning","future_prediction","identity_reasoning","image_emotion","image_quality","image_scene","image_style","image_topic","nature_relation","object_localization","ocr","physical_property_reasoning","physical_relation","social_relation","spatial_relationship","structuralized_imagetext_understanding"
"dev","0.5532646048109966","0.6331658291457286","0.6993243243243243","0.4825174825174825","0.5460750853242321","0.2288135593220339","0.4782608695652174","0.7407407407407407","0.5","0.7432432432432432","0.5353535353535354","0.7341772151898734","0.225","0.9333333333333333","0.62","0.4716981132075472","0.9230769230769231","0.5471698113207547","0.7222222222222222","0.3333333333333333","0.35802469135802467","0.5897435897435898","0.3466666666666667","0.25","0.7674418604651163","0.15555555555555556","0.23076923076923078"
