"split","Overall","Instance Attributes","Instance Identity","Instance Interaction","Instance Location","Instances Counting","Scene Understanding","Spatial Relation","Text Understanding","Visual Reasoning"
"none","0.6358206857785272","0.6743385674338568","0.6482796286182414","0.5876288659793815","0.5501022494887525","0.5328974254188803","0.7124762507916402","0.4581430745814307","0.5833333333333334","0.6888217522658611"
