"split","Overall","acc","precision","recall"
"Overall","78.99396894649044","81.81111111111112","93.47099908897661","68.4"
"adversarial","78.11191473163305","80.83333333333333","91.03815439219166","68.4"
"popular","78.92307692307693","81.73333333333333","93.27272727272728","68.4"
"random","79.96882307092753","82.86666666666666","96.24765478424015","68.4"
