"Overall","choose","compare","logical","query","verify"
"8.475115280648751","14.348981399468554","2.037351443123939","29.83915696062119","1.1462160176340925","12.25577264653641"
