"split","Overall","acc","precision","recall"
"Overall","67.75398406374502","71.22222222222221","77.03850509626274","60.46666666666667"
"popular","66.42255584035152","69.43333333333334","73.67993501218521","60.46666666666667"
"random","71.699604743083","76.13333333333333","88.05825242718447","60.46666666666667"
"adversarial","65.46373150487189","68.10000000000001","71.36113296616837","60.46666666666667"
