"split","Overall","AR","CP","FP-C","FP-S","LR","RR","action_recognition","attribute_comparison","attribute_recognition","celebrity_recognition","function_reasoning","future_prediction","identity_reasoning","image_emotion","image_quality","image_scene","image_style","image_topic","nature_relation","object_localization","ocr","physical_property_reasoning","physical_relation","social_relation","spatial_relationship","structuralized_imagetext_understanding"
"dev","0.35137457044673537","0.4120603015075377","0.43243243243243246","0.46153846153846156","0.3720136518771331","0.1016949152542373","0.10434782608695652","0.6296296296296297","0.36363636363636365","0.5135135135135135","0.2222222222222222","0.5443037974683544","0.15","0.7111111111111111","0.4","0.11320754716981132","0.5769230769230769","0.33962264150943394","0.6666666666666666","0.10416666666666667","0.2962962962962963","0.6410256410256411","0.09333333333333334","0.125","0.09302325581395349","0.35555555555555557","0.07692307692307693"
