"Overall","choose","compare","logical","query","verify"
"44.57783431388138","69.53055801594331","57.38539898132428","67.66500277315585","25.745775165319618","67.14031971580818"
