"split","Overall","Instance Attributes","Instance Identity","Instance Interaction","Instance Location","Instances Counting","Scene Understanding","Spatial Relation","Text Understanding","Visual Reasoning"
"none","0.5100477796514896","0.5476446547644654","0.4904423812124522","0.4948453608247423","0.5020449897750511","0.47078054760931753","0.5161494616846105","0.517503805175038","0.5833333333333334","0.31722054380664655"
