"split","Overall","AR","CP","FP-C","FP-S","LR","RR","action_recognition","attribute_comparison","attribute_recognition","celebrity_recognition","function_reasoning","future_prediction","identity_reasoning","image_emotion","image_quality","image_scene","image_style","image_topic","nature_relation","object_localization","ocr","physical_property_reasoning","physical_relation","social_relation","spatial_relationship","structuralized_imagetext_understanding"
"dev","0.7414089347079038","0.8140703517587939","0.8513513513513513","0.6433566433566433","0.7747440273037542","0.3813559322033898","0.7391304347826086","0.9074074074074074","0.7045454545454546","0.9324324324324325","0.8080808080808081","0.8860759493670886","0.425","0.9777777777777777","0.72","0.6981132075471698","0.9615384615384616","0.9245283018867925","0.8333333333333334","0.625","0.654320987654321","0.6410256410256411","0.64","0.7083333333333334","0.8837209302325582","0.26666666666666666","0.358974358974359"
