"Overall","choose","compare","logical","query","verify"
"44.30752106853236","54.738706820194864","39.38879456706282","61.56405990016639","35.72373254959589","52.48667850799289"
