"split","Overall","acc","precision","recall"
"Overall","85.6438549125484","86.41111111111111","90.76884797213238","81.06666666666666"
"adversarial","83.20218953130345","83.63333333333334","85.45326774420239","81.06666666666666"
"popular","85.5434400281393","86.3","90.54355919583023","81.06666666666666"
"random","88.33999273519795","89.3","97.04708699122106","81.06666666666666"
