"split","Overall","Instance Attributes","Instance Identity","Instance Interaction","Instance Location","Instances Counting","Scene Understanding","Spatial Relation","Text Understanding","Visual Reasoning"
"none","0.7166947723440135","0.7390836739083674","0.7334789732386674","0.711340206185567","0.6687116564417178","0.6514098896608091","0.7694743508549715","0.5418569254185692","0.7738095238095238","0.7643504531722054"
