"split","Overall","Instance Attributes","Instance Identity","Instance Interaction","Instance Location","Instances Counting","Scene Understanding","Spatial Relation","Text Understanding","Visual Reasoning"
"none","0.5483417650365374","0.6136803613680362","0.5543418896777718","0.5979381443298969","0.5122699386503068","0.4985696771557009","0.5174160861304623","0.547945205479452","0.6666666666666666","0.32326283987915405"
