"split","Overall","acc","precision","recall"
"Overall","67.85524215007983","73.15555555555555","84.54907161803713","56.666666666666664"
"adversarial","65.94259115593484","70.73333333333333","78.84972170686456","56.666666666666664"
"popular","67.22024515618821","72.36666666666667","82.6044703595724","56.666666666666664"
"random","70.56870070568701","76.36666666666667","93.50935093509351","56.666666666666664"
