"split","Overall","AR","CP","FP-C","FP-S","LR","RR","action_recognition","attribute_comparison","attribute_recognition","celebrity_recognition","function_reasoning","future_prediction","identity_reasoning","image_emotion","image_quality","image_scene","image_style","image_topic","nature_relation","object_localization","ocr","physical_property_reasoning","physical_relation","social_relation","spatial_relationship","structuralized_imagetext_understanding"
"dev","0.43986254295532645","0.4371859296482412","0.5506756756756757","0.5804195804195804","0.4812286689419795","0.11864406779661017","0.20869565217391303","0.7407407407407407","0.5454545454545454","0.7297297297297297","0.36363636363636365","0.5949367088607594","0.2","0.7333333333333333","0.64","0.1320754716981132","0.7211538461538461","0.4528301886792453","0.6944444444444444","0.10416666666666667","0.345679012345679","0.5897435897435898","0.09333333333333334","0.20833333333333334","0.32558139534883723","0.4222222222222222","0.07692307692307693"
