"Overall","choose","compare","logical","query","verify"
"47.463825727460645","75.11071744906998","59.08319185059423","68.38602329450914","29.963262307127113","66.69626998223801"
