"perception","reasoning","OCR","artwork","celebrity","code_reasoning","color","commonsense_reasoning","count","existence","landmark","numerical_calculation","position","posters","scene","text_translation"
"1246.6459583833534","463.92857142857144","145.0","105.75","95.88235294117646","85.0","141.66666666666666","136.42857142857144","116.66666666666666","143.33333333333331","122.25","87.5","103.33333333333333","134.01360544217687","138.75","155.0"
