"Overall","choose","compare","logical","query","verify"
"10.025441246621085","17.62621789193977","5.263157894736842","34.498058790904054","1.351947097722263","14.076376554174066"
