"split","Overall","Instance Attributes","Instance Identity","Instance Interaction","Instance Location","Instances Counting","Scene Understanding","Spatial Relation","Text Understanding","Visual Reasoning"
"none","0.6538785834738617","0.6956334695633469","0.6744948115783724","0.5670103092783505","0.5685071574642127","0.5406620351450756","0.7317922735908803","0.4672754946727549","0.5714285714285714","0.716012084592145"
