"Overall","choose","compare","logical","query","verify"
"41.175067578311335","55.89016829052259","49.57555178268252","62.06322795341098","25.02571638501102","63.676731793960926"
