"split","Overall","AR","CP","FP-C","FP-S","LR","RR","action_recognition","attribute_comparison","attribute_recognition","celebrity_recognition","function_reasoning","future_prediction","identity_reasoning","image_emotion","image_quality","image_scene","image_style","image_topic","nature_relation","object_localization","ocr","physical_property_reasoning","physical_relation","social_relation","spatial_relationship","structuralized_imagetext_understanding"
"dev","0.6108247422680413","0.7286432160804021","0.706081081081081","0.48951048951048953","0.5733788395904437","0.4915254237288136","0.5304347826086957","0.6481481481481481","0.5909090909090909","0.7432432432432432","0.5353535353535354","0.7468354430379747","0.35","0.8888888888888888","0.6","0.660377358490566","0.8365384615384616","0.49056603773584906","0.8611111111111112","0.4583333333333333","0.41975308641975306","0.6666666666666666","0.6133333333333333","0.5","0.627906976744186","0.2","0.5641025641025641"
