"split","Overall","Instance Attributes","Instance Identity","Instance Interaction","Instance Location","Instances Counting","Scene Understanding","Spatial Relation","Text Understanding","Visual Reasoning"
"none","0.5789769533445756","0.5736717573671757","0.5794647733478974","0.5876288659793815","0.48773006134969327","0.5190028606456886","0.668777707409753","0.4748858447488584","0.7023809523809523","0.6797583081570997"
