"split","Overall","acc","precision","recall"
"Overall","77.05263157894737","78.2","81.33333333333333","73.2"
"random","80.49853372434018","82.26666666666667","89.41368078175896","73.2"
"adversarial","74.16413373860183","74.5","75.15400410677618","73.2"
"popular","76.75637888850054","77.83333333333333","80.67597354886114","73.2"
