"split","Overall","Instance Attributes","Instance Identity","Instance Interaction","Instance Location","Instances Counting","Scene Understanding","Spatial Relation","Text Understanding","Visual Reasoning"
"none","0.6978639685216413","0.7205850720585072","0.7028945931185144","0.711340206185567","0.6411042944785276","0.6244380874540253","0.7574414186193793","0.5449010654490106","0.8214285714285714","0.7613293051359517"
