"Overall","choose","compare","logical","query","verify"
"42.82874860868183","52.79007971656333","39.21901528013582","60.12201885745979","33.725202057310796","52.44227353463587"
