"split","Overall","acc","precision","recall"
"Overall","83.77114069809284","84.96666666666667","91.0086004691165","77.60000000000001"
"popular","83.8918918918919","85.1","91.29411764705883","77.60000000000001"
"adversarial","81.56972669936931","82.46666666666667","85.96750369276218","77.60000000000001"
"random","85.9675036927622","87.33333333333333","96.35761589403974","77.60000000000001"
