"split","Overall","AR","CP","FP-C","FP-S","LR","RR","action_recognition","attribute_comparison","attribute_recognition","celebrity_recognition","function_reasoning","future_prediction","identity_reasoning","image_emotion","image_quality","image_scene","image_style","image_topic","nature_relation","object_localization","ocr","physical_property_reasoning","physical_relation","social_relation","spatial_relationship","structuralized_imagetext_understanding"
"dev","0.7079037800687286","0.8040201005025126","0.8040540540540541","0.5804195804195804","0.7440273037542662","0.3559322033898305","0.7217391304347827","0.8148148148148148","0.6818181818181818","0.8918918918918919","0.7676767676767676","0.8860759493670886","0.45","0.8666666666666667","0.64","0.660377358490566","0.9519230769230769","0.8113207547169812","0.8055555555555556","0.625","0.6172839506172839","0.6666666666666666","0.68","0.6666666666666666","0.8604651162790697","0.2","0.3076923076923077"
