"Overall","choose","compare","logical","query","verify"
"51.92399427571951","68.11337466784765","63.1578947368421","74.59789240155297","35.29757531227039","72.95737122557726"
