"split","Overall","acc","precision","recall"
"Overall","86.33640552995392","86.82222222222222","89.64114832535886","83.26666666666667"
"random","89.4699140401146","90.2","96.671826625387","83.26666666666667"
"popular","86.10823853843502","86.56666666666666","89.15060670949322","83.26666666666667"
"adversarial","83.62905925677937","83.7","83.9946200403497","83.26666666666667"
