"split","Overall","AR","CP","FP-C","FP-S","LR","RR","action_recognition","attribute_comparison","attribute_recognition","celebrity_recognition","function_reasoning","future_prediction","identity_reasoning","image_emotion","image_quality","image_scene","image_style","image_topic","nature_relation","object_localization","ocr","physical_property_reasoning","physical_relation","social_relation","spatial_relationship","structuralized_imagetext_understanding"
"dev","0.7989690721649485","0.8341708542713567","0.8412162162162162","0.6853146853146853","0.8191126279863481","0.7457627118644068","0.7739130434782608","0.8703703703703703","0.7045454545454546","0.918918918918919","0.8484848484848485","0.8734177215189873","0.65","0.9777777777777777","0.8","0.6981132075471698","0.9711538461538461","0.7358490566037735","0.8888888888888888","0.6875","0.6296296296296297","0.9487179487179487","0.7066666666666667","0.7916666666666666","0.8604651162790697","0.4444444444444444","0.7948717948717948"
