"split","Overall","Instance Attributes","Instance Identity","Instance Interaction","Instance Location","Instances Counting","Scene Understanding","Spatial Relation","Text Understanding","Visual Reasoning"
"none","0.7214024732996065","0.7339212733921273","0.7296559257236482","0.7422680412371134","0.6666666666666666","0.6505925623212097","0.7773907536415453","0.6316590563165906","0.8214285714285714","0.797583081570997"
