"split","Overall","AR","CP","FP-C","FP-S","LR","RR","action_recognition","attribute_comparison","attribute_recognition","celebrity_recognition","function_reasoning","future_prediction","identity_reasoning","image_emotion","image_quality","image_scene","image_style","image_topic","nature_relation","object_localization","ocr","physical_property_reasoning","physical_relation","social_relation","spatial_relationship","structuralized_imagetext_understanding"
"dev","0.6993127147766323","0.7085427135678392","0.793918918918919","0.6573426573426573","0.6757679180887372","0.576271186440678","0.6782608695652174","0.8333333333333334","0.5681818181818182","0.7837837837837838","0.7373737373737373","0.8354430379746836","0.525","0.9777777777777777","0.66","0.7735849056603774","0.9326923076923077","0.6226415094339622","0.8611111111111112","0.6041666666666666","0.4691358024691358","0.7435897435897436","0.41333333333333333","0.5833333333333334","0.813953488372093","0.5333333333333333","0.6025641025641025"
