"split","Overall","acc","precision","recall"
"Overall","73.50785340314137","77.5111111111111","89.4267515923567","62.4"
"adversarial","71.69666794331674","75.36666666666667","84.24842484248425","62.4"
"random","75.94320486815415","80.23333333333333","96.99481865284974","62.4"
"popular","73.01092043681747","76.93333333333334","87.96992481203007","62.4"
