"split","Overall","acc","precision","recall"
"Overall","70.96161670961617","76.21111111111111","91.0546467107553","58.13333333333334"
"popular","70.89430894308943","76.13333333333333","90.83333333333333","58.13333333333334"
"adversarial","69.50976484655243","74.5","86.42220019821606","58.13333333333334"
"random","72.54575707154743","78.0","96.46017699115043","58.13333333333334"
