"Overall","choose","compare","logical","query","verify"
"52.146605183654","77.85651018600531","61.29032258064516","70.27176927343316","35.59147685525349","72.38010657193605"
