"split","Overall","Instance Attributes","Instance Identity","Instance Interaction","Instance Location","Instances Counting","Scene Understanding","Spatial Relation","Text Understanding","Visual Reasoning"
"none","0.6445334457560428","0.6564852656485266","0.645002730748225","0.6907216494845361","0.5961145194274029","0.5570085819370658","0.7121595946801773","0.5753424657534246","0.7261904761904762","0.7220543806646526"
