"split","Overall","AR","CP","FP-C","FP-S","LR","RR","action_recognition","attribute_comparison","attribute_recognition","celebrity_recognition","function_reasoning","future_prediction","identity_reasoning","image_emotion","image_quality","image_scene","image_style","image_topic","nature_relation","object_localization","ocr","physical_property_reasoning","physical_relation","social_relation","spatial_relationship","structuralized_imagetext_understanding"
"dev","0.5463917525773195","0.6582914572864321","0.6385135135135135","0.4755244755244755","0.49146757679180886","0.3898305084745763","0.5043478260869565","0.7407407407407407","0.4318181818181818","0.5945945945945946","0.5656565656565656","0.7848101265822784","0.375","0.5333333333333333","0.4","0.6415094339622641","0.7403846153846154","0.6037735849056604","0.7222222222222222","0.2708333333333333","0.37037037037037035","0.358974358974359","0.6","0.5833333333333334","0.7209302325581395","0.2","0.3974358974358974"
