"split","Overall","Instance Attributes","Instance Identity","Instance Interaction","Instance Location","Instances Counting","Scene Understanding","Spatial Relation","Text Understanding","Visual Reasoning"
"none","0.7005340078695896","0.7676919767691976","0.7367558711086838","0.6907216494845361","0.7085889570552147","0.6812423375561912","0.6390120329322356","0.6377473363774734","0.7023809523809523","0.38972809667673713"
