"split","Overall","AR","CP","FP-C","FP-S","LR","RR","action_recognition","attribute_comparison","attribute_recognition","celebrity_recognition","function_reasoning","future_prediction","identity_reasoning","image_emotion","image_quality","image_scene","image_style","image_topic","nature_relation","object_localization","ocr","physical_property_reasoning","physical_relation","social_relation","spatial_relationship","structuralized_imagetext_understanding"
"dev","0.595360824742268","0.5376884422110553","0.7432432432432432","0.7132867132867133","0.6962457337883959","0.1694915254237288","0.34782608695652173","0.9259259259259259","0.5227272727272727","0.8918918918918919","0.6464646464646465","0.7468354430379747","0.275","0.9333333333333333","0.82","0.1320754716981132","0.8942307692307693","0.8867924528301887","0.8888888888888888","0.14583333333333334","0.5679012345679012","0.717948717948718","0.08","0.3333333333333333","0.5813953488372093","0.6444444444444445","0.11538461538461539"
