"Overall","choose","compare","logical","query","verify"
"59.643822547304815","86.62533215234721","63.66723259762309","78.75762617859124","42.116091109478326","82.72646536412078"
