"Overall","choose","compare","logical","query","verify"
"52.234059468913976","77.94508414526129","55.68760611205433","71.54742096505824","34.79794268919912","75.66607460035524"
