"split","Overall","acc","precision","recall"
"Overall","84.62734776887187","85.72222222222223","91.65586939621664","78.60000000000001"
"popular","84.91177529708318","86.03333333333333","92.3257635082224","78.60000000000001"
"adversarial","82.10306406685235","82.86666666666666","85.932944606414","78.60000000000001"
"random","87.01107011070111","88.26666666666667","97.43801652892562","78.60000000000001"
