"split","Overall","Instance Attributes","Instance Identity","Instance Interaction","Instance Location","Instances Counting","Scene Understanding","Spatial Relation","Text Understanding","Visual Reasoning"
"none","0.6826166385609893","0.704667670466767","0.7105406881485528","0.7010309278350515","0.6002044989775052","0.5978749489170413","0.7507916402786574","0.5312024353120244","0.7261904761904762","0.7220543806646526"
