"split","Overall","AR","CP","FP-C","FP-S","LR","RR","action_recognition","attribute_comparison","attribute_recognition","celebrity_recognition","function_reasoning","future_prediction","identity_reasoning","image_emotion","image_quality","image_scene","image_style","image_topic","nature_relation","object_localization","ocr","physical_property_reasoning","physical_relation","social_relation","spatial_relationship","structuralized_imagetext_understanding"
"dev","0.6804123711340206","0.7738693467336684","0.8277027027027027","0.5104895104895105","0.726962457337884","0.3305084745762712","0.591304347826087","0.9074074074074074","0.3181818181818182","0.8918918918918919","0.7070707070707071","0.8734177215189873","0.3","0.9555555555555556","0.78","0.660377358490566","0.9615384615384616","0.7547169811320755","0.8611111111111112","0.3958333333333333","0.654320987654321","0.6153846153846154","0.56","0.5416666666666666","0.8372093023255814","0.2222222222222222","0.34615384615384615"
