"Overall","choose","compare","logical","query","verify"
"53.64127842264271","77.59078830823738","55.34804753820034","72.3793677204659","37.119764878765615","76.1101243339254"
