"split","Overall","Instance Attributes","Instance Identity","Instance Interaction","Instance Location","Instances Counting","Scene Understanding","Spatial Relation","Text Understanding","Visual Reasoning"
"none","0.6933670601461496","0.7137018713701871","0.7291097760786456","0.7422680412371134","0.6155419222903885","0.6146301593788313","0.7536415452818239","0.5312024353120244","0.7857142857142857","0.7311178247734139"
