"split","Overall","acc","precision","recall"
"Overall","86.61823295055073","87.3111111111111","91.62121963311849","82.13333333333334"
"popular","86.88293370944993","87.6","92.21556886227546","82.13333333333334"
"random","89.14616497829233","90.0","97.46835443037975","82.13333333333334"
"adversarial","83.98091342876619","84.33333333333334","85.91352859135286","82.13333333333334"
