"split","Overall","AR","CP","FP-C","FP-S","LR","RR","action_recognition","attribute_comparison","attribute_recognition","celebrity_recognition","function_reasoning","future_prediction","identity_reasoning","image_emotion","image_quality","image_scene","image_style","image_topic","nature_relation","object_localization","ocr","physical_property_reasoning","physical_relation","social_relation","spatial_relationship","structuralized_imagetext_understanding"
"dev","0.6804123711340206","0.7638190954773869","0.831081081081081","0.5174825174825175","0.7133105802047781","0.3220338983050847","0.6347826086956522","0.9259259259259259","0.3409090909090909","0.8918918918918919","0.7070707070707071","0.8354430379746836","0.25","0.9555555555555556","0.8","0.6792452830188679","0.9711538461538461","0.7358490566037735","0.8333333333333334","0.4375","0.6296296296296297","0.5641025641025641","0.5733333333333334","0.625","0.8604651162790697","0.2","0.358974358974359"
