"split","Overall","acc","precision","recall"
"Overall","75.72317832295863","77.9","83.99675060926076","68.93333333333334"
"random","78.66108786610879","81.3","91.58547387068202","68.93333333333334"
"adversarial","73.411430599929","75.03333333333333","78.51176917236143","68.93333333333334"
"popular","75.28212595558792","77.36666666666666","82.91900561347234","68.93333333333334"
