"split","Overall","Instance Attributes","Instance Identity","Instance Interaction","Instance Location","Instances Counting","Scene Understanding","Spatial Relation","Text Understanding","Visual Reasoning"
"none","0.596964586846543","0.6205635620563562","0.5980338612779902","0.6701030927835051","0.5368098159509203","0.5153248876174908","0.6545281823939202","0.4779299847792998","0.7142857142857143","0.676737160120846"
