"Overall","choose","compare","logical","query","verify"
"41.80314835426936","58.54738706820195","45.67062818336163","59.51192457016084","28.37619397501837","58.792184724689164"
