"split","Overall","AR","CP","FP-C","FP-S","LR","RR","action_recognition","attribute_comparison","attribute_recognition","celebrity_recognition","function_reasoning","future_prediction","identity_reasoning","image_emotion","image_quality","image_scene","image_style","image_topic","nature_relation","object_localization","ocr","physical_property_reasoning","physical_relation","social_relation","spatial_relationship","structuralized_imagetext_understanding"
"dev","0.6151202749140894","0.7035175879396985","0.7128378378378378","0.5874125874125874","0.6245733788395904","0.3135593220338983","0.5304347826086957","0.7592592592592593","0.7272727272727273","0.8378378378378378","0.6262626262626263","0.7721518987341772","0.35","0.8","0.58","0.6792452830188679","0.8942307692307693","0.49056603773584906","0.75","0.375","0.4691358024691358","0.5384615384615384","0.5733333333333334","0.5416666666666666","0.6976744186046512","0.24444444444444444","0.2948717948717949"
