"split","Overall","Instance Attributes","Instance Identity","Instance Interaction","Instance Location","Instances Counting","Scene Understanding","Spatial Relation","Text Understanding","Visual Reasoning"
"none","0.6767144463181562","0.7098300709830071","0.671217913708356","0.6701030927835051","0.6175869120654397","0.5778504290968532","0.7498416719442685","0.558599695585997","0.5952380952380952","0.7069486404833837"
