"Overall","choose","compare","logical","query","verify"
"9.572269041183018","8.237378210806023","5.772495755517826","23.62728785357737","5.495958853783982","12.300177619893429"
