"split","Overall","AR","CP","FP-C","FP-S","LR","RR","action_recognition","attribute_comparison","attribute_recognition","celebrity_recognition","function_reasoning","future_prediction","identity_reasoning","image_emotion","image_quality","image_scene","image_style","image_topic","nature_relation","object_localization","ocr","physical_property_reasoning","physical_relation","social_relation","spatial_relationship","structuralized_imagetext_understanding"
"dev","0.5902061855670103","0.6683417085427136","0.7533783783783784","0.42657342657342656","0.6040955631399317","0.211864406779661","0.591304347826087","0.8148148148148148","0.22727272727272727","0.8783783783783784","0.6666666666666666","0.6962025316455697","0.175","0.9333333333333333","0.66","0.5471698113207547","0.9038461538461539","0.7924528301886793","0.6944444444444444","0.375","0.35802469135802467","0.4358974358974359","0.48","0.6666666666666666","0.7906976744186046","0.15555555555555556","0.23076923076923078"
