"split","Overall","acc","precision","recall"
"Overall","71.77396682597694","77.68888888888888","97.6664116296863","56.733333333333334"
"random","72.30246389124893","78.26666666666667","99.64871194379391","56.733333333333334"
"popular","71.75379426644183","77.66666666666666","97.59174311926606","56.733333333333334"
"adversarial","71.27303182579566","77.13333333333333","95.83333333333334","56.733333333333334"
