"split","Overall","acc","precision","recall"
"Overall","80.39059838764618","80.81111111111112","82.1917808219178","78.66666666666666"
"random","84.70926058865757","85.8","91.75738724727839","78.66666666666666"
"adversarial","77.19986915276414","76.76666666666667","75.78676942838793","78.66666666666666"
"popular","79.62213225371121","79.86666666666666","80.60109289617486","78.66666666666666"
