"split","Overall","AR","CP","FP-C","FP-S","LR","RR","action_recognition","attribute_comparison","attribute_recognition","celebrity_recognition","function_reasoning","future_prediction","identity_reasoning","image_emotion","image_quality","image_scene","image_style","image_topic","nature_relation","object_localization","ocr","physical_property_reasoning","physical_relation","social_relation","spatial_relationship","structuralized_imagetext_understanding"
"dev","0.6589347079037801","0.7788944723618091","0.7364864864864865","0.5314685314685315","0.6416382252559727","0.5254237288135594","0.591304347826087","0.7037037037037037","0.7045454545454546","0.8378378378378378","0.6565656565656566","0.7721518987341772","0.425","0.9111111111111111","0.56","0.7924528301886793","0.8942307692307693","0.5471698113207547","0.7222222222222222","0.5625","0.43209876543209874","0.6666666666666666","0.7066666666666667","0.4166666666666667","0.7209302325581395","0.15555555555555556","0.5769230769230769"
