"Overall","choose","compare","logical","query","verify"
"52.154555573223085","77.14791851195749","55.34804753820034","71.76927343316694","34.6069066862601","76.1101243339254"
