"split","Overall","Instance Attributes","Instance Identity","Instance Interaction","Instance Location","Instances Counting","Scene Understanding","Spatial Relation","Text Understanding","Visual Reasoning"
"none","0.6957560427206295","0.7208001720800172","0.7373020207536866","0.7319587628865979","0.5971370143149284","0.6093175316714344","0.759974667511083","0.528158295281583","0.7738095238095238","0.7341389728096677"
