"split","Overall","AR","CP","FP-C","FP-S","LR","RR","action_recognition","attribute_comparison","attribute_recognition","celebrity_recognition","function_reasoning","future_prediction","identity_reasoning","image_emotion","image_quality","image_scene","image_style","image_topic","nature_relation","object_localization","ocr","physical_property_reasoning","physical_relation","social_relation","spatial_relationship","structuralized_imagetext_understanding"
"dev","0.7190721649484536","0.8190954773869347","0.8513513513513513","0.5104895104895105","0.764505119453925","0.4322033898305085","0.6434782608695652","0.9259259259259259","0.36363636363636365","0.9459459459459459","0.797979797979798","0.8734177215189873","0.325","0.9777777777777777","0.86","0.6792452830188679","0.9807692307692307","0.7358490566037735","0.8888888888888888","0.4791666666666667","0.6049382716049383","0.6666666666666666","0.6666666666666666","0.5833333333333334","0.8604651162790697","0.15555555555555556","0.48717948717948717"
