"split","Overall","acc","precision","recall"
"Overall","87.53204381263109","88.1111111111111","92.01371876531113","83.46666666666667"
"adversarial","85.112168592794","85.39999999999999","86.82385575589458","83.46666666666667"
"popular","87.61371588523443","88.2","92.19440353460972","83.46666666666667"
"random","90.00718907260963","90.73333333333333","97.65990639625585","83.46666666666667"
