"split","Overall","acc","precision","recall"
"Overall","86.51399491094148","87.63333333333333","95.12390087929657","79.33333333333333"
"adversarial","85.1520572450805","86.16666666666667","91.8918918918919","79.33333333333333"
"random","87.8877400295421","89.06666666666668","98.50993377483444","79.33333333333333"
"popular","86.54545454545453","87.66666666666667","95.19999999999999","79.33333333333333"
