"Overall","choose","compare","logical","query","verify"
"51.065352202257905","78.47652790079717","60.611205432937176","71.04825291181365","33.8574577516532","70.82593250444049"
