"split","Overall","Instance Attributes","Instance Identity","Instance Interaction","Instance Location","Instances Counting","Scene Understanding","Spatial Relation","Text Understanding","Visual Reasoning"
"none","0.5978780213603148","0.6547644654764465","0.6007646095030038","0.5567010309278351","0.5746421267893661","0.5427053534940743","0.5892970234325523","0.5844748858447488","0.6785714285714286","0.3595166163141994"
