"Overall","choose","compare","logical","query","verify"
"48.17936078867864","70.68201948627105","55.178268251273344","63.117027176927344","31.21234386480529","74.37833037300177"
