"split","Overall","acc","precision","recall"
"Overall","82.32077041968851","83.47777777777777","88.51956021477882","76.93333333333334"
"adversarial","79.75120939875605","80.46666666666667","82.78335724533716","76.93333333333334"
"popular","83.02158273381296","84.26666666666667","90.15625","76.93333333333334"
"random","84.32590427475338","85.7","93.29021827000808","76.93333333333334"
