"split","Overall","Instance Attributes","Instance Identity","Instance Interaction","Instance Location","Instances Counting","Scene Understanding","Spatial Relation","Text Understanding","Visual Reasoning"
"none","0.5070966835300731","0.5108625510862551","0.5647187329328236","0.6391752577319587","0.4703476482617587","0.3539027380465877","0.6193793540215327","0.4185692541856925","0.20238095238095238","0.5196374622356495"
