{
    "Bleu": [
        71.82497115909912,
        54.19660877293722,
        39.9692371083107,
        29.361417030421684
    ],
    "ROUGE_L": 51.077139668543836,
    "CIDEr": 83.08911174545693
}