"split","Overall","AR","CP","FP-C","FP-S","LR","RR","action_recognition","attribute_comparison","attribute_recognition","celebrity_recognition","function_reasoning","future_prediction","identity_reasoning","image_emotion","image_quality","image_scene","image_style","image_topic","nature_relation","object_localization","ocr","physical_property_reasoning","physical_relation","social_relation","spatial_relationship","structuralized_imagetext_understanding"
"dev","0.36683848797250856","0.35678391959798994","0.48986486486486486","0.3076923076923077","0.447098976109215","0.1271186440677966","0.1826086956521739","0.5185185185185185","0.22727272727272727","0.4864864864864865","0.7171717171717171","0.3037974683544304","0.175","0.6888888888888889","0.42","0.05660377358490566","0.75","0.39622641509433965","0.6111111111111112","0.16666666666666666","0.1111111111111111","0.38461538461538464","0.21333333333333335","0.125","0.23255813953488372","0.13333333333333333","0.10256410256410256"
