"split","Overall","Instance Attributes","Instance Identity","Instance Interaction","Instance Location","Instances Counting","Scene Understanding","Spatial Relation","Text Understanding","Visual Reasoning"
"none","0.6795952782462057","0.7158528715852872","0.6744948115783724","0.6597938144329897","0.6104294478527608","0.5831630568042501","0.752691576947435","0.547945205479452","0.5595238095238095","0.716012084592145"
