"split","Overall","AR","CP","FP-C","FP-S","LR","RR","action_recognition","attribute_comparison","attribute_recognition","celebrity_recognition","function_reasoning","future_prediction","identity_reasoning","image_emotion","image_quality","image_scene","image_style","image_topic","nature_relation","object_localization","ocr","physical_property_reasoning","physical_relation","social_relation","spatial_relationship","structuralized_imagetext_understanding"
"dev","0.5962199312714777","0.6331658291457286","0.7567567567567568","0.46153846153846156","0.6143344709897611","0.23728813559322035","0.6086956521739131","0.8703703703703703","0.29545454545454547","0.8783783783783784","0.6666666666666666","0.6582278481012658","0.175","0.9333333333333333","0.7","0.5471698113207547","0.9230769230769231","0.7547169811320755","0.6666666666666666","0.3958333333333333","0.37037037037037035","0.48717948717948717","0.4266666666666667","0.6666666666666666","0.813953488372093","0.13333333333333333","0.2692307692307692"
