"split","Overall","acc","precision","recall"
"Overall","72.31543624161074","78.0","97.51131221719457","57.46666666666667"
"popular","72.31543624161074","78.0","97.51131221719457","57.46666666666667"
"adversarial","71.74365376612568","77.36666666666666","95.45957918050941","57.46666666666667"
"random","72.89640591966173","78.63333333333333","99.65317919075144","57.46666666666667"
