"Overall","choose","compare","logical","query","verify"
"9.874383844808396","9.21169176262179","5.432937181663837","24.237382140876317","5.716385011021307","12.433392539964476"
