"split","Overall","AR","CP","FP-C","FP-S","LR","RR","action_recognition","attribute_comparison","attribute_recognition","celebrity_recognition","function_reasoning","future_prediction","identity_reasoning","image_emotion","image_quality","image_scene","image_style","image_topic","nature_relation","object_localization","ocr","physical_property_reasoning","physical_relation","social_relation","spatial_relationship","structuralized_imagetext_understanding"
"dev","0.47680412371134023","0.5477386934673367","0.6351351351351351","0.42657342657342656","0.4539249146757679","0.16101694915254236","0.391304347826087","0.6851851851851852","0.4318181818181818","0.6756756756756757","0.4444444444444444","0.6962025316455697","0.125","0.6888888888888889","0.48","0.4339622641509434","0.875","0.5283018867924528","0.6111111111111112","0.1875","0.2839506172839506","0.41025641025641024","0.30666666666666664","0.20833333333333334","0.7209302325581395","0.1111111111111111","0.1794871794871795"
