"Overall","choose","compare","logical","query","verify"
"10.884083320082684","17.980513728963686","9.507640067911714","36.882972823072656","1.2931667891256429","15.852575488454706"
