"split","Overall","Instance Attributes","Instance Identity","Instance Interaction","Instance Location","Instances Counting","Scene Understanding","Spatial Relation","Text Understanding","Visual Reasoning"
"none","0.6359612141652614","0.6788556678855668","0.6346258874931732","0.5773195876288659","0.549079754601227","0.5378013894564774","0.7108929702343255","0.4687975646879756","0.6309523809523809","0.6586102719033232"
