"split","Overall","acc","precision","recall"
"Overall","78.76747799067842","81.77777777777779","94.35483870967742","67.60000000000001"
"adversarial","77.88018433179724","80.80000000000001","91.84782608695652","67.60000000000001"
"popular","78.66563227307991","81.66666666666667","94.06307977736549","67.60000000000001"
"random","79.77970102281668","82.86666666666666","97.31285988483685","67.60000000000001"
