"split","Overall","Instance Attributes","Instance Identity","Instance Interaction","Instance Location","Instances Counting","Scene Understanding","Spatial Relation","Text Understanding","Visual Reasoning"
"none","0.5909218662169758","0.6493869649386965","0.602403058438012","0.6288659793814433","0.6053169734151329","0.5467919901920719","0.5554148195060165","0.5799086757990868","0.6666666666666666","0.3202416918429003"
