"split","Overall","acc","precision","recall"
"Overall","70.96948420199838","76.11111111111111","90.43358568479009","58.4"
"random","72.69709543568463","78.06666666666666","96.26373626373626","58.4"
"popular","70.9599027946537","76.1","90.40247678018576","58.4"
"adversarial","69.33122279382667","74.16666666666667","85.29698149951315","58.4"
