"split","Overall","AR","CP","FP-C","FP-S","LR","RR","action_recognition","attribute_comparison","attribute_recognition","celebrity_recognition","function_reasoning","future_prediction","identity_reasoning","image_emotion","image_quality","image_scene","image_style","image_topic","nature_relation","object_localization","ocr","physical_property_reasoning","physical_relation","social_relation","spatial_relationship","structuralized_imagetext_understanding"
"dev","0.3642611683848797","0.35175879396984927","0.5168918918918919","0.46853146853146854","0.3447098976109215","0.07627118644067797","0.20869565217391303","0.6481481481481481","0.38636363636363635","0.5675675675675675","0.2222222222222222","0.569620253164557","0.15","0.4888888888888889","0.44","0.16981132075471697","0.6923076923076923","0.4716981132075472","0.6944444444444444","0.041666666666666664","0.3333333333333333","0.2564102564102564","0.04","0.375","0.3023255813953488","0.3333333333333333","0.038461538461538464"
