"Overall","choose","compare","logical","query","verify"
"51.733184926061384","80.77945084145261","59.7623089983022","71.32556849694953","34.50404114621602","71.44760213143873"
