"Overall","choose","compare","logical","query","verify"
"51.947845444426775","77.32506643046945","56.36672325976231","71.04825291181365","35.07714915503307","73.75666074600356"
