"split","Overall","Instance Attributes","Instance Identity","Instance Interaction","Instance Location","Instances Counting","Scene Understanding","Spatial Relation","Text Understanding","Visual Reasoning"
"none","0.6722175379426644","0.6962787696278769","0.6985253959584926","0.711340206185567","0.5920245398773006","0.5843890478136494","0.740025332488917","0.5083713850837138","0.7380952380952381","0.7250755287009063"
