"split","Overall","acc","precision","recall"
"Overall","83.27759197324414","84.44444444444444","90.03099173553719","77.46666666666667"
"adversarial","80.52668052668052","81.26666666666667","83.83838383838383","77.46666666666667"
"random","86.10596517228603","87.5","96.9140950792327","77.46666666666667"
"popular","83.38715464657336","84.56666666666666","90.28749028749029","77.46666666666667"
