"split","Overall","AR","CP","FP-C","FP-S","LR","RR","action_recognition","attribute_comparison","attribute_recognition","celebrity_recognition","function_reasoning","future_prediction","identity_reasoning","image_emotion","image_quality","image_scene","image_style","image_topic","nature_relation","object_localization","ocr","physical_property_reasoning","physical_relation","social_relation","spatial_relationship","structuralized_imagetext_understanding"
"dev","0.6778350515463918","0.7738693467336684","0.8175675675675675","0.5244755244755245","0.689419795221843","0.4067796610169492","0.591304347826087","0.8148148148148148","0.45454545454545453","0.8513513513513513","0.7272727272727273","0.8481012658227848","0.325","0.9555555555555556","0.82","0.6981132075471698","0.9615384615384616","0.660377358490566","0.8055555555555556","0.375","0.5679012345679012","0.5384615384615384","0.5866666666666667","0.5833333333333334","0.8372093023255814","0.24444444444444444","0.44871794871794873"
