"split","Overall","AR","CP","FP-C","FP-S","LR","RR","action_recognition","attribute_comparison","attribute_recognition","celebrity_recognition","function_reasoning","future_prediction","identity_reasoning","image_emotion","image_quality","image_scene","image_style","image_topic","nature_relation","object_localization","ocr","physical_property_reasoning","physical_relation","social_relation","spatial_relationship","structuralized_imagetext_understanding"
"dev","0.7878006872852233","0.8391959798994975","0.831081081081081","0.6923076923076923","0.7918088737201365","0.7203389830508474","0.7652173913043478","0.8703703703703703","0.6590909090909091","0.9324324324324325","0.7676767676767676","0.8607594936708861","0.625","1.0","0.74","0.7169811320754716","0.9711538461538461","0.7169811320754716","0.8888888888888888","0.6666666666666666","0.6419753086419753","0.8974358974358975","0.72","0.8333333333333334","0.8372093023255814","0.5111111111111111","0.7692307692307693"
