"split","Overall","acc","precision","recall"
"Overall","83.84871550903901","84.91111111111111","90.19959058341863","78.33333333333333"
"random","86.65191740412979","87.93333333333334","96.94719471947195","78.33333333333333"
"popular","83.45170454545455","84.46666666666667","89.28571428571429","78.33333333333333"
"adversarial","81.59722222222223","82.33333333333334","85.14492753623189","78.33333333333333"
