"Overall","choose","compare","logical","query","verify"
"50.548576880267134","65.19043401240036","60.101867572156195","75.42983915696063","33.51947097722263","72.24689165186501"
