"split","Overall","Instance Attributes","Instance Identity","Instance Interaction","Instance Location","Instances Counting","Scene Understanding","Spatial Relation","Text Understanding","Visual Reasoning"
"none","0.7070685778527263","0.7192944719294472","0.7089022392135446","0.7319587628865979","0.6574642126789366","0.6354720065386187","0.7682077264091197","0.6164383561643836","0.7738095238095238","0.7734138972809668"
