"split","Overall","Instance Attributes","Instance Identity","Instance Interaction","Instance Location","Instances Counting","Scene Understanding","Spatial Relation","Text Understanding","Visual Reasoning"
"none","0.6867622259696459","0.7246719724671973","0.6968869470234844","0.6494845360824743","0.623721881390593","0.5798937474458521","0.7561747941735275","0.532724505327245","0.5714285714285714","0.7583081570996979"
