"Overall","choose","compare","logical","query","verify"
"6.9645412625218635","4.9601417183348095","4.584040747028863","17.082640044370493","4.099926524614254","9.147424511545294"
