"Overall","choose","compare","logical","query","verify"
"57.99014151693434","82.28520814880426","63.1578947368421","75.76261785912368","41.14621601763409","81.1278863232682"
