"split","Overall","Instance Attributes","Instance Identity","Instance Interaction","Instance Location","Instances Counting","Scene Understanding","Spatial Relation","Text Understanding","Visual Reasoning"
"none","0.7262507026419337","0.7474725747472575","0.752594210813763","0.7422680412371134","0.66359918200409","0.6579485083776052","0.7704243191893604","0.6164383561643836","0.7142857142857143","0.7673716012084593"
