"split","Overall","AR","CP","FP-C","FP-S","LR","RR","action_recognition","attribute_comparison","attribute_recognition","celebrity_recognition","function_reasoning","future_prediction","identity_reasoning","image_emotion","image_quality","image_scene","image_style","image_topic","nature_relation","object_localization","ocr","physical_property_reasoning","physical_relation","social_relation","spatial_relationship","structuralized_imagetext_understanding"
"dev","0.7551546391752577","0.8090452261306532","0.8513513513513513","0.6363636363636364","0.7815699658703071","0.5254237288135594","0.7304347826086957","0.8888888888888888","0.6363636363636364","0.918918918918919","0.9090909090909091","0.8860759493670886","0.45","0.9777777777777777","0.76","0.660377358490566","0.9807692307692307","0.8490566037735849","0.8888888888888888","0.6666666666666666","0.5185185185185185","0.7435897435897436","0.6266666666666667","0.5416666666666666","0.9069767441860465","0.3333333333333333","0.5641025641025641"
