"split","Overall","acc","precision","recall"
"Overall","82.70940277951672","84.65555555555555","94.72325781474046","73.4"
"popular","82.71975957926372","84.66666666666667","94.75043029259896","73.4"
"random","84.14214749713412","86.16666666666667","98.56759176365264","73.4"
"adversarial","81.31462333825702","83.13333333333334","91.14238410596026","73.4"
