"Overall","choose","compare","logical","query","verify"
"52.08300206710129","76.08503100088573","59.08319185059423","69.7171381031614","35.18001469507715","75.17761989342806"
