"split","Overall","acc","precision","recall"
"Overall","74.71579772638181","78.5","90.67554709800191","63.53333333333333"
"random","76.48475120385231","80.46666666666667","96.06854838709677","63.53333333333333"
"popular","74.5113369820172","78.26666666666667","90.07561436672968","63.53333333333333"
"adversarial","73.22320399538994","76.76666666666667","86.40072529465095","63.53333333333333"
