"split","Overall","Instance Attributes","Instance Identity","Instance Interaction","Instance Location","Instances Counting","Scene Understanding","Spatial Relation","Text Understanding","Visual Reasoning"
"none","0.6571810005621136","0.6799311679931168","0.6641179683233206","0.6804123711340206","0.6073619631901841","0.5647731916632611","0.7162761241291957","0.5601217656012176","0.6309523809523809","0.7583081570996979"
