"split","Overall","AR","CP","FP-C","FP-S","LR","RR","action_recognition","attribute_comparison","attribute_recognition","celebrity_recognition","function_reasoning","future_prediction","identity_reasoning","image_emotion","image_quality","image_scene","image_style","image_topic","nature_relation","object_localization","ocr","physical_property_reasoning","physical_relation","social_relation","spatial_relationship","structuralized_imagetext_understanding"
"dev","0.6718213058419243","0.7788944723618091","0.7533783783783784","0.5384615384615384","0.6723549488054608","0.4745762711864407","0.6434782608695652","0.7222222222222222","0.5909090909090909","0.7702702702702703","0.8080808080808081","0.8227848101265823","0.5","0.9333333333333333","0.56","0.6415094339622641","0.9038461538461539","0.7169811320754716","0.8055555555555556","0.5416666666666666","0.41975308641975306","0.6666666666666666","0.64","0.4166666666666667","0.8837209302325582","0.26666666666666666","0.46153846153846156"
