"split","Overall","AR","CP","FP-C","FP-S","LR","RR","action_recognition","attribute_comparison","attribute_recognition","celebrity_recognition","function_reasoning","future_prediction","identity_reasoning","image_emotion","image_quality","image_scene","image_style","image_topic","nature_relation","object_localization","ocr","physical_property_reasoning","physical_relation","social_relation","spatial_relationship","structuralized_imagetext_understanding"
"dev","0.5008591065292096","0.5979899497487438","0.6486486486486487","0.40559440559440557","0.49146757679180886","0.22033898305084745","0.3826086956521739","0.6296296296296297","0.4090909090909091","0.6891891891891891","0.48484848484848486","0.6962025316455697","0.2","0.8666666666666667","0.58","0.49056603773584906","0.875","0.41509433962264153","0.6666666666666666","0.3125","0.2962962962962963","0.5384615384615384","0.3333333333333333","0.16666666666666666","0.5813953488372093","0.13333333333333333","0.23076923076923078"
