"split","Overall","acc","precision","recall"
"Overall","78.47579814624098","81.42222222222222","93.26805385556915","67.73333333333333"
"random","79.62382445141067","82.66666666666667","96.57794676806084","67.73333333333333"
"adversarial","77.38004569687737","80.2","90.23090586145648","67.73333333333333"
"popular","78.45559845559845","81.39999999999999","93.21100917431193","67.73333333333333"
