"Overall","choose","compare","logical","query","verify"
"8.49101605978693","8.325952170062003","5.772495755517826","21.29783693843594","4.819985304922851","10.124333925399645"
