"split","Overall","AR","CP","FP-C","FP-S","LR","RR","action_recognition","attribute_comparison","attribute_recognition","celebrity_recognition","function_reasoning","future_prediction","identity_reasoning","image_emotion","image_quality","image_scene","image_style","image_topic","nature_relation","object_localization","ocr","physical_property_reasoning","physical_relation","social_relation","spatial_relationship","structuralized_imagetext_understanding"
"dev","0.5738831615120275","0.628140703517588","0.706081081081081","0.46853146853146854","0.590443686006826","0.22033898305084745","0.591304347826087","0.7962962962962963","0.4090909090909091","0.8648648648648649","0.6161616161616161","0.6708860759493671","0.175","0.9333333333333333","0.58","0.5849056603773585","0.8942307692307693","0.6415094339622641","0.6111111111111112","0.3541666666666667","0.345679012345679","0.5128205128205128","0.4","0.7083333333333334","0.7906976744186046","0.13333333333333333","0.24358974358974358"
