"split","Overall","acc","precision","recall"
"Overall","70.56320045396511","76.94444444444444","97.56767359748922","55.266666666666666"
"random","71.06729532790398","77.5","99.51980792316927","55.266666666666666"
"popular","70.49319727891155","76.86666666666667","97.30046948356808","55.266666666666666"
"adversarial","70.13536379018612","76.46666666666667","95.94907407407408","55.266666666666666"
