"split","Overall","Instance Attributes","Instance Identity","Instance Interaction","Instance Location","Instances Counting","Scene Understanding","Spatial Relation","Text Understanding","Visual Reasoning"
"none","0.6461495222034851","0.6792858679285868","0.6318951392681594","0.6494845360824743","0.6042944785276073","0.5341234164282795","0.7235592146928436","0.5464231354642314","0.5238095238095238","0.7009063444108762"
