"split","Overall","Instance Attributes","Instance Identity","Instance Interaction","Instance Location","Instances Counting","Scene Understanding","Spatial Relation","Text Understanding","Visual Reasoning"
"none","0.7425519955030916","0.7545708754570876","0.7569634079737848","0.711340206185567","0.679959100204499","0.6804250102165917","0.7944901836605447","0.649923896499239","0.7738095238095238","0.8277945619335347"
