"Overall","choose","compare","logical","query","verify"
"52.70313245349022","65.45615589016829","61.460101867572156","75.65169162506933","37.0903747244673","72.82415630550622"
