"split","Overall","AR","CP","FP-C","FP-S","LR","RR","action_recognition","attribute_comparison","attribute_recognition","celebrity_recognition","function_reasoning","future_prediction","identity_reasoning","image_emotion","image_quality","image_scene","image_style","image_topic","nature_relation","object_localization","ocr","physical_property_reasoning","physical_relation","social_relation","spatial_relationship","structuralized_imagetext_understanding"
"dev","0.7603092783505154","0.8341708542713567","0.8243243243243243","0.6503496503496503","0.7747440273037542","0.6016949152542372","0.7304347826086957","0.8703703703703703","0.6818181818181818","0.8243243243243243","0.898989898989899","0.8987341772151899","0.475","0.9777777777777777","0.72","0.6981132075471698","0.9711538461538461","0.6981132075471698","0.9166666666666666","0.6875","0.5308641975308642","0.8717948717948718","0.68","0.5","0.9069767441860465","0.35555555555555557","0.6666666666666666"
