"split","Overall","acc","precision","recall"
"Overall","82.25985906786995","84.05555555555554","92.69991641125662","73.93333333333332"
"adversarial","80.77203204661325","82.39999999999999","89.00481540930978","73.93333333333332"
"popular","81.8450184501845","83.6","91.65289256198346","73.93333333333332"
"random","84.23851120394986","86.16666666666667","97.88172992056488","73.93333333333332"
