"Overall","choose","compare","logical","query","verify"
"55.358562569565905","79.62798937112488","59.9320882852292","74.70881863560732","38.51579720793534","77.39786856127886"
