"split","Overall","Instance Attributes","Instance Identity","Instance Interaction","Instance Location","Instances Counting","Scene Understanding","Spatial Relation","Text Understanding","Visual Reasoning"
"none","0.7077009555930298","0.7257474725747473","0.742217367558711","0.6907216494845361","0.6175869120654397","0.6379239885574173","0.7587080430652312","0.6149162861491628","0.6666666666666666","0.7583081570996979"
